/*--------------------------------*- C++ -*----------------------------------*\
| =========                 |                                                 |
| \\      /  F ield         | OpenFOAM: The Open Source CFD Toolbox           |
|  \\    /   O peration     | Version:  2512                                  |
|   \\  /    A nd           | Website:  www.openfoam.com                      |
|    \\/     M anipulation  |                                                 |
\*---------------------------------------------------------------------------*/
FoamFile
{
    version     2.0;
    format      ascii;
    arch        "LSB;label=32;scalar=64";
    note        "nPoints:71254  nCells:66982  nFaces:236573  nInternalFaces:100477";
    class       labelList;
    location    "constant/polyMesh";
    object      neighbour;
}
// * * * * * * * * * * * * * * * * * * * * * * * * * * * * * * * * * * * * * //


100477
(
3
8
49
39
41
71
4
39
157
4
41
118
7
39
51
25
63
229
33
60
55
118
13
14
115
12
30
165
42
43
45
76
88
26
36
20
97
50
99
110
17
22
115
18
26
21
24
23
46
103
32
90
22
28
130
29
199
31
141
34
58
37
44
45
93
31
136
35
80
107
133
145
47
144
57
71
55
150
70
153
38
40
38
147
86
85
90
95
65
221
66
96
89
96
220
48
70
113
128
52
122
95
151
83
123
126
156
54
127
54
56
104
69
72
74
140
59
91
62
75
61
120
61
126
191
64
82
64
228
73
67
124
67
243
179
78
105
189
134
162
137
149
75
215
81
121
129
172
283
135
247
135
146
167
79
89
93
196
94
198
84
119
84
284
98
152
332
87
142
87
204
154
146
223
109
131
148
160
105
161
188
308
102
153
216
211
128
173
100
164
100
101
113
111
163
112
266
114
127
116
122
117
119
125
166
124
185
120
143
197
117
212
111
213
187
167
168
169
159
237
171
172
195
297
170
174
175
125
240
176
129
177
183
246
180
132
182
178
139
232
138
144
159
162
179
247
140
287
277
139
155
176
262
142
343
291
194
147
227
275
145
155
164
255
202
205
175
356
160
217
151
315
278
178
250
263
209
276
252
158
272
158
181
233
303
355
298
305
214
169
273
218
206
223
193
225
267
201
202
231
181
215
173
232
238
241
224
333
251
239
208
238
194
242
192
271
235
231
248
184
226
186
256
186
206
207
203
274
190
306
190
196
282
192
197
257
245
302
261
239
288
316
336
200
201
200
236
289
319
330
219
310
205
210
280
270
264
285
213
292
210
9773
364
212
249
7389
219
286
304
317
217
279
6906
250
311
11656
222
309
222
226
312
326
225
299
260
342
254
265
230
240
230
314
296
320
259
234
323
235
11272
324
237
340
327
328
329
253
248
335
244
325
244
249
258
246
337
334
339
331
341
313
252
362
290
295
334
255
8792
336
281
342
338
8826
341
14559
335
363
300
321
313
350
263
7958
351
281
13372
280
352
268
351
268
293
13067
294
6274
7963
285
7827
272
8851
7618
274
349
7553
276
12845
10001
293
8352
279
347
10282
365
11565
8282
11527
284
353
359
13373
287
6481
350
328
346
361
7659
291
9953
363
7945
11658
13114
4244
8505
296
12873
12851
298
7462
7176
301
12030
301
7981
6274
321
9685
304
348
6365
307
318
307
11496
13868
309
358
6761
322
14125
343
11614
6785
8443
11582
315
12858
347
358
8282
324
353
6293
13815
361
7195
349
7518
10224
7051
7553
7618
11165
11949
339
14521
330
7827
348
12143
7945
360
7958
7195
7518
11996
333
7249
12009
8228
11985
338
344
9693
11628
8352
7659
12142
8409
8443
12796
354
8228
7084
8282
12043
360
9865
9867
8801
8970
9887
12008
8550
8859
11107
9792
11112
357
6973
357
362
11710
8500
7249
10351
13163
10472
10646
10664
365
9775
10408
494
1100
1101
1103
1104
1106
1107
1109
1110
1112
1113
1115
1116
1118
1119
2141
2140
2142
2143
3136
2144
3135
2145
3134
2146
3133
2147
3132
2148
3131
2149
3130
1697
2150
1565
2151
2139
2152
2153
2802
2154
2803
2155
2804
1136
2805
1137
2157
2156
2158
2159
3137
2160
2806
2161
2807
2162
2808
2163
2809
2164
2810
2165
2811
2166
2812
2167
2813
2168
2814
2169
2815
2170
2816
2171
2817
2172
2818
2173
2819
2174
2820
2175
2821
2176
2822
2177
2823
2178
2824
2179
2825
2180
2826
2181
2827
2182
2828
2183
2829
2184
2830
2185
2831
2186
2832
2187
2833
2188
2834
2189
2835
1172
2836
1173
1175
1176
1178
1179
2191
1182
2190
1183
1185
1186
1188
1189
2193
2192
2194
2195
3142
2196
3141
2197
3140
2198
3139
2199
3138
1198
2837
1199
1201
1202
2201
2200
2202
2203
3144
2204
3143
2205
2838
2206
2839
2207
2840
2208
2841
2209
2842
2210
2843
2211
2844
2212
2845
1216
2846
1217
2214
2213
2215
2216
3145
2217
2847
2218
2848
2219
2849
2220
2850
2221
2851
2222
2852
2223
2853
2224
2854
2225
2855
2226
2856
2227
2857
2228
2858
2229
2859
2230
2860
2231
2861
2232
2862
2233
2863
2234
2864
2235
2865
2236
2866
2237
2867
2238
2868
2239
2869
2240
2870
2241
2871
2242
2872
2243
2873
2244
2874
2245
2875
2246
2876
1252
2877
1253
1255
1256
2248
2247
2249
2250
3147
2251
3146
2252
2878
493
2879
493
494
4869
5515
1095
1095
1263
1264
2253
1266
3149
2254
3150
2255
3148
2256
2880
2257
2881
2258
2882
2259
2883
2260
2884
2261
2885
2262
2886
1277
2263
1279
2264
1281
2265
1283
2266
1285
2267
1287
2268
1289
2269
2270
3151
2271
2887
2272
2888
2273
2889
2274
2890
2275
2891
2276
2892
1299
2893
1300
1302
1303
1305
1306
1308
1309
1311
1312
1314
1315
1317
1318
2278
2277
2279
2280
3158
2281
3157
2282
3156
2283
3155
2284
3154
2285
3153
2286
3152
2287
2894
2288
2895
1330
2289
1332
2290
1334
2291
1336
2292
1338
2293
1340
2294
2295
3159
2296
2896
2297
2897
2298
2898
2299
2899
2300
2900
2301
2901
2302
2902
2303
2903
1351
2304
1353
2305
1355
2306
1357
2307
1359
2308
1361
2309
1363
2310
2311
3160
2312
2904
2313
2905
2314
2906
2315
2907
2316
2908
2317
2909
2318
2910
1373
2319
1375
2320
1377
2321
1379
2322
1381
2323
1383
2324
1385
2325
2326
3161
2327
2911
2328
2912
2329
2913
2330
2914
2331
2915
2332
2916
2333
2917
2334
2918
2335
2919
1397
2336
1399
2337
1401
2338
1403
2339
1405
2340
1407
2341
2342
3162
2343
2920
2344
2921
2345
2922
2346
2923
2347
2924
2348
2925
2349
2926
2350
2927
1418
2351
1420
2352
1422
2353
1424
2354
1426
2355
1428
2356
1430
2357
2358
3163
2359
2928
2360
2929
2361
2930
2362
2931
2363
2932
2364
2933
2365
2934
1440
2366
1442
2367
1444
2368
1446
2369
1448
2370
1450
2371
1452
2372
2373
3164
2374
2935
2375
2936
2376
2937
2377
2938
2378
2939
2379
2940
2380
2941
2381
2942
2382
2943
1464
2383
1466
2384
1468
2385
1470
2386
1472
2387
1474
2388
2389
3165
2390
2944
2391
2945
2392
2946
2393
2947
2394
2948
2395
2949
2396
2950
2397
2951
1485
2398
1487
2399
1489
2400
1491
2401
1493
2402
1495
2403
1497
2404
2405
3166
2406
2952
2407
2953
2408
2954
2409
2955
2410
2956
2411
2957
1507
2958
1508
1510
1511
1513
1514
1516
1517
1519
1520
1522
1523
1525
1526
1528
1529
2413
2412
2414
2415
3174
2416
3173
2417
3172
2418
3171
2419
3170
2420
3169
2421
3168
1540
3167
1541
1543
1544
1546
1547
1549
1550
1552
1553
1555
1556
2423
2422
2424
2425
3180
2426
3179
2427
3178
2428
3177
2429
3176
2430
3175
2431
2959
1096
1096
1567
1569
2432
2433
3183
2434
3182
2435
3181
2436
2960
2437
2961
2438
2962
1578
2963
1579
2440
1582
2439
1583
2442
1586
2441
1587
2444
1590
2443
1591
2446
2445
2447
2448
3184
2449
2964
2450
2965
2451
2966
2452
2967
2453
2968
1601
2969
1602
2455
1605
2454
1606
2457
1609
2456
1610
2459
1613
2458
1614
2461
2460
2462
2463
3185
2464
2970
2465
2971
2466
2972
2467
2973
2468
2974
2469
2975
2470
2976
2471
2977
1626
2472
2473
3186
1629
2474
2475
3187
1632
2476
2477
3188
2478
2978
2479
2979
2480
2980
2481
2981
2482
2982
2483
2983
2484
2984
2485
2985
2486
2986
1644
2487
2488
3189
1647
2489
2490
3190
1650
2491
2492
3191
1653
2493
2494
3192
2495
2987
2496
2988
2497
2989
2498
2990
2499
2991
2500
2992
2501
2993
1663
2502
2503
3193
1666
2504
2505
3194
1669
2506
2507
3195
1672
2508
2509
3196
2510
2994
2511
2995
2512
2996
2513
2997
2514
2998
2515
2999
2516
3000
2517
3001
2518
3002
1684
2519
2520
3197
1687
2521
2522
3198
1690
2523
2524
3199
2525
3003
2526
3004
2527
3005
2528
3006
2529
3007
1097
1097
1699
1701
2530
2531
3202
2532
3200
2533
3008
2534
3009
2535
3010
2536
3011
2537
3012
2538
3013
1712
3014
1713
1715
1716
1718
1719
1721
1722
1724
1725
1727
1728
2540
2539
2541
2542
3208
2543
3207
2544
3206
2545
3205
2546
3204
2547
3203
2548
3015
1739
3016
1740
1742
1743
1745
1746
1748
1749
1751
1752
1754
1755
1757
1758
2550
2549
2551
2552
3215
2553
3214
2554
3213
2555
3212
2556
3211
2557
3210
2558
3209
1768
2559
1770
2560
1772
2561
1774
2562
1776
2563
1778
2564
1780
2565
1782
2566
2567
3216
2568
3017
2569
3018
2570
3019
2571
3020
2572
3021
2573
3022
2574
3023
2575
3024
1793
2576
1795
2577
1797
2578
1799
2579
1801
2580
1803
2581
2582
3217
2583
3025
2584
3026
2585
3027
2586
3028
2587
3029
2588
3030
2589
3031
2590
3032
1814
2591
1816
2592
1818
2593
1820
2594
1822
2595
1824
2596
1826
2597
2598
3218
2599
3033
2600
3034
2601
3035
2602
3036
2603
3037
2604
3038
2605
3039
1836
2606
1838
2607
1840
2608
1842
2609
1844
2610
1846
2611
1848
2612
1850
2613
2614
3219
2615
3040
2616
3041
2617
3042
2618
3043
2619
3044
2620
3045
2621
3046
2622
3047
1861
2623
1863
2624
1865
2625
1867
2626
1869
2627
1871
2628
2629
3220
2630
3048
2631
3049
2632
3050
2633
3051
2634
3052
2635
3053
2636
3054
2637
3055
1882
2638
1884
2639
1886
2640
1888
2641
1890
2642
1892
2643
1894
2644
2645
3221
2646
3056
2647
3057
2648
3058
2649
3059
2650
3060
2651
3061
2652
3062
1904
2653
1906
2654
1908
2655
1910
2656
1912
2657
1914
2658
1916
2659
1918
2660
2661
3222
2662
3063
2663
3064
2664
3065
2665
3066
2666
3067
2667
3068
2668
3069
2669
3070
1929
2670
1931
2671
1933
2672
1935
2673
1937
2674
1939
2675
2676
3223
2677
3071
2678
3072
2679
3073
2680
3074
2681
3075
2682
3076
2683
3077
1950
3078
1951
1953
1954
1956
1957
1959
1960
1962
1963
1965
1966
1968
1969
2685
2684
2686
2687
3230
2688
3229
2689
3228
2690
3227
2691
3226
2692
3225
1979
3224
1980
1982
1983
1985
1986
1988
1989
1991
1992
1994
1995
1997
1998
2000
2001
2694
2693
2695
2696
3238
2697
3237
2698
3236
2699
3235
2700
3234
2701
3233
2702
3232
2012
3231
1098
1098
3201
2703
2704
2705
3239
2706
3079
2707
3080
2708
3081
2709
3082
2710
3083
2022
2711
2712
3240
2025
2713
2714
3241
2028
2715
2716
3242
2717
3084
2718
3085
2719
3086
2720
3087
2721
3088
2722
3089
2723
3090
2724
3091
2725
3092
2040
2726
2727
3243
2043
2728
2729
3244
2046
2730
2731
3245
2049
2732
2733
3246
2734
3093
2735
3094
2736
3095
2737
3096
2738
3097
2739
3098
2740
3099
2059
2741
2742
3247
2062
2743
2744
3248
2065
2745
2746
3249
2068
2747
2748
3250
2749
3100
2750
3101
2751
3102
2752
3103
2753
3104
2754
3105
2755
3106
2756
3107
2757
3108
2080
2758
2759
3251
2083
2760
2761
3252
2086
2762
2763
3253
2764
3109
2765
3110
2766
3111
2767
3112
2768
3113
2769
3114
2770
3115
2771
3116
2098
3117
2099
2773
2102
2772
2103
2775
2106
2774
2107
2777
2110
2776
2111
2779
2778
2780
2781
3254
2782
3118
2783
3119
2784
3120
2785
3121
2786
3122
2787
3123
2121
2788
2789
3255
2124
2790
2791
3256
2127
2792
2793
3257
2130
2794
2795
3258
2796
3124
2797
3125
2798
3126
2799
3127
2800
3128
2801
3129
4586
1566
3827
2013
1100
1101
5372
5368
1103
1104
4692
5491
1106
1107
4695
5493
1109
1110
4696
5495
1112
1113
4697
5497
1115
1116
4698
5499
1118
1119
4699
5501
2140
2141
2142
3136
2143
3135
2144
3134
2145
3133
2146
3132
2147
3131
2148
3130
1697
2149
1565
2150
2139
2151
2152
2802
2153
2803
2154
2804
2155
2805
1136
1137
5980
5613
2156
2157
2158
3137
2159
2806
2160
2807
2161
2808
2162
2809
2163
2810
2164
2811
2165
2812
2166
2813
2167
2814
2168
2815
2169
2816
2170
2817
2171
2818
2172
2819
2173
2820
2174
2821
2175
2822
2176
2823
2177
2824
2178
2825
2179
2826
2180
2827
2181
2828
2182
2829
2183
2830
2184
2831
2185
2832
2186
2833
2187
2834
2188
2835
2189
2836
1172
1173
5222
5621
1175
1176
4772
5503
1178
1179
4773
5505
2190
2191
1182
1183
4777
4776
1185
1186
5781
5507
1188
1189
4780
5509
2192
2193
2194
3142
2195
3141
2196
3140
2197
3139
2198
3138
2199
2837
1198
1199
5217
5624
1201
1202
4790
5511
2200
2201
2202
3144
2203
3143
2204
2838
2205
2839
2206
2840
2207
2841
2208
2842
2209
2843
2210
2844
2211
2845
2212
2846
1216
1217
6041
5632
2213
2214
2215
3145
2216
2847
2217
2848
2218
2849
2219
2850
2220
2851
2221
2852
2222
2853
2223
2854
2224
2855
2225
2856
2226
2857
2227
2858
2228
2859
2229
2860
2230
2861
2231
2862
2232
2863
2233
2864
2234
2865
2235
2866
2236
2867
2237
2868
2238
2869
2239
2870
2240
2871
2241
2872
2242
2873
2243
2874
2244
2875
2245
2876
2246
2877
1252
1253
5797
5653
1255
1256
4864
5513
2247
2248
2249
3147
2250
3146
2251
2878
2252
2879
1263
1264
4691
5657
1266
2253
4872
3149
3150
2254
3148
2255
2880
2256
2881
2257
2882
2258
2883
2259
2884
2260
2885
2261
2886
1277
2262
4589
1279
2263
3453
1281
2264
3456
1283
2265
3459
1285
2266
3462
1287
2267
3465
1289
2268
3469
2269
3151
2270
2887
2271
2888
2272
2889
2273
2890
2274
2891
2275
2892
2276
2893
1299
1300
4792
5667
1302
1303
4892
5517
1305
1306
4893
5519
1308
1309
4894
5521
1311
1312
4895
5523
1314
1315
4897
5525
1317
1318
4899
5527
2277
2278
2279
3158
2280
3157
2281
3156
2282
3155
2283
3154
2284
3153
2285
3152
2286
2894
2287
2895
1330
2288
4591
1332
2289
3515
1334
2290
3518
1336
2291
3521
1338
2292
3524
1340
2293
3528
2294
3159
2295
2896
2296
2897
2297
2898
2298
2899
2299
2900
2300
2901
2301
2902
2302
2903
1351
2303
4593
1353
2304
3545
1355
2305
3548
1357
2306
3551
1359
2307
3554
1361
2308
3557
1363
2309
3561
2310
3160
2311
2904
2312
2905
2313
2906
2314
2907
2315
2908
2316
2909
2317
2910
1373
2318
4595
1375
2319
3576
1377
2320
3579
1379
2321
3582
1381
2322
3585
1383
2323
3588
1385
2324
3592
2325
3161
2326
2911
2327
2912
2328
2913
2329
2914
2330
2915
2331
2916
2332
2917
2333
2918
2334
2919
1397
2335
4597
1399
2336
3609
1401
2337
3612
1403
2338
3615
1405
2339
3618
1407
2340
3622
2341
3162
2342
2920
2343
2921
2344
2922
2345
2923
2346
2924
2347
2925
2348
2926
2349
2927
1418
2350
4599
1420
2351
3639
1422
2352
3642
1424
2353
3645
1426
2354
3648
1428
2355
3651
1430
2356
3655
2357
3163
2358
2928
2359
2929
2360
2930
2361
2931
2362
2932
2363
2933
2364
2934
1440
2365
4601
1442
2366
3670
1444
2367
3673
1446
2368
3676
1448
2369
3679
1450
2370
3682
1452
2371
3686
2372
3164
2373
2935
2374
2936
2375
2937
2376
2938
2377
2939
2378
2940
2379
2941
2380
2942
2381
2943
1464
2382
4603
1466
2383
3703
1468
2384
3706
1470
2385
3709
1472
2386
3712
1474
2387
3716
2388
3165
2389
2944
2390
2945
2391
2946
2392
2947
2393
2948
2394
2949
2395
2950
2396
2951
1485
2397
4605
1487
2398
3733
1489
2399
3736
1491
2400
3739
1493
2401
3742
1495
2402
3745
1497
2403
3749
2404
3166
2405
2952
2406
2953
2407
2954
2408
2955
2409
2956
2410
2957
2411
2958
1507
1508
5723
5674
1510
1511
5019
5529
1513
1514
5021
5531
1516
1517
5023
5533
1519
1520
5025
5535
1522
1523
5027
5537
1525
1526
5029
5539
1528
1529
5031
5541
2412
2413
2414
3174
2415
3173
2416
3172
2417
3171
2418
3170
2419
3169
2420
3168
2421
3167
1540
1541
4775
5676
1543
1544
5036
5544
1546
1547
5038
5546
1549
1550
5040
5548
1552
1553
5042
5550
1555
1556
5044
5552
2422
2423
2424
3180
2425
3179
2426
3178
2427
3177
2428
3176
2429
3175
2430
2959
3823
2431
1568
3821
1569
3828
2432
3183
2433
3182
2434
3181
2435
2960
2436
2961
2437
2962
2438
2963
1578
1579
5058
5678
2439
2440
1582
1583
5056
5065
2441
2442
1586
1587
5071
5069
2443
2444
1590
1591
5068
5074
2445
2446
2447
3184
2448
2964
2449
2965
2450
2966
2451
2967
2452
2968
2453
2969
1601
1602
5718
5681
2454
2455
1605
1606
5091
5087
2456
2457
1609
1610
5095
5093
2458
2459
1613
1614
5090
5098
2460
2461
2462
3185
2463
2970
2464
2971
2465
2972
2466
2973
2467
2974
2468
2975
2469
2976
2470
2977
1626
2471
4607
2472
3186
1629
2473
4609
2474
3187
1632
2475
4611
2476
3188
2477
2978
2478
2979
2479
2980
2480
2981
2481
2982
2482
2983
2483
2984
2484
2985
2485
2986
1644
2486
4613
2487
3189
1647
2488
4615
2489
3190
1650
2490
4617
2491
3191
1653
2492
4619
2493
3192
2494
2987
2495
2988
2496
2989
2497
2990
2498
2991
2499
2992
2500
2993
1663
2501
4621
2502
3193
1666
2503
4623
2504
3194
1669
2505
4625
2506
3195
1672
2507
4627
2508
3196
2509
2994
2510
2995
2511
2996
2512
2997
2513
2998
2514
2999
2515
3000
2516
3001
2517
3002
1684
2518
4629
2519
3197
1687
2520
4631
2521
3198
1690
2522
4633
2523
3199
2524
3003
2525
3004
2526
3005
2527
3006
2528
3007
3983
2529
3827
1700
3986
1701
3987
2530
3202
2531
3200
2532
3008
2533
3009
2534
3010
2535
3011
2536
3012
2537
3013
2538
3014
1712
1713
6356
5712
1715
1716
5199
5555
1718
1719
5200
5557
1721
1722
5202
5559
1724
1725
5203
5561
1727
1728
5204
5563
2539
2540
2541
3208
2542
3207
2543
3206
2544
3205
2545
3204
2546
3203
2547
3015
2548
3016
1739
1740
5210
5715
1742
1743
5211
5566
1745
1746
5213
5569
1748
1749
5214
5572
1751
1752
5215
5574
1754
1755
5218
5576
1757
1758
5219
5578
2549
2550
2551
3215
2552
3214
2553
3213
2554
3212
2555
3211
2556
3210
2557
3209
1768
2558
4637
1770
2559
4062
1772
2560
4066
1774
2561
4070
1776
2562
4073
1778
2563
4076
1780
2564
4079
1782
2565
4083
2566
3216
2567
3017
2568
3018
2569
3019
2570
3020
2571
3021
2572
3022
2573
3023
2574
3024
1793
2575
4639
1795
2576
4105
1797
2577
4109
1799
2578
4113
1801
2579
4116
1803
2580
4120
2581
3217
2582
3025
2583
3026
2584
3027
2585
3028
2586
3029
2587
3030
2588
3031
2589
3032
1814
2590
4641
1816
2591
4143
1818
2592
4147
1820
2593
4151
1822
2594
4154
1824
2595
4157
1826
2596
4161
2597
3218
2598
3033
2599
3034
2600
3035
2601
3036
2602
3037
2603
3038
2604
3039
1836
2605
4643
1838
2606
4181
1840
2607
4185
1842
2608
4189
1844
2609
4192
1846
2610
4195
1848
2611
4198
1850
2612
4202
2613
3219
2614
3040
2615
3041
2616
3042
2617
3043
2618
3044
2619
3045
2620
3046
2621
3047
1861
2622
4645
1863
2623
4224
1865
2624
4228
1867
2625
4232
1869
2626
4235
1871
2627
4239
2628
3220
2629
3048
2630
3049
2631
3050
2632
3051
2633
3052
2634
3053
2635
3054
2636
3055
1882
2637
4647
1884
2638
4262
1886
2639
4266
1888
2640
4270
1890
2641
4273
1892
2642
4276
1894
2643
4280
2644
3221
2645
3056
2646
3057
2647
3058
2648
3059
2649
3060
2650
3061
2651
3062
1904
2652
4649
1906
2653
4300
1908
2654
4304
1910
2655
4308
1912
2656
4311
1914
2657
4314
1916
2658
4317
1918
2659
4321
2660
3222
2661
3063
2662
3064
2663
3065
2664
3066
2665
3067
2666
3068
2667
3069
2668
3070
1929
2669
4651
1931
2670
4343
1933
2671
4347
1935
2672
4351
1937
2673
4354
1939
2674
4358
2675
3223
2676
3071
2677
3072
2678
3073
2679
3074
2680
3075
2681
3076
2682
3077
2683
3078
1950
1951
7657
5746
1953
1954
5333
5581
1956
1957
5335
5584
1959
1960
5337
5587
1962
1963
5339
5589
1965
1966
5341
5591
1968
1969
5343
5593
2684
2685
2686
3230
2687
3229
2688
3228
2689
3227
2690
3226
2691
3225
2692
3224
1979
1980
5208
5748
1982
1983
5350
5596
1985
1986
5352
5599
1988
1989
5354
5602
1991
1992
5356
5604
1994
1995
5358
5606
1997
1998
5360
5608
2000
2001
5362
5610
2693
2694
2695
3238
2696
3237
2697
3236
2698
3235
2699
3234
2700
3233
2701
3232
2702
3231
2012
2013
5367
5198
2703
3201
2704
3239
2705
3079
2706
3080
2707
3081
2708
3082
2709
3083
2022
2710
4653
2711
3240
2025
2712
4655
2713
3241
2028
2714
4657
2715
3242
2716
3084
2717
3085
2718
3086
2719
3087
2720
3088
2721
3089
2722
3090
2723
3091
2724
3092
2040
2725
4659
2726
3243
2043
2727
4661
2728
3244
2046
2729
4663
2730
3245
2049
2731
4665
2732
3246
2733
3093
2734
3094
2735
3095
2736
3096
2737
3097
2738
3098
2739
3099
2059
2740
4667
2741
3247
2062
2742
4669
2743
3248
2065
2744
4671
2745
3249
2068
2746
4673
2747
3250
2748
3100
2749
3101
2750
3102
2751
3103
2752
3104
2753
3105
2754
3106
2755
3107
2756
3108
2080
2757
4675
2758
3251
2083
2759
4677
2760
3252
2086
2761
4679
2762
3253
2763
3109
2764
3110
2765
3111
2766
3112
2767
3113
2768
3114
2769
3115
2770
3116
2771
3117
2098
2099
5635
5766
2772
2773
2102
2103
5454
5450
2774
2775
2106
2107
5458
5456
2776
2777
2110
2111
5453
5461
2778
2779
2780
3254
2781
3118
2782
3119
2783
3120
2784
3121
2785
3122
2786
3123
2121
2787
4681
2788
3255
2124
2789
4683
2790
3256
2127
2791
4685
2792
3257
2130
2793
4687
2794
3258
2795
3124
2796
3125
2797
3126
2798
3127
2799
3128
2800
3129
2801
4586
4587
3290
3260
3259
3261
3263
3267
3271
3275
3279
3282
3285
3287
3289
3293
3294
3295
3296
3300
3298
3302
3306
3307
3308
3309
3310
3311
3312
3313
3314
3315
3316
3317
3318
3319
3320
3321
3322
3323
3324
3325
3326
3327
3328
3329
3330
3331
3332
3333
3334
3335
3336
3339
3338
3341
4783
3343
3345
3347
3351
3356
3361
3363
4793
3365
3368
4789
4799
4800
4801
4804
4807
3378
3379
3380
3384
3382
3386
4813
4816
3392
3393
3394
8415
4822
4824
3397
3398
3399
3400
3401
3402
3403
3404
3405
3406
3407
3408
3409
3410
3411
3412
3413
3414
3415
3416
3417
3418
3419
3421
4865
3423
3426
4862
3432
3435
3439
4871
4874
4875
4876
4877
4878
4879
3451
3452
3455
3458
3461
3464
3467
3471
4885
4886
4887
4888
4889
4797
3481
3483
4785
3485
3487
3490
3494
3498
3502
3507
4782
4906
3513
3514
3517
3520
3523
3526
3531
4912
4913
4914
4915
4916
4694
4918
4920
3543
3544
3547
3550
3553
3556
3559
3563
4926
4927
4928
4929
4930
4931
4932
3574
3575
3578
3581
3584
3587
3590
3594
4940
4941
4942
4943
4944
4945
4946
4947
4949
3607
3608
3611
3614
3617
3620
3625
4955
4956
4957
4958
4959
4960
4961
4963
3637
3638
3641
3644
3647
3650
3653
3657
4970
4971
4972
4973
4974
4975
4976
3668
3669
3672
3675
3678
3681
3684
3688
4983
4984
4985
4986
4987
4988
4989
4990
4992
3701
3702
3705
3708
3711
3714
3719
4998
4999
5000
5001
5002
5003
5004
5005
3731
3732
3735
3738
3741
3744
3747
3751
5012
5013
5014
5015
5016
5017
3761
3763
5033
3765
3767
3770
3774
3778
3782
3786
3791
3795
5046
3797
3799
3802
3806
3810
3815
3819
3288
3826
3832
3837
5061
4708
5060
3846
3849
3848
3852
3851
3855
3854
3860
3857
3862
5081
5078
5083
5084
5085
3870
3873
3872
3876
3875
3879
3878
3884
3881
3886
5107
5103
5109
5110
5111
5112
5113
5114
3897
5106
3900
5117
3903
3905
5125
5126
5127
5128
5129
5130
5131
5132
5133
3918
5122
3921
5136
3924
5140
3927
3929
5146
5147
5148
5149
5150
5151
5152
3940
5144
3943
5155
3946
5159
3949
3951
5164
5165
5166
5167
5168
5169
5170
5171
5172
3964
5162
3967
5175
3970
3972
5180
5181
5182
5183
3980
3286
4635
3991
3994
3996
3998
4000
4002
4003
4004
4006
4705
4008
4010
4013
4017
4021
4026
5186
4031
4033
4702
4035
4037
4040
4044
4048
4052
5225
4060
4061
4065
4069
4072
4075
4078
4081
4086
6009
4091
4093
4095
4097
4099
4100
4101
4103
4104
4108
4112
4115
4118
4123
5247
4128
4130
4132
4134
4136
4138
4139
4141
4142
4146
4150
4153
4156
4159
4164
5258
5259
4170
4172
4174
4176
4177
4179
4180
4184
4188
4191
4194
4197
4200
4205
6008
4210
4212
4214
4216
4218
4219
4220
4222
4223
4227
4231
4234
4237
4242
5287
4247
4249
4251
4253
4255
4257
4258
4260
4261
4265
4269
4272
4275
4278
4283
5299
5300
4289
4291
4293
4295
4296
4298
4299
4303
4307
4310
4313
4316
4319
4324
6003
4329
4331
4333
4335
4337
4338
4339
4341
4342
4346
4350
4353
4356
4361
5326
4366
4368
4370
4372
4374
4376
4377
4379
5345
4381
4383
4386
4390
4394
4398
4403
4407
5349
4409
4411
4414
4418
4422
4426
4430
4435
4439
4442
5376
5377
5375
5380
5381
4451
5382
4454
5386
4457
4459
5388
5389
5390
5391
5392
5393
5394
5395
5396
4472
5385
4475
5399
4478
5403
4481
4483
5409
5410
5411
5412
5413
5414
5415
4494
5407
4497
5418
4500
5421
4503
4505
5426
5427
5428
5429
5430
5431
5432
5433
5434
4518
5424
4521
5437
4524
4526
5441
5442
5443
5444
5445
5446
5447
5448
4538
4541
4540
4544
4543
4547
4546
4552
4549
4554
5467
5466
5470
5471
5472
5473
4563
5474
4566
5477
4569
5476
4572
4574
5486
5487
5483
5489
5490
4690
4584
4711
4710
4714
3297
4717
4718
4721
4722
4723
4724
4725
4726
4728
4730
4732
4734
4735
4736
4739
4741
4743
4744
4746
4748
4750
4752
4754
4756
4758
4760
4763
4766
4767
4770
3337
3362
3372
3373
3374
3375
3376
3377
4809
4810
3381
3390
3391
4818
4819
4821
3395
3396
4825
4828
4829
4831
4833
4836
4837
4838
4840
4842
4843
4845
4847
4848
4849
4850
4853
4855
4856
4857
4858
4860
4863
3420
3431
3433
3444
3445
3446
3447
3448
3449
3450
3475
3476
3477
3478
3479
3480
3482
3511
3512
3535
3536
3537
3538
3539
3540
3541
3542
3567
3568
3569
3570
3571
3572
3573
3598
3599
3600
3601
3602
3603
3604
3605
3606
3629
3630
3631
3632
3633
3634
3635
3636
3661
3662
3663
3664
3665
3666
3667
3692
3693
3694
3695
3696
3697
3698
3699
3700
3723
3724
3725
3726
3727
3728
3729
3730
3755
3756
3757
3758
3759
3760
3762
3822
3843
3844
3845
3847
3865
3866
3867
3868
3869
3871
3889
3890
3891
3892
3893
3894
3895
3896
3909
3910
3911
3912
3913
3914
3915
3916
3917
3933
3934
3935
3936
3937
3938
3939
3955
3956
3957
3958
3959
3960
3961
3962
3963
3976
3977
3978
3979
3982
3995
3997
3999
4001
5196
5191
4005
4030
4032
4090
4092
4094
4096
4098
5237
5238
4102
4127
4129
4131
4133
4135
4137
5252
4140
4168
4169
4171
4173
4175
5264
4178
4209
4211
4213
4215
4217
5277
5278
4221
4246
4248
4250
4252
4254
4256
5292
4259
4287
4288
4290
4292
4294
5304
4297
4328
4330
4332
4334
4336
5317
5318
4340
4365
4367
4369
4371
4373
4375
5332
4378
4446
4447
4448
4449
4450
4463
4464
4465
4466
4467
4468
4469
4470
4471
4487
4488
4489
4490
4491
4492
4493
4509
4510
4511
4512
4513
4514
4515
4516
4517
4530
4531
4532
4533
4534
4535
4536
4537
4539
4557
4558
4559
4560
4561
4562
4577
4578
4579
4580
4581
4582
3283
3280
3276
3272
3268
3264
3262
3305
3358
3353
3348
3346
3344
3370
3367
3389
3429
3425
3442
3434
3438
3474
3510
3504
3499
3495
3491
3488
3486
3534
3566
3597
3628
3660
3691
3722
3754
3792
3788
3783
3779
3775
3771
3768
3766
3818
3812
3807
3803
3800
3798
3840
3834
3831
3864
3888
3899
3902
3908
3920
3923
3926
3932
3942
3945
3948
3954
3966
3969
3975
5192
5371
3990
4029
4023
4018
4014
4011
4009
4057
4054
4049
4045
4041
4038
4036
4089
4126
4167
4208
4245
4286
4327
4364
4404
4400
4395
4391
4387
4384
4382
4436
4432
4427
4423
4419
4415
4412
4410
4445
4453
4456
4462
4474
4477
4480
4486
4496
4499
4502
4508
4520
4523
4529
4556
4565
4568
4571
3265
3292
3291
5502
3266
3269
3299
3303
3270
3273
3265
3266
6903
7807
3274
3277
3269
3270
6905
6904
3278
4703
3273
3274
8022
8308
3281
4706
3277
3278
6909
6907
3284
5484
3281
4703
5971
3984
4583
3284
4706
6574
3824
3985
3989
5438
3825
5425
3830
3835
4588
4700
3291
3292
6915
7767
4585
4713
4709
5773
4712
5408
3301
4715
3304
4716
3299
4715
7740
3301
5614
5981
3303
3304
6919
6924
3352
4787
4716
5404
4719
5775
4720
5776
5383
5387
5370
5777
5364
5774
5363
5772
5361
5771
4727
5359
4729
5357
4731
5355
4733
5353
5351
5778
4737
5618
4738
5344
4740
5342
4742
5340
5338
5779
4745
5336
4747
5334
4749
5325
4751
5312
4753
5298
4755
5286
4757
5272
4759
4761
4762
4764
4765
5232
4768
5246
4769
5220
3340
4778
3357
5216
3342
4907
3340
5506
6370
3342
5510
6016
3349
4771
3366
4798
3350
3354
4771
4786
3355
3359
3349
3350
6960
7475
3352
3360
6023
3354
3355
6921
8324
3357
4787
6969
3359
3360
8373
6982
3364
4794
3369
4788
3364
5512
6026
3366
3371
6029
3383
3387
3369
4798
6979
3371
4795
6031
5212
5783
5201
5785
4802
5784
4803
4805
4806
5188
4808
5189
4808
5179
5178
5786
3385
4812
3388
4814
3383
4812
6315
3385
5633
6042
3387
3388
7053
8408
3424
3427
4815
5787
4817
5163
4817
5156
5145
5789
4821
5788
4820
5141
4823
5137
4827
5124
5123
5790
4830
5119
4832
4834
4835
5079
5054
5104
5053
5791
4839
5051
4841
5049
5045
5792
4844
5043
4846
5041
5039
5793
5037
5617
4851
5616
4852
5032
4854
5030
5028
5795
5026
5794
5024
5615
4859
5022
4861
4870
3422
4866
3428
4997
3422
5514
6164
3424
3430
7033
3437
3440
3427
3428
8159
8544
3430
4867
6030
4862
4868
4873
5659
3441
4954
3436
3443
3436
3437
7032
7119
3468
3472
3440
3441
7047
7042
3443
5799
6077
4871
5798
4874
5801
4875
4911
4876
4901
4900
5803
4898
5802
3473
4896
4590
4880
3454
4882
3454
4880
6100
3457
4881
3457
4882
7068
3460
4883
3460
4881
6082
3463
4884
3463
4883
7046
3466
4811
3466
4884
6080
3468
3470
7063
3470
4811
7065
3472
3473
7060
8474
3503
3508
4885
5804
4886
5805
4887
5806
4888
5807
4796
4889
4791
4890
3484
4784
3509
4781
3484
5528
6018
3489
3492
3527
3532
3493
3496
3489
4902
5983
3497
3500
3492
3493
6923
6899
3501
3505
3496
3497
8025
9454
3506
3510
3500
3501
7092
7090
3503
4891
6110
3505
3506
7058
7095
3508
3509
7081
7086
4891
4905
5782
3533
4939
4592
4904
3516
4903
3516
4904
7094
3519
4909
3519
4903
5969
3522
4910
3522
4909
6897
3525
3529
3525
4910
5967
3527
3530
6118
3529
3530
9275
7106
3532
3533
7833
7103
3560
3564
4912
5809
4913
5810
4914
5811
4915
5812
4693
4916
4917
5485
4938
5813
3565
5770
4594
4921
3546
4923
3546
4921
8128
3549
4922
3549
4923
6881
3552
4924
3552
4922
8126
3555
4925
3555
4924
6879
3558
4908
3558
4925
6877
3560
3562
6129
3562
4908
6130
3564
3565
9506
8512
3591
3595
4926
5815
4927
5769
4928
5768
4929
5765
4930
5764
5763
5817
3596
5762
4596
4933
3577
4935
3577
4933
8115
3580
4934
3580
4935
8114
3583
4936
3583
4934
6874
3586
4937
3586
4936
8113
3589
4919
3589
4937
6868
3591
3593
7134
3593
4919
7110
3595
3596
9509
8525
3621
3626
4940
5818
4941
5761
4942
5760
4943
5759
4944
5758
4945
5757
5756
5820
4969
5819
3627
5020
4598
4950
3610
4952
3610
4950
7351
3613
4951
3613
4952
6855
3616
4953
3616
4951
8108
3619
3623
3619
4953
6854
3621
3624
6148
3623
3624
8520
7152
3626
3627
7342
7149
3654
3658
4955
5822
4956
5823
4957
5755
4958
5754
4959
5753
5752
5825
4982
5824
3659
5751
4600
4964
3640
4966
3640
4964
7318
3643
4965
3643
4966
8099
3646
4967
3646
4965
6835
3649
4968
3649
4967
8097
3652
4948
3652
4968
6833
3654
3656
7173
3656
4948
7175
3658
3659
7169
8541
3685
3689
4970
5827
4971
5750
4972
5745
4973
5744
4974
5743
5742
5829
3690
5741
4602
4977
3671
4979
3671
4977
6829
3674
4978
3674
4979
7293
3677
4980
3677
4978
6825
3680
4981
3680
4980
8087
3683
4962
3683
4981
6823
3685
3687
7191
3687
4962
7193
3689
3690
7188
8552
3715
3720
4983
5830
4984
5740
4985
5739
4986
5738
4987
5737
4988
5736
5735
5832
5011
5831
3721
5734
4604
4993
3704
4995
3704
4993
6819
3707
4994
3707
4995
7219
3710
4996
3710
4994
8076
3713
3717
3713
4996
6818
3715
3718
6175
3717
3718
8549
7215
3720
3721
7204
7211
3748
3752
4998
5834
4999
5835
5000
5733
5001
5732
5002
5731
5730
5838
5729
5837
3753
5728
4606
5006
3734
5008
3734
5006
7230
3737
5007
3737
5008
8071
3740
5009
3740
5007
6806
3743
5010
3743
5009
8070
3746
4991
3746
5010
6804
3748
3750
7236
3750
4991
7223
3752
3753
8581
8584
3787
4774
5012
5839
5013
5727
5014
5726
5015
5725
5016
5724
5722
5840
3764
5034
3817
3820
3764
5543
6802
3769
3772
3811
3816
3773
3776
3769
5035
6801
3777
3780
3772
3773
8046
8056
3781
3784
3776
3777
7259
7258
3785
3789
3780
3781
8199
8606
3790
3793
3784
3785
7263
7261
3787
3794
6208
3789
3790
7231
9419
3796
5047
3793
3794
7268
7266
3796
5554
6209
3801
3804
3833
3838
3805
3808
3801
5048
6800
3809
3813
3804
3805
8048
8053
3814
3818
3808
3809
7282
7281
3811
5018
7265
3813
3814
8204
7284
3816
3817
8201
8432
5018
3820
3821
6220
3829
3839
5064
3824
3825
7288
7286
3836
3841
3981
3829
3830
6221
8614
3859
5050
3833
3842
6229
3835
3836
8618
7298
3838
3839
7272
7773
3841
3842
8879
8609
4707
5846
5059
5062
5057
5063
3850
5055
3863
5086
3853
5073
3850
5679
6227
3856
5067
3853
5066
6226
3858
3861
3856
5070
6225
3858
3859
7305
7314
3861
5076
6242
3863
5050
6243
3883
5080
5077
5853
5082
5721
5720
5854
5719
5852
5717
5851
3874
5101
3887
5118
3877
5097
3874
5682
6793
3880
5089
3877
5088
6791
3882
3885
3880
5094
6790
3882
3883
7126
7343
3885
5100
6256
3887
5080
6259
3898
5105
5102
5859
5108
5714
5711
5860
5710
5858
5709
5855
5708
5857
5707
5856
3907
5706
3898
4608
6787
3901
5116
3901
4610
6784
3904
3906
3904
4612
6783
3906
3907
8034
8729
3919
5121
5866
5867
5705
5865
5704
5864
5703
5863
5702
5862
5701
5861
5700
5849
5699
5848
3931
5698
3919
4614
6776
3922
5135
3922
4616
6773
3925
5139
3925
4618
6771
3928
3930
3928
4620
8030
3930
3931
7362
7391
3941
5143
5873
5874
5697
5872
5696
5871
5695
5870
5694
5869
5693
5868
3953
5692
3941
4622
6760
3944
5154
3944
4624
6755
3947
5158
3947
4626
6753
3950
3952
3950
4628
6752
3952
3953
8032
8751
3965
5161
5879
5880
5691
5878
5690
5877
5689
5876
5688
5875
5687
5844
5686
5843
5685
5842
3974
5187
3965
4630
6747
3968
5174
3968
4632
6745
3971
3973
3971
4634
6744
3973
3974
8019
8767
3992
4636
5884
5885
5684
5883
5683
5882
5184
5881
3981
5184
3986
3993
5052
3984
3985
7450
8015
3988
3988
3989
6340
8772
4022
4027
3992
3993
7456
7454
3995
5052
5177
3997
5177
5193
3999
5193
5194
4001
5194
5195
5195
5887
5190
5886
4007
4704
4028
5185
4007
5565
6740
4012
4015
4053
5680
4016
4019
4012
5206
7448
4020
4024
4015
4016
8222
8009
4025
4029
4019
4020
7489
7488
4022
5197
8012
4024
4025
8226
7491
4027
4028
8655
7486
5197
5205
5209
4034
4701
4088
6009
4034
5580
6364
4039
4042
4082
4087
4043
4046
4039
5224
6736
4047
4050
4042
4043
8005
8006
4051
4055
4046
4047
7508
7507
4056
4058
4050
4051
7512
7510
4053
4059
6378
4055
4056
7484
8788
4058
4059
8800
7503
4063
4638
4064
4067
4063
4064
7515
7514
4068
5227
4067
4068
7519
7517
4071
5226
4071
5227
6383
4074
5228
4074
5226
6380
4077
5229
4077
5228
6734
4080
4084
4080
5229
7523
4082
4085
6389
4084
4085
8229
7525
4087
4088
10499
8813
4119
4124
5231
5233
4092
5231
5230
4094
5230
5234
4096
5234
5235
4098
5235
5236
5236
5890
5239
5889
5223
5240
4125
6733
4106
4640
4107
4110
4106
4107
8827
7999
4111
5242
4110
4111
7537
7535
4114
5243
4114
5242
6397
4117
4121
4117
5243
7998
4119
4122
6398
4121
4122
8283
7540
4124
4125
6978
8166
4160
4165
5245
5247
4129
5245
5244
4131
5244
5248
4133
5248
5249
4135
5249
5250
4137
5250
5251
5251
5892
5241
5891
4166
5260
4144
4642
4145
4148
4144
4145
7546
7992
4149
5254
4148
4149
7549
7547
4152
5256
4152
5254
6406
4155
5255
4155
5256
7991
4158
4162
4158
5255
6720
4160
4163
6407
4162
4163
8824
7552
4165
4166
6917
8835
4201
4206
5258
6408
5257
5259
4171
5257
5261
4173
5261
5262
4175
5262
5263
5263
5894
5253
5893
4207
6714
4182
4644
4183
4186
4182
4183
7561
7985
4187
5266
4186
4187
7564
7562
4190
5268
4190
5266
6413
4193
5267
4193
5268
7984
4196
5269
4196
5267
7983
4199
4203
4199
5269
6711
4201
4204
6415
4203
4204
7982
7570
4206
4207
8123
7568
4238
4243
5271
5273
4211
5271
5270
4213
5270
5274
4215
5274
5275
4217
5275
5276
5276
5896
5279
5895
5265
5280
4242
6708
4225
4646
4226
4229
4225
4226
8319
7978
4230
5282
4229
4230
7578
7576
4233
5283
4233
5282
6422
4236
4240
4236
5283
7977
4238
4241
6423
4240
4241
8280
7581
4243
9832
10739
13318
4279
4284
5285
5287
4248
5285
5284
4250
5284
5288
4252
5288
5289
4254
5289
5290
4256
5290
5291
5291
5898
5281
5897
4285
5673
4263
4648
4264
4267
4263
4264
7594
7972
4268
5294
4267
4268
7597
7595
4271
5296
4271
5294
6433
4274
5295
4274
5296
7971
4277
4281
4277
5295
6698
4279
4282
6434
4281
4282
8852
7602
4284
4285
9847
8863
4320
4325
5299
6435
5297
5300
4290
5297
5301
4292
5301
5302
4294
5302
5303
5303
5900
5293
5899
4326
6692
4301
4650
4302
4305
4301
4302
7614
7967
4306
5306
4305
4306
7617
7615
4309
5308
4309
5306
6443
4312
5307
4312
5308
7966
4315
5309
4315
5307
7965
4318
4322
4318
5309
6689
4320
4323
6445
4322
4323
7964
7621
4325
4326
7611
7155
4357
4362
5311
5313
4330
5311
5310
4332
5310
5314
4334
5314
5315
4336
5315
5316
5316
5906
5319
5905
5305
5320
4363
6684
4344
4652
4345
4348
4344
4345
7632
7960
4349
5321
4348
4349
7635
7633
4352
5322
4352
5321
7637
4355
4359
4355
5322
6678
4357
4360
6458
4359
4360
7959
7640
4362
4363
8083
7638
4399
5207
5324
5326
4367
5324
5323
4369
5323
5327
4371
5327
5328
4373
5328
5329
4375
5329
5330
5330
5331
4380
5346
4444
5379
4380
5595
6674
4385
4388
4431
5670
4389
4392
4385
5347
6671
4393
4396
4388
4389
7951
7954
4397
4401
4392
4393
7669
7668
4402
4405
4396
4397
7673
7671
4399
4406
6491
4401
4402
7631
8877
4408
5348
4405
4406
7677
7675
4408
5612
6672
4413
4416
4441
4443
4417
4420
4413
5366
7607
4421
4424
4416
4417
8245
7952
4425
4428
4420
4421
7696
7695
4429
4433
4424
4425
8138
8921
4434
4437
4428
4429
7700
7698
4431
4438
6510
4433
4434
7665
9507
4440
5365
4437
4438
7703
7702
4440
4441
7655
7692
4443
4444
7691
8905
4452
5928
5923
5924
5374
5921
5378
5671
5926
5927
4461
5669
4452
4654
6667
4455
5400
4455
4656
6665
4458
4460
4458
4658
7947
4460
4461
7656
7722
4473
5384
5930
5931
5666
5919
5665
5918
5664
5917
5663
5916
5662
5915
5661
5914
5660
5913
4485
5480
4473
4660
6660
4476
5398
4476
4662
6658
4479
5402
4479
4664
6656
4482
4484
4482
4666
6655
4484
4485
7946
8958
4495
5406
5937
5938
5656
5936
5655
5935
5652
5934
5651
5933
5650
5932
4507
5649
4495
4668
6653
4498
5417
4498
4670
6651
4501
5420
4501
4672
6649
4504
4506
4504
4674
6648
4506
4507
7942
8967
4519
5423
5942
5943
5648
5941
5647
5940
5646
5939
5645
5910
5644
5909
5643
5908
5642
5672
4528
5449
4519
4676
6646
4522
5436
4522
4678
6644
4525
4527
4525
4680
7938
4527
4528
7761
8963
4551
5440
5947
5948
5641
5946
5640
5945
5639
5944
5638
5904
5637
5903
5636
5902
5634
5901
4542
5464
4555
5469
4545
5460
4542
5767
6640
4548
5452
4545
5451
6639
4550
4553
4548
5457
6638
4550
4551
8039
7830
4553
5463
6590
4555
5440
6593
4564
5955
5465
5952
5468
5631
5630
5954
5629
5953
5628
5949
4576
5627
4564
4682
6636
4567
5479
4567
4684
6634
4570
5475
4570
4686
6632
4573
4575
4573
4688
6631
4575
4576
7929
9007
5959
5960
5482
5958
5488
5620
5619
5961
5481
5957
4583
5484
7925
4585
4700
6613
4689
4588
5425
6616
4590
5800
7419
4592
5808
6663
4594
5814
6669
4596
5816
6675
4598
5821
6687
4600
5826
6695
4602
5828
7313
4604
5833
7225
4606
5836
6718
4608
5850
6729
4610
5115
6750
4612
5120
7589
4614
5847
6751
4616
5134
6757
4618
5138
8029
4620
5142
6758
4622
5845
6759
4624
5153
6763
4626
5157
6765
4628
5160
6767
4630
5841
6769
4632
5173
6779
4634
5176
6781
4636
5922
7686
4638
5888
8036
4640
5223
6964
4642
5241
8050
4644
5253
8061
4646
5265
6902
4648
5281
8073
4650
5293
8077
4652
5305
8080
4654
5925
6826
4656
5920
6836
4658
5929
7664
4660
5912
6838
4662
5397
6844
4664
5401
6846
4666
5405
6849
4668
5911
6852
4670
5416
6858
4672
5419
6860
4674
5422
6862
4676
5907
6864
4678
5435
6870
4680
5439
7803
4682
5951
6872
4684
5950
6882
4686
5956
6884
4688
5478
6886
4690
4691
5481
5658
5369
6612
4694
5962
4917
5492
5963
5494
6615
5496
6628
5498
6627
5500
6626
5968
4702
7483
5224
6376
4705
6604
5206
7481
4708
6591
5062
4710
6232
4712
4713
5773
5977
5973
5408
5978
5979
6555
5404
5775
4719
4720
7801
8234
5387
5776
5383
5777
5370
5774
5364
5772
5363
5771
4727
5361
6624
4729
5359
5992
4731
5357
5993
4733
5355
5994
5353
5778
5351
5618
4737
4738
7506
7922
4740
5344
6486
4742
5342
5998
5340
5779
4745
5338
5997
4747
5336
5999
4749
5334
6000
4751
5325
6002
4753
5312
6004
4755
5298
6005
4757
5286
6007
4759
5272
6952
4761
4762
8143
6953
4764
4765
8141
7554
5232
5246
4768
4769
6957
6955
5220
5221
6012
5623
6013
5504
6011
4775
7255
6954
4779
5780
4778
4779
7715
7919
5508
6374
4782
6019
5782
4786
4907
4785
6971
4902
7085
6021
4789
6602
5783
5626
6027
4792
8391
6976
4794
4795
7075
6985
4797
6028
4890
7074
5212
5785
5201
5784
4802
4803
6975
8392
4805
4806
8399
7473
5188
5189
6037
5179
5786
5178
6035
6039
7005
4814
4815
7437
7002
5163
5787
6045
5156
5789
5145
5788
6040
8415
8415
4823
5141
6048
4826
5137
4826
4827
7011
6994
5124
5790
4830
5123
6051
4832
5119
6054
4834
4835
7587
7015
5079
5104
5054
5791
4839
5053
6022
4841
5051
6061
5049
5792
4844
5045
6620
4846
5043
6064
5041
5793
5039
5617
5037
5616
4851
4852
7022
7918
4854
5032
6206
5030
5795
5028
5794
5026
5615
4859
5024
6618
4861
5022
6068
4997
4870
5796
5654
6070
4866
4867
7291
7915
4869
7029
7030
7038
4954
4873
5799
7041
5798
5801
4911
4901
5803
4900
5802
4898
5800
7059
6102
6089
7045
6090
4896
5804
5805
5806
5807
6097
6360
5668
6099
5518
6098
5520
6096
5522
6095
6104
5524
6105
6106
5526
6108
7082
6087
6084
6622
6112
4906
7101
5808
7098
6371
7116
6113
6115
4939
5809
5810
5811
5812
6124
5485
5813
6125
4938
5814
6126
8125
7115
6888
6127
5770
5815
5769
5768
5765
5764
5817
5763
5816
6136
6875
7132
8116
7133
6893
6890
5762
5818
5761
5760
5759
5758
5757
5820
5756
5819
6144
4969
5821
6145
8106
7148
6856
6147
5020
5822
5823
5755
5754
5753
5825
5752
5824
6155
4982
5826
6156
6840
7170
8096
7171
7172
5751
5827
5750
5745
5744
5743
5829
5742
5828
7187
6831
6163
8086
7189
7190
5741
5830
5740
5739
5738
5737
5736
5832
5735
5831
6171
5011
5833
7209
8079
6173
6821
6174
5734
5834
5835
5733
5732
5731
5838
5730
5837
5729
5836
6183
6807
7233
8069
7234
6185
5728
5839
5727
5726
5725
5724
5840
6192
5675
6193
6194
5530
6195
6196
5532
6198
7242
5534
6199
6200
5536
6202
7247
5538
6203
6204
5540
5542
7250
5034
5035
8440
7252
5677
6803
6210
5545
6212
7027
5547
6213
6214
5549
6217
6218
5551
5553
7276
5047
5048
7246
7278
6222
6062
6235
6060
6342
6058
5056
7529
7294
5058
7846
7256
5060
6238
5063
5064
5846
6231
5972
6230
5066
7294
7302
5068
7543
5075
5070
5072
7306
5072
5073
7308
7280
5075
5076
9159
7310
5078
5974
5082
6247
6055
5086
5853
6246
5721
5854
5720
5852
5719
5851
6245
5088
5092
7331
5090
7997
5099
5092
5101
7301
5094
5096
7335
5096
5097
7274
6228
5099
5100
9155
7339
6234
5103
6798
5108
6263
5106
6056
5115
5118
5859
6262
5714
5860
5711
5858
5710
5855
5709
5857
5708
5856
5707
5850
7363
5117
6257
5120
6261
6795
6053
5122
6275
5134
6295
7014
5706
5866
5865
5867
5705
5864
5704
5863
5703
5862
5702
5861
5701
5849
5700
5848
5699
5847
7361
5136
6276
5138
6299
6049
5140
6294
5142
6301
7382
5144
6298
5153
7406
5698
5873
5872
5874
5697
5871
5696
5870
5695
5869
5694
5868
5693
5845
7405
5155
6300
5157
7410
7413
5159
6312
5160
7404
5162
6313
5173
6328
5692
5879
5878
5880
5691
5877
5690
5876
5689
5875
5688
5844
5687
5843
5686
5842
5685
5841
7434
5175
6314
5176
7055
7435
7459
6998
5187
5884
5883
5885
5684
5882
5683
5881
6340
5186
6742
5205
6366
6749
6995
5191
6036
6346
5198
5365
6348
6349
6351
5886
5887
6352
5367
5713
6354
5556
6353
6357
5558
6359
5560
6350
5562
5564
6362
6341
5208
7667
7485
5210
7480
7346
5567
5716
6367
5568
5570
5571
6363
5573
6345
5217
8147
5625
5575
6373
5577
5579
6375
5222
7500
5622
6014
8001
5680
5888
6381
6385
6737
6387
6388
6392
6391
6009
6522
6390
6394
6395
5889
5890
5239
5240
7433
8320
6990
6727
6988
6730
6401
6400
6010
6399
6402
6403
6404
5891
5892
6931
6715
6722
6928
6721
5260
6408
6409
6724
6717
6410
5893
5894
6412
6709
7988
7567
6712
6414
6417
7572
6008
6530
6416
6419
6420
5895
5896
5279
5280
6912
8847
7575
6703
7980
6705
6428
6425
6006
6424
6429
6430
6431
5897
5898
7593
6693
6701
7599
6699
6437
5673
6435
6436
6697
6440
5899
5900
6442
6685
7970
7620
6690
6444
6451
6448
6003
6549
6447
6453
6454
5905
5906
5319
5320
8884
7626
6456
6682
6679
6463
6460
6001
6459
6464
6465
6466
5332
7650
6467
5582
5747
6468
5583
5585
6471
5586
6474
6475
5588
6478
6479
5590
6482
6483
5592
5594
6485
5346
5347
8351
7660
5349
6489
5366
5597
5749
6493
5598
5600
7682
5601
6495
6496
5603
6499
6500
5605
6503
6504
5607
6506
7070
5609
5611
7688
6938
5985
6347
5670
5369
5373
7705
7037
5438
5922
5373
5516
7707
5375
6355
5378
5379
5923
5921
5924
6517
6514
5671
5926
5925
5927
5920
5928
7717
5385
5986
5397
5400
5929
6532
5669
5930
5919
5931
5666
5918
5665
5917
5664
5916
5663
5915
5662
5914
5661
5913
5660
5912
6933
5399
6525
5401
6551
6524
5403
6546
5405
7744
5984
5407
6548
5416
7764
5480
5937
5936
5938
5656
5935
5655
5934
5652
5933
5651
5932
5650
5911
7762
5418
6553
5419
7770
5421
6561
5422
7772
5424
6562
5435
6573
5649
5942
5941
5943
5648
5940
5647
5939
5646
5910
5645
5909
5644
5908
5643
5672
5642
5907
7798
5437
6563
5439
10003
5988
6572
5449
5947
5946
5948
5641
5945
5640
5944
5639
5904
5638
5903
5637
5902
5636
5901
7820
5451
5455
7821
5453
7934
5462
5455
5464
7797
5457
5459
7824
5459
5460
7826
7943
5462
5463
9048
7828
6571
5466
6642
5468
5469
5952
6596
6595
5631
5954
5630
5953
5629
5949
5628
5951
5950
5955
5476
6601
5478
5479
5956
7844
6446
7848
6662
5483
6629
5488
7857
6610
5627
5959
5958
5960
6609
5620
5961
5619
5957
5492
6612
7852
5494
5963
7861
5496
6615
7863
5498
6628
7865
5500
6627
8299
5502
6626
7867
5504
6013
8329
5506
6011
7869
5508
6947
7871
5510
6374
7872
5512
6027
7874
5514
6070
7877
5516
7030
7879
5518
6099
7881
5520
6098
8388
5522
6096
7883
5524
6095
8371
5526
6105
7885
5528
6108
7886
5530
6193
8563
5532
6195
7888
5534
6198
9425
5536
6199
7890
5538
6202
9424
5540
6203
7892
5542
5543
8442
7893
5545
6803
7248
5547
6212
8418
5549
6213
7895
5551
6217
8425
5553
5554
8433
7897
5556
6354
7275
5558
6353
7899
5560
6359
8380
5562
6350
7901
5564
5565
7478
7903
5567
5568
7469
7461
5570
5571
6993
8396
5573
6363
7496
5575
6345
8384
5577
6373
7906
5579
5580
8637
7907
5582
5583
7493
7451
5585
5586
6949
7653
5588
6474
8334
5590
6478
7909
5592
6482
8338
5594
5595
8354
7911
5597
5598
8895
7658
5600
5601
6945
8348
5603
6495
7680
5605
6499
8340
5607
6503
7913
5609
6506
9439
5611
5612
8341
8643
5614
5980
6507
5970
6067
7020
6065
5996
6992
5622
5623
9004
7930
5625
5626
8782
7501
6033
8130
6599
6598
7837
5633
7001
7935
5635
7605
7124
6587
6586
7816
6585
6583
6580
6577
6570
6568
7793
6567
7790
6566
7784
7721
6559
6558
5654
7023
9426
6071
6557
5658
5659
6662
6937
6078
6544
6543
7735
6542
6541
6538
5668
6976
9066
6109
5985
6677
6513
6569
5675
6951
7975
5677
6954
9107
5679
7256
8002
6241
5682
6900
8013
6255
6338
6335
6325
6324
7387
6322
6321
6320
6319
6044
6310
6309
6308
6307
6306
6047
6292
6291
6290
6289
6288
6285
6284
6050
6273
6272
6269
6266
5713
7468
8041
8092
5716
7346
8043
5718
7160
6900
6253
6252
6248
5723
8192
6951
7146
6190
6189
6188
6187
7221
6181
7181
6179
6178
6177
6069
7205
6169
6168
6167
6166
6165
6842
7186
6160
6159
5747
7657
7601
5749
7485
9187
6509
6158
6866
7162
6154
6153
6151
7141
6143
6142
6141
6140
6139
6083
7129
6134
5767
7124
8119
6589
6133
6132
6128
5991
5990
5976
5989
6929
6533
5987
5995
5781
6948
6947
6017
6015
6025
6369
6034
6038
6043
7009
6046
6052
6057
6063
7018
6066
5797
7024
7023
6072
7050
6079
5975
7049
7057
6086
6092
6075
6073
7006
6088
6121
6119
5965
5964
7112
6111
7118
7113
6135
6138
7142
7140
6137
6150
6149
7163
7161
6146
6157
7167
6161
7196
7206
6170
6162
6176
7217
6172
7227
6180
7237
6191
6316
7430
7427
7424
7388
7295
6278
7379
7376
6184
7329
6249
7321
7326
6267
7358
6270
7355
7349
7352
7375
7372
6286
7368
6283
6282
6280
7401
7398
7397
7072
6305
6304
6303
7422
7421
7035
6318
6317
7334
6339
7441
6334
6333
6331
7465
7241
6327
7532
6396
7544
6405
7558
6411
7574
6421
7591
6432
7608
6441
7818
7817
7815
6584
7629
6455
7776
7794
7792
7791
7747
6534
7737
7736
7734
7731
6539
7728
7727
7716
6516
7439
7711
6515
6457
6518
6512
6492
6527
6529
6536
7759
7756
7754
7751
7749
6556
7748
7789
7785
7783
6565
7779
6581
7811
7810
6576
6575
7842
7847
7804
7835
7838
6597
7834
6936
7858
6606
6608
7849
5966
6124
6891
6611
6892
5966
6120
9010
6114
8301
6617
7855
6623
7854
6201
7243
6377
7679
6240
7845
5990
6614
6246
6251
6116
6914
6939
7037
6233
7765
5980
6809
5982
7741
5982
6508
8901
6085
6922
6547
6850
6511
6661
6932
6920
7684
6564
7802
7746
7800
6934
6940
7937
6501
6505
6497
6502
6498
7683
6476
6479
7299
7851
6472
6477
6480
6484
6469
6473
6461
6470
6554
6684
6449
6462
6692
6438
6450
6426
6439
6537
6708
6427
7725
6714
6521
6733
8366
6959
8162
6962
6963
8304
6368
6603
7099
7873
6020
7712
6972
7887
6020
7088
8927
6024
6968
6236
6344
6024
6983
8918
6358
6974
7076
7876
6981
6074
6097
6032
7122
7040
7917
6032
6986
8894
6607
9009
6999
7647
6041
6811
6332
7644
6997
7643
6329
7003
6081
7066
7000
7384
7001
7004
7936
7000
7408
6281
7425
6330
7411
6296
7014
6279
7296
6299
6302
6277
8212
6268
7377
6297
6796
6059
6343
6258
7588
6797
7586
6260
7345
6789
7364
6224
7557
6059
6265
8839
7455
8220
6223
6237
6244
7316
6216
7530
6215
6219
6494
7505
6205
7464
6211
7257
6197
7444
7207
7442
8451
7755
7757
6914
7028
6074
6076
8762
6076
6094
8456
7031
7050
6535
8136
6107
7418
6081
6091
9702
6103
7044
7114
7415
6085
6971
8750
6093
6918
6117
7409
6122
7056
6101
7395
6091
7061
9716
6093
6094
9778
9455
6961
8489
7078
6984
8485
6101
7709
9466
6103
7642
8486
6918
8476
8491
6107
7062
9471
8458
6528
7724
6361
7080
7073
7089
6664
7117
6114
7102
8481
6116
6117
9299
9487
7107
7832
6120
6123
8499
6122
6123
9434
9492
7105
6869
7109
6670
8271
6880
7108
7069
7689
6131
8467
6131
6372
8477
7089
8510
7073
7385
7123
7383
7127
7135
6676
8293
7130
7154
6152
7370
7127
8526
7135
7136
7136
7137
7137
7138
7138
7366
6834
7175
6688
7350
7147
7348
7028
7043
7153
7341
6867
7338
7131
7154
6152
7143
9522
7131
7158
7158
7320
6824
7194
6696
7317
6843
7312
7147
8543
7179
7182
7182
7197
7184
7198
7185
7214
6830
7292
7290
7878
7184
8554
7198
7199
7199
7200
7200
7202
7202
7210
6186
7224
6805
7222
6182
7220
6820
7218
7208
8546
7203
7216
7201
7214
7185
7213
7183
7201
7180
7183
7178
7226
6182
7228
8538
6719
7229
6254
7159
6186
7232
8535
7226
8560
7157
7178
7156
7157
7145
7156
6337
7139
7285
7463
7238
7130
7150
8595
6197
6619
8596
7026
8449
6201
7019
8598
6898
8447
6205
6207
9436
6207
7251
8600
7254
7267
7245
7898
6211
7021
8599
7025
8439
6215
6216
11606
10752
7017
6219
6621
9603
6221
8432
8613
6223
6224
10856
11909
7307
7542
7279
7303
7528
8003
6792
7273
7271
8628
7388
7775
6239
6592
6233
6934
8597
6794
7300
6236
6237
9627
9517
6239
6240
13563
11954
6379
7240
7304
7311
6244
6245
8706
6250
7325
6264
7016
7322
7325
6250
6251
9629
9641
7323
8152
6254
7330
8710
6339
7333
7125
7340
6258
6786
8516
6260
6261
8419
7356
6799
8093
6264
6265
11960
10803
7324
8210
6268
6273
9663
6271
7327
6271
7324
8513
7328
8154
7359
11984
6778
7360
6277
6775
9497
6279
6292
9670
6281
6311
9452
6283
7367
7369
7369
8731
6287
7371
6287
6288
8735
7373
7374
8211
7353
8171
7354
7531
7380
7176
18837
6772
7381
6296
6297
9680
9484
6762
7416
7012
6756
7524
6302
7384
8739
6323
7386
6305
7071
7394
7393
7394
7396
8165
7399
8213
7400
8214
6311
7402
8466
6754
7403
6748
7533
6746
7054
7052
7414
6326
6336
6318
7034
7417
7417
8753
7420
8157
8217
8218
6323
7423
8438
7429
8151
6326
7431
8431
7432
8230
6329
6330
10048
10517
6332
7466
9888
6334
7440
7443
6336
6337
9384
9720
7036
8216
7036
8208
6605
7447
6343
6344
9725
9723
6970
6356
7498
6490
7606
7449
7458
7445
7449
9344
7445
8156
7436
7492
9602
7471
6517
8252
7468
6358
7453
8779
6966
6361
7097
8780
6743
7479
8623
7482
7908
6545
11800
7443
8769
6368
6369
8799
7453
7714
7870
6372
6878
8802
8511
8274
6956
7499
6377
6908
8806
6379
7504
9767
6382
6738
6382
6384
8805
6384
6386
8809
6386
7517
8811
6735
7522
6393
7467
7010
7526
7008
7467
6400
7555
6393
6523
9392
7008
7527
7527
8170
6989
7545
6728
6987
6977
7541
6732
6967
7270
6521
6731
6965
6967
6944
6965
6944
8207
6930
7559
6716
6927
6916
7552
6812
6813
8837
7556
8202
6911
8238
6901
8840
6710
8121
6418
7569
7571
8122
7566
7569
6418
6531
9243
7566
7573
7573
8118
7592
8117
6704
8112
7582
8111
6707
7584
6426
6427
9838
10357
6537
6706
7583
7584
7583
7585
7585
8110
7609
8104
6694
8103
7603
8102
6815
6700
7165
6438
6439
10421
10353
6950
7739
6588
7604
7627
8101
6686
8089
6452
7623
7612
7622
6635
8090
7619
7623
6449
6450
9872
10400
6452
6550
8952
7619
7625
7625
8150
6579
7763
7634
8084
6519
6677
7641
8082
6681
7646
6461
6462
10395
10342
6554
6680
7645
7646
7645
7648
7648
7651
6817
7657
6469
6470
10878
10339
6472
6473
9328
10845
6946
6476
6477
9327
9896
8349
6480
10455
6545
10453
6943
6484
6488
8900
6487
7924
6487
6488
9905
9983
6490
6673
9903
7666
7676
6552
7663
6494
6920
9900
8435
6497
6498
9316
12221
6942
6501
6502
9919
9920
8342
6505
6625
8908
6941
6508
6810
8909
7179
7348
6511
7690
7655
6668
8235
6570
6578
7687
8907
6520
6827
7685
7710
7128
6519
6520
10865
9943
8232
6523
7007
9946
6526
6847
6526
6659
10221
6528
6529
8819
7729
6531
7726
8492
6929
7718
7446
7719
6535
6544
8932
6560
7720
8240
6540
7730
6540
6541
8937
7732
7733
8254
8255
8256
7738
19094
6547
6657
8944
6654
8263
6550
7743
9898
6552
6666
8949
6652
8067
8248
6926
7745
7749
7752
7753
8260
7758
8261
6560
7760
9172
6650
8227
6647
7823
6564
6645
9170
7783
7786
7787
8066
7788
8065
7777
8267
7795
7990
7778
6641
7796
6594
7831
6894
7287
7799
8049
6600
8295
7810
7812
6578
6579
11898
10311
6582
7813
6582
6583
8992
7780
7814
8884
7781
8249
8040
8269
6588
7819
9148
7123
7385
7829
8038
6592
7390
9147
6594
6595
8693
7805
6643
7841
6637
8063
7840
8035
6600
7836
10138
6633
7843
6603
6980
10014
6605
6741
9762
6607
6608
9112
7859
6630
6991
6611
7105
9013
7111
6614
7855
10160
6913
6617
6894
10161
6619
7244
9021
6621
7277
9396
6623
8167
10077
6625
8164
9037
8343
6896
6895
6630
7860
10209
6887
7928
6633
6885
9040
6635
6883
10214
6637
6873
9042
7825
7933
7822
8257
6641
8120
9039
6643
7806
10216
6645
6871
10218
6647
6865
9053
6863
7941
6650
6861
9019
6652
6859
9055
6654
6853
9057
6851
7946
6657
6848
9017
6659
6845
9059
6661
6839
9060
6935
6664
7750
9062
6666
6837
9064
6668
6828
9067
6670
8168
9069
7661
7950
6673
8675
10010
7912
8351
6676
7957
10130
7128
6683
7959
6680
6681
9864
10232
6683
7639
10281
7630
6686
7616
9074
6688
7610
9075
6691
7964
6691
8276
10090
7144
6694
7596
9078
6696
7590
9079
6950
7165
6702
8853
6700
6816
9072
6702
8277
10237
6704
7577
9081
6706
6707
9828
10248
7580
6710
7563
9084
6713
7982
6713
8281
8948
7560
6716
7548
9093
6726
7556
6719
7989
9090
6723
8825
6725
6814
6723
7995
9140
6725
6726
9559
10253
6728
7536
9082
6788
7378
6731
6732
9783
10256
7539
6735
6739
9100
8004
8284
6738
6739
10267
9793
6741
7905
8808
6743
7487
9750
6782
8018
6746
6780
9108
6748
6770
9115
6996
7474
6784
7365
6777
7297
6768
8031
6754
6766
10065
6756
6764
9123
6774
7624
8028
8287
6760
7426
6762
6785
12773
10293
6764
8215
9127
6766
7628
9849
6768
8027
10295
6770
7139
9129
6772
8286
9132
6774
6775
9191
10301
6777
6778
12889
10284
6780
8219
9137
6782
8020
10306
8033
8241
6786
11763
10304
6788
6789
9655
10260
7337
7996
6792
7332
9146
6794
8014
9154
6796
6797
9302
10410
6799
7357
8866
7278
8047
7253
8045
7894
8631
8059
6805
7239
9585
6808
8068
6808
8288
9135
6810
7766
9168
7460
9303
6813
6814
9379
10287
6816
7990
9808
7600
7652
6822
8635
6820
8075
9842
6822
8289
10075
6824
7649
10093
6832
8085
6827
6828
10127
10290
6830
8185
8988
6832
8205
10188
6834
8180
9526
6841
8095
6837
8098
9185
6839
8258
9198
6841
8290
9501
6843
7168
9203
6845
7166
9205
6847
6848
11114
10355
6850
6851
11126
9947
6853
8266
8326
6857
8634
8105
8107
6857
8109
9209
6859
8262
9215
6861
8133
9220
6863
7944
10386
6865
7763
9222
6867
7164
9224
6869
7151
9226
6871
7856
10159
6873
8272
9233
6876
8294
6876
8292
9125
6878
7108
9241
6880
6889
9244
8124
8173
6883
8127
10115
6885
8270
9247
6887
7932
9346
6889
8296
9249
7056
7104
7853
9122
6893
8297
8026
8523
7864
8300
7866
8298
7102
8131
7891
9424
8024
8303
8305
6902
9149
8307
7769
7808
6905
8021
7809
6973
10349
6908
6910
9290
6910
8309
9294
6912
9289
8847
7862
8312
8313
7768
7868
6917
10412
8836
8833
6925
7742
8322
7477
8323
6923
10429
8303
6925
6926
9474
9306
6928
8362
8064
7551
6931
8844
8134
6933
8832
7166
9966
6936
6937
7299
7662
6939
6940
10222
10152
7914
9439
7681
8339
7910
8337
8346
7658
8347
7654
8333
8357
7921
8358
7452
8331
8361
10243
8052
8142
8140
8364
9264
6956
6958
9341
6958
7270
9342
6960
10368
7476
7884
8370
7931
8328
6964
9347
8828
9152
7900
8379
8381
6969
8830
8146
7497
8383
6972
10480
13717
6975
10324
8915
9267
6978
9963
8480
6980
7534
8386
7502
7875
6983
8375
9359
7882
8387
6986
7077
9356
6988
8394
8148
6990
9098
8149
6992
8823
7850
7461
8395
7013
8011
6996
6997
9382
10238
6999
7643
10277
8398
9303
7003
7438
9390
7005
8403
7414
7713
7750
8405
8813
8411
7407
7412
8414
10499
7012
7013
9398
9383
8011
7016
9394
9403
7896
8424
7019
7247
8741
7021
7027
9417
7257
8393
8445
7039
8444
7248
8417
7889
9425
7530
8610
7208
8453
8452
7032
11660
7120
7040
8158
7035
10548
7420
8756
7446
7039
7444
8459
8961
7662
8160
7043
7048
9441
7045
8530
7079
7061
7079
7048
7121
9440
7062
7082
8160
12056
14067
7053
10040
8408
7055
8404
8020
8765
7083
7409
7091
7096
7709
8163
7064
8475
8472
8461
7064
7067
8473
7066
7067
10890
11642
7395
7642
7070
8478
8164
7072
11080
7396
9694
7122
7534
7076
7077
10177
10577
8389
8391
8487
7081
10322
7087
7083
10580
8500
24175
7100
8162
7087
7088
11728
10618
8382
7091
7093
10621
7093
8469
9479
7117
8167
7096
7097
9480
9467
7099
7100
10496
10560
7712
7713
8497
7104
10148
10627
8804
7107
9275
10630
8468
7110
8874
8169
7706
8502
8026
8168
7114
8172
10628
8161
8173
7854
8131
8509
7415
7957
7120
7121
10633
9482
9444
8912
8998
7126
10097
7344
8711
8732
7383
8172
8519
8591
8174
8291
7151
8175
8169
8518
8524
8744
8727
8724
8723
7610
8023
7366
8177
7143
8177
9520
7155
7743
7146
8529
8176
8593
8107
8209
7150
9527
10649
8484
7153
8521
10651
9528
7613
8870
9586
8588
7160
9609
9283
7495
7590
7320
8179
7164
8179
10653
8965
9787
7168
8135
10659
7174
8542
8181
8182
8180
8183
7370
8023
7174
7177
8533
7177
11799
11655
8540
8585
7181
9464
7235
8575
8700
8574
8688
7197
8135
8185
8186
7192
8553
7649
8187
7338
7495
7192
7193
8547
7194
11819
11904
7232
7442
8555
8697
8695
8616
9587
8571
7204
9583
7212
7210
8189
7207
8189
10670
8450
7347
8075
8564
7212
7213
10687
9560
8568
7216
8549
10684
7989
8193
7219
9564
8188
7221
9524
8193
7223
10082
8184
7225
9534
7347
9086
7228
7235
10690
7230
9570
7319
7262
9419
8578
7319
8194
7239
8195
9578
8184
8582
8176
8191
7976
8562
8590
7241
8573
8197
7243
7244
9448
9592
7246
9277
9219
7464
8060
11810
7251
7918
8601
7253
8440
8603
7255
10892
9273
8377
8690
7260
8198
7260
8058
8604
7262
7264
9598
7264
8630
9414
7463
8200
7267
7269
10742
7269
8446
10750
8607
7272
10063
7774
7274
10300
7336
7472
8612
7277
7557
8608
9219
7280
8725
8155
7283
8203
7283
8055
8615
7285
9606
10758
7287
7289
9613
7289
8017
9616
7291
10044
7916
7293
8455
8205
9183
7296
7297
10325
9620
8682
8878
8504
7301
10315
9621
7303
9184
9622
7305
9612
7315
7307
7309
10781
7309
8155
9308
7311
9161
9635
7313
8704
8186
7315
7316
11911
13867
7318
8429
8182
9201
8577
7322
7323
9318
10786
8314
8719
7327
7328
8515
9644
7330
8152
10807
7332
9621
9647
7334
13350
8208
7336
7337
10840
9651
8426
7340
9157
9656
7342
9652
9527
7344
7345
12799
9658
8420
9756
8570
8094
8210
7351
8716
8209
7353
7354
9387
9660
7356
7357
9401
9676
7359
8154
9659
7361
8721
7624
7392
8285
7364
7365
9667
9664
9117
7368
10647
7371
9674
8733
8539
7373
7374
8736
9673
8171
8211
7377
7378
10379
10433
7380
7531
9868
7382
8737
8028
8746
8929
8891
7387
9314
7428
7390
7462
8409
12968
7392
7393
10026
10589
9689
9691
8462
8165
8213
7399
7400
9871
9690
7402
8214
10575
7404
8748
8027
7416
8215
7407
7408
13924
15432
8407
7411
7412
10369
11994
7524
7628
9381
8406
8482
8882
7419
8754
8163
9023
8157
8217
7423
8218
9703
7425
7426
10056
9710
7428
7429
10440
12161
7431
8151
9686
7433
9712
8320
7533
8219
7458
8220
8012
8759
7438
8410
9699
7687
7711
7441
10850
8216
8770
9550
8793
8316
8781
7448
9952
8221
9110
7927
8016
7452
7494
11971
8360
7455
7457
11793
7457
7782
10132
9739
7460
7647
8773
7470
11843
9015
8527
7466
8156
10861
8412
12051
7470
8044
10393
7472
8042
8778
7474
8401
9735
7476
7477
10830
9737
7902
7904
7480
10106
8421
7679
7799
7483
9746
8224
7511
8787
9751
7487
8655
8789
7490
8225
7490
8010
8777
7492
9348
10927
7494
8223
9745
9406
7497
9546
9758
7644
9760
7500
10038
9005
7502
8784
9765
7504
8800
10941
7506
9902
7923
7509
7771
7509
8008
8776
7511
7513
9770
7513
7771
9772
7516
7520
7516
8037
8774
7521
11892
7520
7521
11585
11671
7523
8350
8229
9105
7526
8229
12010
8814
7529
9779
9300
8427
8448
8170
8230
8821
8464
7536
7538
9788
7538
8000
9790
8166
8231
7541
8283
11559
7543
10874
9160
7545
8207
10966
7993
8051
7548
7550
9780
7550
7994
9801
8234
8834
8824
8971
7555
9329
9806
8817
9095
7559
8202
10981
7568
7726
7986
8062
7563
7565
9809
7565
7987
9819
9818
8121
8236
8842
8831
7571
7982
12114
7725
8052
8846
8118
8238
8117
8237
7577
7579
9821
7579
7979
9834
8239
9832
7582
9837
10719
8855
8857
9228
7587
10417
9394
7589
8423
8241
9120
7592
8110
11009
8104
8242
7973
8074
7596
7598
9839
7598
7974
9850
8103
8243
7601
8864
8223
7603
8854
11553
7605
10283
9853
7607
8385
8244
7609
7739
11016
9293
7612
7613
10645
9857
7968
8078
7616
7617
9859
7969
12366
8868
8089
8246
7622
7964
11772
8872
9189
8722
7627
9265
9873
8867
7814
8150
7638
8247
7672
8876
7961
8081
7634
7636
9866
7636
7962
9885
7639
8084
8890
8883
7641
7959
11610
8886
8471
8402
8785
8892
9177
8758
9639
7651
7652
10347
9891
7654
8331
10340
7693
7723
7949
8896
12049
7661
8353
9904
8504
7664
8336
7948
7699
9507
7667
9906
9751
7670
8250
7670
7956
8897
7672
7674
9908
7674
8250
9910
7676
7678
11048
7678
9257
12037
8311
7681
8437
9913
7683
7684
10444
9916
7686
8335
7782
9141
7689
7937
9922
7702
8911
7694
8906
7693
7694
8911
9917
7697
8137
7697
7953
8920
7699
7701
9933
7701
9200
9930
7704
7704
8508
8924
7706
7708
9937
7708
7880
9939
9925
10003
13350
8145
8760
8460
7715
9457
7920
8145
8252
7718
7719
11110
9942
7721
8936
8253
7723
7724
11419
11588
8470
8843
8098
8235
7729
7730
8820
9956
7732
7733
8938
9949
7735
8254
8251
8251
8255
7738
8256
11124
9324
7741
7742
10229
9475
8490
7745
7746
10031
9967
8136
8258
7788
7790
8259
9824
7752
7753
9632
9971
7755
8260
9987
7757
7758
9989
9975
7760
8261
10542
7940
8962
8262
8263
8964
7765
7766
9582
9980
7768
7769
9556
10145
8067
8133
9990
7944
8227
7774
7775
11147
9986
7777
7778
9285
10751
7780
7781
8993
10331
8994
8153
8153
8969
7786
7787
9626
9994
8972
8066
8265
8265
8253
8266
7793
8065
8264
8264
8267
8863
8975
7797
10208
10004
7823
7856
8985
7801
9743
8838
7803
8332
7939
7805
7806
8694
10585
7808
7809
9936
12388
8132
7812
7813
9634
12027
8881
7816
8249
8268
8268
8269
7819
8040
11320
8132
8997
7822
10004
10005
9044
7825
7826
12380
8275
10244
7829
9050
10142
7831
10141
12689
7833
10701
10148
8090
8270
7836
8035
10136
7839
7841
7839
7840
10140
9287
9000
8063
8127
7844
9002
7932
7846
10154
9349
8206
8272
8259
8960
7850
7851
9785
9358
7853
8502
9376
10370
8507
9016
7926
8049
7859
7860
9113
11191
7862
9122
10155
7864
8312
10405
7866
8300
10166
7868
8345
10168
7870
8368
10172
8273
8359
7873
10151
10709
7875
7876
9350
10175
7878
8880
9363
7880
8454
10178
7882
8747
10180
7884
8670
10182
8633
8715
7887
8458
11518
7889
8684
10184
7891
8885
10605
8632
8931
7894
8442
11765
7896
8660
10191
7898
8434
11060
7900
9602
9030
7902
9344
9031
7904
7905
10190
10193
8369
8557
7908
8637
10196
7910
8646
10199
7912
8356
11506
7914
9097
10202
7916
7917
12390
11207
8393
7920
7921
10535
10205
7923
7924
10475
9944
7926
7927
10897
11773
7929
11608
9008
7931
9006
10212
8372
7934
11176
9049
7936
11452
10015
9890
7939
7940
11490
11076
7942
11824
8968
8257
8275
10352
10667
8959
7948
7949
11540
11432
7951
10125
7955
7953
9852
10225
7955
7956
11089
10227
9974
9862
7961
7962
11017
11825
7981
10158
8091
8276
8139
8246
7968
7969
11944
11043
8091
8139
8243
8277
7973
7974
12354
11249
7976
10245
9843
8196
8279
7979
8319
10246
8112
8196
11978
8233
8281
8144
8236
7986
7987
11073
12107
8144
8233
9091
8567
7995
8064
7993
7994
11274
11768
9334
7997
10096
9156
8148
8283
8000
8829
9796
8224
8284
8003
8378
10251
8005
10761
8007
8007
8008
10947
10265
8010
9717
10263
8791
8397
8014
8306
10269
8016
8017
9615
10271
8019
10308
8768
9696
8022
9450
9286
8310
8025
8534
9454
9477
8503
10827
8212
8286
8285
8287
8032
10297
8752
8034
11981
8730
8713
8037
8197
9143
8039
9774
10141
10008
8042
12051
10017
8044
8422
10313
8046
9596
8057
8048
9597
8054
8687
8051
8149
9333
9732
8054
8055
10989
10318
8057
8058
10755
10316
8060
8605
10473
8062
8134
9846
8841
9322
8321
8979
8955
8069
8951
8072
8072
8195
8194
8288
9164
8074
8237
9998
8860
8190
8289
8078
8242
9650
8188
8190
8081
8101
9830
8083
9881
8890
8888
8086
9883
8088
8088
8187
9181
10235
9192
8496
8093
8094
11010
10974
8096
10068
8100
8100
8183
9194
8181
8290
9196
8850
9176
9847
9207
8861
8106
8848
8178
9217
8109
8178
9213
9212
8536
9832
10242
8175
8278
8174
8292
8291
8293
8278
8294
9239
9826
8120
8999
10363
9046
8123
11417
8842
8125
9816
8129
8129
8296
9805
8161
8271
9252
8206
8295
9254
8494
10134
8457
8430
8548
8138
9928
9266
8922
8141
13228
9329
8143
9339
8364
8365
9051
8147
10276
8783
9373
8714
8983
9687
9711
8703
8974
8720
9607
8775
8159
10543
8545
8672
8463
9246
8376
9459
8302
8480
9563
9415
8330
8522
9385
9679
9800
8506
9231
9537
8583
8528
9573
8537
9531
9959
8701
10348
9320
8363
8709
9179
9558
8561
8192
10071
10243
9580
8569
9162
10378
9569
8199
9409
8685
8201
10746
8659
8619
8204
9605
9606
9432
8551
10366
8772
8580
8707
8428
8501
9869
9695
8479
8416
10730
9704
8441
8718
8222
9411
9717
8790
8856
8226
10330
9348
8315
9861
9513
8232
9701
9782
9337
8838
8325
8916
9089
10336
8240
9529
9827
9742
8493
9174
8245
9355
9852
9931
8248
10123
9863
8954
9895
8902
8942
9589
8956
9961
8941
8939
9544
8495
9001
8899
8898
8903
8945
8980
8977
8327
9999
8996
8995
8990
9549
8274
10149
10151
8390
9619
9077
9854
8280
12471
9837
9814
10932
9296
8738
9698
9491
9554
8565
8934
9577
9237
8740
9235
9158
9014
10033
8299
8317
8344
10170
9275
9462
9276
9870
9279
8318
8320
8306
9283
11405
8319
8757
8309
9286
10361
8734
9292
8807
8986
9297
8611
9298
8514
8708
9020
10352
9111
9640
10167
10334
9714
10286
8946
8973
9304
9901
8324
8638
8374
9068
9305
8978
9833
8947
9284
8329
8639
8367
8875
9654
10434
9171
10436
8334
8640
8621
8994
9941
8950
11298
8338
8641
8355
8340
9032
8626
8642
9034
8626
9097
8344
8345
10335
11261
9153
10365
8348
8645
8436
8621
8646
9101
11258
8353
11580
13203
8355
8356
9552
11661
8358
8359
9315
10258
8799
9325
8966
9323
9094
9321
8705
9319
9331
8917
9336
8367
8368
9282
11235
8637
8766
8371
8647
8627
9003
9345
8374
8375
9764
9360
8755
10060
8378
9349
10471
8380
9102
8649
9351
10257
8559
10053
8384
8650
8625
9354
9903
8465
10013
8388
8651
8624
8764
9365
8940
10000
9272
8400
8915
8652
9083
9372
8396
8654
8622
8655
8796
9378
9718
8400
8401
10494
11568
9889
10020
9380
10016
9109
9979
9389
9978
9973
11464
9489
11135
8410
12063
12278
8413
8815
8413
9393
10502
9389
10849
9364
10507
8418
8656
8629
9401
10098
8421
8422
12728
13552
8517
9741
8425
8658
8620
9225
9405
9407
9969
9386
9410
9080
9965
8556
10702
9384
9688
8659
8434
8620
11600
8436
8437
9511
10526
9313
9705
8629
8660
8631
8822
9138
8632
12077
8445
9027
9426
8662
9419
8663
8931
9662
9915
8664
8885
9429
9880
8665
8880
8453
8454
9430
11013
8989
9431
8763
9456
8845
9845
8633
8795
9028
8761
9823
9472
10551
9276
10552
8991
9799
8465
9446
10968
9451
11554
8666
9506
9245
9539
9454
9754
9731
10359
10240
10278
8488
9715
9708
10566
8475
8476
9709
9706
8667
8803
9458
9924
8483
9682
9460
8498
9461
8483
10294
10828
9232
9465
8669
8747
8531
8887
8488
8532
10817
8624
8670
9858
10035
8627
8715
9243
9470
8862
9649
9269
9633
9486
9631
8923
9618
8498
9255
11910
9011
9494
12693
8738
10066
9495
8749
10296
8671
10158
10756
8935
9576
10160
10163
8566
9507
9063
9562
8512
8558
8557
8625
9506
8514
8515
11702
9645
8517
10305
12615
9312
9509
9657
10635
8521
8634
10663
8816
9512
9614
10162
8712
9547
8526
9509
8674
8742
9545
8849
9538
8871
9536
8531
8532
12023
11801
9541
10614
9280
10091
8579
9533
9529
10654
8702
9525
9523
10690
9518
11783
9088
10327
8542
8543
9540
9514
8545
8546
11811
9535
9427
10668
8933
9543
8635
8792
24270
9236
9548
8553
8554
9428
9503
8556
8576
11816
9412
8559
8668
10671
8584
8680
9180
9553
8563
8681
8636
8572
9557
9500
9532
8925
9935
8976
10086
8689
10085
9202
9490
8586
8594
8572
8617
11654
9568
9768
8698
9505
8576
8587
10571
8589
9572
8579
8771
10565
8717
9574
8582
8584
8683
9119
9521
8586
8587
11639
11543
8589
8592
10624
9163
9584
8592
9588
10725
8594
9515
10734
8636
8684
8794
9022
9581
10128
8743
9447
8691
9418
8602
9435
8602
8653
10524
9167
9595
9408
10317
8657
9107
8630
8685
9397
9807
9096
9395
8628
9601
8611
9443
10490
9602
9831
8614
8686
8618
9604
10319
8617
8696
10479
8682
8818
11053
9375
9567
8623
9371
9546
9423
9438
8673
8644
9469
9753
8661
9166
9145
9730
9026
9211
9611
9738
9763
9281
10213
9566
10341
9551
10201
8643
9309
8675
8648
9310
9510
10446
10079
8648
10183
10450
9035
9344
9437
9759
9422
10181
8653
8692
10532
9370
10741
9752
9893
9368
9377
9374
10192
8686
10111
9353
9413
9600
10523
8678
9424
8677
9425
8676
9426
8667
8668
11611
11535
9066
9071
10052
8672
9358
10615
9033
9498
9453
9508
8679
9029
10383
10186
10443
9591
10509
9402
10009
9087
9516
9610
9844
9259
9516
10350
10088
9352
9259
8987
10753
8689
9561
10745
8691
8692
11602
11915
8694
9362
10550
8696
8699
10774
8698
8699
11852
11923
9463
10072
8702
9197
10776
9625
10656
8705
9204
10772
9330
9629
8708
9637
10735
9182
9638
9608
10807
8712
9453
10465
9288
10137
9099
9332
9311
8717
9076
10804
10198
11793
9317
9643
8726
9307
9190
10285
8869
9278
9130
9722
8728
9118
8726
9623
11411
8728
8745
11969
8730
8731
10811
9671
8943
10870
8734
9672
10815
8736
9519
10643
9134
9675
9133
8930
9399
9126
9855
8742
8743
11522
12606
8745
9547
10642
8914
9684
10820
8749
10381
11727
10430
10452
8752
8753
10833
9683
8755
9473
11291
9364
9941
9151
10375
8786
10346
8797
10846
8761
8928
11360
8763
8764
11627
11703
9433
10699
9719
10372
8768
8769
13941
15704
8771
10670
10854
10003
9178
9728
9144
10851
9024
10731
9991
10266
10264
10329
10018
10328
9326
10323
9468
10321
9740
10320
8783
8784
12521
12564
8786
8893
10478
8788
9262
9256
8798
9749
8865
9744
9755
10103
11628
8794
8795
12422
12048
8797
8798
11623
11872
10133
9256
11800
12692
8803
9242
10931
9012
9388
8810
10345
8807
9291
10930
9761
10195
8810
8812
10929
8812
12120
10952
10499
8815
8816
11577
12070
8818
10255
10558
8820
9369
9957
8822
9116
10956
9784
10210
8825
9421
8851
18736
8828
8829
10042
11270
8919
10275
9795
10099
9061
9786
9707
9777
9798
11110
8836
8837
10461
10309
9811
9726
10872
8847
9114
9043
9804
9812
9470
9813
8845
10988
11289
9825
10118
8849
9218
10980
9829
9874
12287
8853
8854
10391
11663
8858
9229
9747
10932
8858
10249
10998
10408
24255
9757
9841
8862
11061
11005
9847
8865
9892
11011
9678
11010
9106
9848
8869
8873
10992
8871
9666
11018
8873
8953
11021
8875
9227
12145
8877
9025
9257
8879
11050
9601
10164
8984
9338
9878
11617
8889
10280
9265
10594
8887
9691
11028
8889
9866
12164
9879
8913
10061
8893
10233
11029
9357
9445
8896
9188
10397
9894
10228
8904
9502
9976
10584
9985
10583
8910
10230
8957
10117
8904
9058
12476
8906
8907
10029
11047
9038
9918
8910
9169
11049
8926
8913
8914
11717
12229
9665
8917
9047
11084
8919
9361
11086
9927
10226
9200
9266
8923
9932
11082
8925
8926
10028
9917
8928
10619
11754
8930
9718
11099
9260
8933
11495
11103
8935
9238
11105
9173
9948
8938
9955
9950
8940
10006
11123
9962
11421
8943
9052
11095
9018
11125
8946
8947
12273
12227
9815
10847
8950
9065
11127
9136
9555
8953
9899
11218
10333
10338
9056
10211
8957
9951
11213
8959
8960
13111
9970
10587
11182
8963
9977
8997
9391
10312
8966
9073
11211
8968
8969
16628
10704
8971
12980
15112
8973
8982
11154
9646
9993
8976
9996
11149
8978
9590
12018
8981
9995
8981
8982
12360
11918
8984
9278
11901
8986
8987
12507
12333
8989
9404
11381
8991
9070
11163
8993
9449
10332
10002
9193
10011
10007
10012
9268
8999
9853
11169
10139
10217
9972
9988
9003
9041
11158
9005
9006
11526
12394
9008
9009
11669
10933
9011
9012
11563
12425
9014
9388
10626
10871
10875
9045
10159
9018
10356
11188
9020
9221
11194
9022
9594
11195
9024
10582
11197
9836
9909
9210
10705
9028
9029
12317
12467
9103
10120
9036
10189
9033
9914
11187
9270
9439
9036
9104
11186
9038
10058
11632
10207
10364
9041
9248
11167
9043
9234
11214
9045
9054
11223
9047
9085
11227
9049
9050
11429
10143
9052
9142
11220
9054
9223
11231
9056
9216
11233
9058
9833
11237
9206
10220
9061
9199
11229
9063
10119
11707
9065
9186
11238
9267
9068
10292
11242
9070
9416
11244
9274
10876
9073
10116
11240
9860
10234
9076
10024
11152
9175
10236
9840
9907
9080
9121
11863
9822
10241
9083
9789
11145
9085
9810
11264
9087
9088
11834
12494
9240
9997
9092
10250
9092
10083
11139
9094
9781
11267
9096
10458
11268
9499
9099
11069
11275
9101
9794
11277
9103
9104
11510
12503
9106
9124
11000
9264
9109
9139
12508
9111
10109
11283
9113
9301
12387
9150
10023
9116
9131
11278
9118
9119
12262
12000
9121
9575
10403
10046
9124
9128
11293
9126
10084
11705
9128
9682
11302
9130
9131
12645
12547
9133
9134
12525
11467
9136
9669
11701
9138
9139
12069
12553
9335
9420
9142
11055
11309
9144
10080
11503
9261
11316
9648
10299
11305
12968
10283
12126
9150
9151
12406
12529
9153
9351
11286
10270
10314
9156
9157
11942
13128
9250
9253
9160
9161
11749
13859
9163
9165
10962
9165
9555
11333
9167
10779
12571
9169
9982
11337
9171
10219
11339
9173
10542
11340
9175
9208
12341
9996
10482
9178
10279
11330
9180
9565
11350
9182
9884
11354
9184
9300
11356
9186
9195
11358
9188
10274
10344
9190
9191
12185
10302
9193
10215
10437
9195
9305
11364
9197
10382
11366
9199
9624
11368
9271
9202
9571
11372
9204
10659
11374
9206
10113
11767
9208
9907
12205
9210
9214
11376
10174
11378
9230
11054
9214
9538
12292
9216
9502
11379
9218
9574
11385
10407
9221
10135
11387
9223
9391
11389
9225
11791
12621
9227
9465
11630
9229
9230
11635
12623
9232
9856
11259
9234
10073
11394
9236
10150
11396
9238
10388
11401
9240
11079
11403
9242
9539
11407
9795
9245
9251
12636
10367
10562
9248
10011
11409
9250
9251
12489
12639
9253
9817
12356
9255
10371
12346
9258
9748
9263
11023
11056
9261
9591
10676
9263
9771
10723
9273
9338
9875
9272
9269
10131
11128
9630
10204
9876
9929
9274
9367
9366
11715
10425
10984
10402
9280
10431
11456
9282
11792
11458
11528
9285
11796
10975
10554
9288
10140
11461
10023
10337
9291
9295
11459
9293
11620
10024
9295
10362
11470
9698
10025
10157
10404
9299
12451
9488
10955
10411
10933
9485
10409
11452
9916
10665
10415
9476
10030
9308
12632
10906
9402
9630
9311
10441
9729
9508
9654
9314
10447
10440
10206
10448
9921
12221
9318
11505
10787
9320
10657
9404
9322
11864
10034
9324
11174
11052
9326
11160
11514
10454
10866
9897
10844
10456
10459
13867
9340
10497
9333
10462
11418
9335
10034
10464
9337
10743
10036
11100
9340
9877
10468
9343
10037
9343
9397
10467
9346
12090
10860
10041
10286
11067
10863
9766
10176
10474
9353
11590
11541
9355
12839
11002
9357
10579
11548
10470
9360
9361
12052
11551
10463
10708
10043
10165
10483
9366
11587
11560
9368
11881
11561
10487
10510
9371
12701
11550
9373
11299
10489
9375
10936
10491
9496
10045
10473
10492
10469
15432
10288
10310
9381
10495
10039
9736
10239
9400
9755
9721
9386
9387
11695
9661
11383
10934
9700
10047
10500
9393
9946
10503
10438
9396
11006
10049
11208
9399
9400
12240
11589
9677
11946
10438
10511
10512
9406
11508
9575
10516
10752
9409
12600
11590
9673
10520
9954
10824
9719
10050
9414
12253
9599
9416
9478
10529
9418
9969
10530
9421
11903
10427
9423
10961
10051
9428
12158
9504
9535
10538
9880
11014
9432
10540
10187
9434
11776
9493
9436
10401
9545
9438
10740
10050
9442
9483
9442
9443
11625
11621
9445
9446
11691
12384
9448
11633
9593
10555
12027
10057
10553
9452
10559
10055
10814
9456
11734
12535
10173
10567
9459
10568
10058
9701
9964
9462
10574
10712
9464
11323
9653
11081
9692
9926
9468
9481
11648
10062
10063
10616
9472
9473
12110
11723
9475
9476
10231
12641
9478
10033
11130
10112
10622
9481
10623
11732
9483
10634
11738
9485
9681
11740
9970
10625
9488
9489
12782
11725
9491
10501
9669
9493
9494
13329
11751
9496
9938
10544
10066
10303
9499
12418
10203
9501
10748
10067
12591
9504
9505
13315
11760
11092
9511
11494
10527
9513
11179
9713
9515
9542
11769
10686
9628
10641
9519
11779
10716
9521
9522
10939
9672
9524
10789
9579
9526
11922
10644
10718
9588
9657
9530
11787
11790
9532
9960
11794
9534
11759
10069
11835
9537
10662
10070
12105
12616
9541
9542
12066
12826
9544
10945
9624
11451
10545
11044
9549
10738
10073
9697
10850
9552
12836
11875
9554
10964
10074
11335
10146
10169
9558
10675
10706
10254
10289
9561
10689
11814
9563
11844
10076
9565
10121
10681
9567
10439
10078
9569
10513
10080
9571
10250
11546
9573
11032
10691
11957
10982
9577
10515
10084
9653
10697
9580
10698
10083
9582
11935
9981
10685
10688
9585
10724
10081
9666
10327
10072
10085
10728
9590
9948
10733
10682
9593
9594
12757
11885
9596
11474
10755
10418
10990
9599
9600
12876
11887
9734
9733
10049
9605
11908
11480
11480
9640
10879
9609
12882
11529
9611
10655
10087
9636
11911
9614
9617
12150
10272
10639
9617
10273
11905
9619
10759
10089
10326
10766
10769
9623
11357
11926
10813
9626
12238
11928
9628
9724
10777
9642
10792
9632
11731
11475
9634
10881
10862
9636
13209
13865
10782
10974
9639
10784
10092
11454
9642
9643
12528
11939
9645
9646
12918
11866
9648
10771
11764
9650
11317
10793
10095
10841
10652
10791
10795
10576
10261
10433
10097
11955
10800
10098
12799
9993
10094
9661
9662
12915
12618
10054
10094
9668
10805
10494
10806
10808
9668
10262
10810
11579
10122
10380
10102
10812
10940
10643
10647
11780
10827
11975
9677
9678
11952
11966
9684
10703
9681
10103
11976
11993
9878
10835
10819
9693
14819
9687
9688
9769
10944
10522
11080
10104
10822
9692
11986
12999
10053
10061
10104
10588
9979
10307
11965
15704
10827
9700
10406
11995
10505
10059
10839
9704
9705
10732
10836
9707
11999
12001
9709
11679
11999
10570
10843
10788
10842
9713
9714
12002
11961
9716
10398
10059
10823
10950
11156
9721
9722
12058
12016
9724
9727
11574
9726
9727
12358
12988
10100
11452
9730
10413
10107
9732
11198
9877
10957
11606
10062
11074
9736
11603
12032
9738
10832
12033
10109
10198
9942
10977
9742
10868
10853
9968
10534
9745
10869
11971
9747
10197
12038
9836
10921
9750
10922
10105
10274
9753
11042
10110
10091
10112
10925
9757
10069
10926
9759
10546
12045
10019
12051
9762
10935
9952
9764
17405
12052
9766
12566
12053
9768
10942
10937
10943
12161
9771
9772
12011
9992
9776
10108
10144
10951
9776
16188
16755
9778
12323
11734
10252
10954
9781
9802
12006
9783
11584
11771
9785
13253
10470
9787
11183
10113
9789
9791
12078
9791
9797
12080
12908
25789
9794
10268
12085
10794
9797
11270
12088
9811
10967
9800
10969
10032
9802
10636
12099
10971
11911
13867
9805
10972
10114
9807
10457
12101
10086
10116
9810
9820
11931
10534
9813
11430
12831
9815
10036
11858
9817
10032
12277
10099
10118
9820
10985
13806
9822
9835
12108
9824
10521
10119
9826
11133
10374
9828
11788
12115
9830
10999
10994
10120
10328
11391
9835
10247
13062
10976
12603
10354
10358
9840
9851
12123
9842
11256
10121
9844
13328
12129
9846
10673
11008
9849
12113
10064
9851
11304
12133
11001
12209
9855
9856
11842
12136
9858
11143
12633
9860
11075
12140
12873
12908
12008
13169
9864
11463
11998
10667
16484
9886
14905
23813
9915
10122
9870
9871
11556
10822
10343
10399
9874
11100
12148
9876
11782
12153
11203
10858
9882
10123
11024
9882
10539
11025
9884
10387
12162
9886
10674
12808
10453
15504
9889
10920
11031
9923
10153
9892
12178
12166
10473
12187
9895
11036
9911
9897
10454
12191
9899
10035
12194
9901
9902
11861
10476
10022
10124
12404
9945
9984
10763
11041
11046
9909
9912
12207
9911
9912
12173
13113
9914
10528
12159
12464
10445
10027
9919
11713
11504
9921
11504
12922
9923
9924
12678
12222
9926
10060
12175
9928
12594
11782
9930
12013
9934
9932
10389
11087
9934
9935
13131
12234
10147
12388
9938
9940
12235
9940
10179
11684
13350
11427
10126
10867
9945
10477
12244
9978
11144
13111
11108
9950
9951
10924
12065
9954
10646
15031
13139
9958
10923
9957
9958
10488
12258
9960
9965
12073
9962
10117
11121
9964
10486
11122
12300
10128
10360
9968
11742
12265
11117
10485
9972
11475
13162
9974
11180
10129
9976
12211
12279
10131
11037
11141
11040
9981
9982
12973
12281
9984
9985
11890
11869
10414
11148
9988
9989
12284
12211
9991
9992
11564
12365
10859
9995
11928
12357
10432
9998
11343
11155
10012
10338
12251
12380
10108
23640
10132
10484
10692
10006
10693
12370
10008
10466
11422
10010
12375
10022
11488
11414
10014
12268
10133
10016
10101
12372
10018
10021
11225
10020
10021
12028
12559
10498
12319
11192
10026
11254
10589
10028
10029
12383
11077
10031
12193
11742
10648
11486
11412
11322
11808
10038
12487
11525
10040
11570
11532
10042
11747
11271
10044
12220
12399
10046
11964
10156
10048
12321
10518
10848
11893
10052
12076
11547
10581
10379
12393
10056
11813
10570
10549
12388
10557
12461
10637
11650
12542
11653
10065
12087
10381
11306
10068
10632
10382
11172
10071
13182
12823
11344
11399
10075
10572
10174
10077
11346
10384
10079
11492
10200
10449
10082
11745
10348
11348
11593
12466
10631
10088
12257
10185
10090
10696
10754
11252
10093
10650
10765
12538
10096
11920
11941
13872
10797
11199
10101
11331
11958
11315
11780
11175
11321
10106
12036
12955
11501
11518
16740
11362
10111
12181
12034
10744
10747
10115
10780
10373
11295
11246
11280
11596
12093
11250
12084
10629
10125
12686
11090
10127
12020
10291
12424
10130
10737
10388
11311
14868
11159
10135
10211
12042
10137
10138
11189
10150
10140
16928
12920
10143
10144
12979
11687
10146
10147
12060
12155
10678
10259
10901
11190
10880
10153
10223
13223
11185
11954
10156
10157
13225
12391
14890
10376
10360
10162
10163
11868
12430
10165
10383
10661
10167
10171
12436
10169
11263
12439
10171
10419
11849
10173
11236
12441
10547
10176
10177
11817
10578
10179
11013
11539
10181
10821
12443
10183
11547
12445
10185
10186
13016
12447
10188
10506
10387
10190
12420
10194
10192
12034
12455
10194
10195
12730
12457
10197
10372
12213
10928
10200
10201
13445
13177
10203
10204
12664
11830
10206
10536
12789
10208
12139
11950
10210
11161
11210
10531
10213
12396
12472
10215
10373
11216
10217
10508
11222
10219
10376
11722
10221
12255
11115
10223
10320
12203
11978
14732
10226
11003
12480
10228
11091
12481
10230
10231
12343
13217
10233
11998
12514
10235
11034
10389
10237
11353
10390
10239
10240
12326
12483
10242
10564
10377
10245
11904
14960
13295
10247
10375
10677
10249
12115
12490
11004
10252
10471
12492
10254
10255
11624
12496
10257
11771
11828
10259
10448
12499
10261
10262
12539
12501
10264
10825
11953
10266
10949
12509
10268
10345
12511
10270
11406
12513
10272
10273
11455
12518
10762
10276
12233
12520
10278
10279
12248
12522
10281
12336
10852
10349
14905
12288
10285
12889
12532
10809
10288
10289
12314
12543
10291
10292
12962
11519
10294
10843
11038
10296
10297
11651
10834
11305
12549
13563
10300
11838
11997
10302
10303
12186
12550
10305
10805
12582
10307
10308
11948
13941
10310
11912
11983
10312
11898
11313
10392
12368
10315
12597
10770
10317
10757
12561
10319
10991
12562
10768
10322
11719
11988
10324
13489
10806
10326
10380
12569
11177
10638
10330
12308
11111
10332
10333
10556
12059
10335
11784
11262
10337
10374
11991
10640
10394
11132
10341
10435
12932
10343
11489
12572
10396
10764
12577
10347
12197
12178
10350
17200
13401
11481
14625
10385
10354
11761
12604
10356
11116
12609
10358
10359
12429
12611
10563
10362
11598
12627
10364
11170
12629
10366
11097
11051
10368
11856
10831
10519
11994
10371
10384
12225
10666
12014
10960
10986
11659
10378
10995
10481
12712
10537
10620
11777
10798
10660
10386
12642
10669
12382
11883
10767
10391
12171
11668
10393
12125
10741
10395
12031
11489
10397
12177
10446
10818
12462
10400
10422
10420
10525
11450
10993
11900
10983
11862
10405
10423
10419
10424
12278
10418
10425
16208
10410
10426
10416
12329
13041
10427
10460
10442
11500
10428
12968
11243
11472
10417
11466
10592
11469
11757
10421
12271
11761
12270
12573
11756
12392
12118
12638
10590
11465
11741
11393
12470
12658
10430
10431
12659
13431
11150
11476
12712
10435
10816
11709
11490
12189
11217
11487
10592
11491
12717
14425
10442
10451
13358
10591
10594
10445
10595
11325
10596
10593
10838
12676
10514
11502
10451
12446
14430
10480
10597
19095
11511
10583
10866
10457
13228
11693
10599
11909
12098
12528
10461
12643
11912
11276
11448
11285
12689
11413
12303
11523
12201
11416
12359
11209
12486
11205
11698
11531
12026
10711
10864
13188
13802
11287
11829
10476
10477
12832
13512
11030
12196
10775
12286
10600
10601
12471
11206
11553
10484
11171
11699
10602
13111
11200
11559
10488
12247
12259
11113
11559
11622
12450
11071
11600
11562
12289
11196
13924
15432
11567
11569
12374
10561
10603
11572
13228
12377
12839
11314
11750
11373
11578
10504
11576
10504
11142
14207
11581
11583
10541
12381
10850
12128
10585
11821
10605
11136
11101
11588
10606
11960
10658
12127
10514
10938
13058
11106
11592
10959
11118
10518
10519
13559
12585
11566
11681
11361
11595
10586
10979
10608
10750
10525
10533
13479
10527
10528
13488
13564
11131
11484
11119
11601
11234
12041
10533
11916
13008
10609
10536
10567
12764
12330
12586
11607
11609
10857
11610
10541
11382
13910
10584
10587
11811
11963
12236
10546
11550
12911
10573
11615
10582
11617
11618
11917
10585
10612
10580
10695
10694
11080
10554
12304
11598
10556
10884
12725
10569
11631
11682
12498
11667
11812
10561
10562
12758
11804
12423
12432
10996
12109
10855
11758
10617
11642
11644
10569
12223
12765
12094
11544
11897
10573
10965
12766
11646
12449
10588
11554
11093
12147
10578
10579
11818
13601
11135
10672
11649
10613
10736
11284
10589
10727
10607
11666
11072
11468
11137
12448
11477
12407
14425
10605
10707
12221
11493
12337
10611
12663
10826
11506
13203
10715
11647
10610
11518
10997
14541
11549
11737
10604
10709
10904
12923
11479
12413
11435
11871
11888
12720
11933
12266
10611
11599
12721
10708
11820
11197
13187
10710
11655
10711
11660
11517
11657
11499
11512
10619
11729
12667
11726
12198
10622
10623
11806
12661
10726
11735
11730
11737
11384
11485
10679
10699
10703
11464
11027
11462
10700
10712
11151
11296
10749
11896
10634
11664
12705
10649
10713
11449
11768
11292
12367
11226
12327
11352
11773
11415
11774
10714
10856
11045
12283
10716
11655
11972
10717
11143
16150
11783
10970
12276
10718
10785
11785
10652
10663
12928
10691
11791
10719
11120
12130
12256
10704
11102
10658
10773
13137
10702
11346
12224
10799
12219
11020
13117
10705
13232
13568
11327
11822
11157
12212
13064
11819
12156
10680
11824
10706
10672
11536
13073
11065
11290
11059
11825
11720
12131
10683
11444
10987
13063
10679
11483
12121
11743
16458
11251
11832
10683
11138
13061
10685
11378
12842
11833
13388
10688
10689
12849
13029
10697
10720
10693
11950
12852
10979
11839
11594
12295
10760
10899
10721
10790
11803
10722
10701
11686
11483
11162
11980
11516
11146
12132
11326
12838
12517
10880
11558
11974
12651
11537
10801
10888
10715
10778
12772
11507
10885
11772
10791
14470
11033
13171
10796
12919
11775
12122
11797
12012
10963
11744
10726
10729
13555
11255
11878
10729
10802
12700
10731
10732
11876
10837
11109
12017
11640
11770
10783
11586
11870
11899
11181
11882
11398
11809
11015
21840
11894
12046
10893
10750
10891
11085
11807
11253
11805
11815
12587
10875
11056
11184
11766
10749
11795
12674
10894
10975
11606
10897
12021
10898
11772
10757
11015
21716
15535
10871
11482
10760
11083
13793
10889
10948
10763
10764
11913
11902
11786
11819
10902
12889
11035
11762
10978
12202
10770
10771
13801
13679
10773
11375
13343
10775
11925
12897
11367
11921
10778
11575
12894
10905
11765
10973
12083
10873
10906
10783
11426
12797
10785
11355
13814
10787
10788
12681
11936
10790
12919
13078
10887
11831
11945
10907
11944
11517
11943
10796
11324
13741
11533
11951
10799
12469
12741
10801
10802
13653
13876
10872
11960
11153
11956
10908
13619
10842
11019
11178
11746
11962
10908
12502
10812
11981
11636
10946
11542
11094
11523
11619
11970
11605
11971
10818
11802
12744
11979
12231
10821
10876
12453
11555
10824
10825
13083
12971
11880
11982
11039
11992
11989
13941
15704
10831
10832
13693
13919
10834
10835
11652
12943
10837
10838
11877
13755
10890
11499
10841
11997
13926
11342
11328
10845
10910
10877
10911
10927
10912
12114
10958
11007
10909
12010
10886
11585
10913
11610
10915
11981
10855
13443
12969
11909
10914
11026
12024
13444
11867
12537
10916
11608
10879
10920
10882
12027
10864
11185
13566
10867
10870
11889
10917
10915
12620
11012
11604
10918
11307
12398
10874
14797
11748
11266
11694
10878
11907
11132
12169
10901
10883
11129
10883
10884
14111
13951
10900
11497
11680
12740
10888
12833
13613
10895
10932
11642
10892
12762
11881
12332
12868
10896
11898
12217
12798
12179
12581
11773
10899
10900
13496
13781
10903
12533
12570
10904
12500
12900
11445
12588
11929
11319
12029
11947
11442
11959
11906
12192
11696
12558
11446
12005
10914
12408
12715
11637
11672
12092
10919
12019
10919
11096
13795
12025
12037
12183
11874
12035
10924
12039
12714
11789
12040
11173
11736
11067
11597
11689
10953
12602
11460
12506
11408
11612
11670
11959
12050
12458
12907
11515
12456
10938
12055
13980
10940
11591
11970
10942
11023
12055
10944
12397
12057
10946
11104
13022
10948
10949
12881
13994
11473
12026
11068
12920
10953
12935
13164
10955
12047
11884
11279
12068
10958
10959
14138
15089
11134
11990
12075
12444
10963
11334
13154
10965
11351
13036
11051
11069
11437
11934
12267
12386
10970
11164
14120
12097
12814
10973
11215
13150
11063
12579
12208
12293
10978
11438
13048
11879
11386
12104
10988
11053
10983
11509
13471
11060
11070
11066
12107
10987
12531
13138
11826
10990
10991
11675
13056
10993
11022
12870
11017
11057
10996
10997
13817
14536
11634
12491
11058
12149
11294
12112
11002
11003
14064
15882
11140
11545
11318
12460
11007
11269
13135
11064
11073
11054
11079
11063
11012
12167
14038
11014
12334
25356
11052
11061
11825
11019
11020
13940
14052
11022
11219
12792
11798
11607
12144
11026
11027
13543
14042
11987
12022
11030
12515
13089
12028
12249
11033
11735
13993
11035
12141
14069
12172
12482
11076
12188
11039
11329
14077
12199
12595
11048
12182
12180
12200
11075
11944
11045
12201
13101
12124
12204
11055
11077
12037
11338
12214
11056
11074
11078
12379
11513
11062
11370
11058
11059
12785
11781
11600
12459
12344
12625
11425
11065
11066
13070
11930
11111
11285
11538
12061
11071
11072
11515
13038
12107
11266
12029
11490
12383
11098
12206
12215
11260
11629
11083
11088
14131
11085
11228
13125
11552
12232
11088
11762
12829
11090
11091
12927
15029
11093
11094
14383
14062
11096
11221
12769
11098
11288
13136
11473
12239
12241
12246
12479
12237
14189
11104
11166
13129
11106
11402
13143
11481
14857
11109
11341
13685
11427
12556
12999
25737
11201
11301
11115
11116
12349
13146
11118
11119
14351
14324
11790
14547
11248
11643
11202
11581
12250
12371
11421
11495
11126
12983
11144
11239
12540
11129
11312
13102
11131
11677
13458
12352
11134
11282
13159
11594
11137
11138
14348
14209
11140
11349
13201
11142
12050
13167
11498
11549
11300
12079
11377
13168
11148
11653
18375
11150
11151
13853
14217
11153
11193
12976
11919
12274
11431
12354
11157
11895
13166
11168
12091
11160
12350
13161
11191
12363
11859
12934
11164
11245
13097
11347
22623
12804
13198
11168
11410
13200
11170
12210
13204
12128
13260
11173
11850
13215
11212
12378
11977
12040
11428
11433
11178
12495
12702
12003
12072
11181
14261
13051
11207
11434
11184
11230
13725
12880
12419
12505
12160
12417
12610
12982
11190
11673
11397
12387
11193
11711
13231
11388
12428
11886
12421
11531
12433
12434
11204
12613
11281
11943
11201
11202
14305
13647
11204
11205
14172
14162
11476
11714
12390
11209
12103
13252
12411
13253
11212
11241
13250
11247
12044
11215
11395
13245
11217
12015
13934
11219
12195
13254
11221
11310
13256
11823
12474
11224
11232
11659
13340
11226
12560
13263
11228
11265
13264
11230
11369
14320
11232
11390
14322
11234
11380
13268
11236
11458
13270
11392
12475
11239
11359
13098
11241
11297
13283
11243
11520
13285
11245
11484
13287
11247
11248
14554
14968
11304
12354
11251
11257
13289
11253
11457
13291
11255
11975
13622
11257
11736
13293
11440
12010
11260
12138
13068
11262
11263
12813
14345
11265
11932
14233
11308
12007
12351
11269
11647
13303
11271
13670
11347
11938
11533
12310
13872
11418
11768
11276
12062
13299
11441
12086
11279
12548
13050
11281
11282
14141
14390
11363
11453
12280
12948
12516
11287
11288
14887
14400
11290
11827
12694
11292
11724
13322
11294
11303
13324
11296
11297
14031
14414
11540
12478
11300
11301
14419
14417
11303
12261
13961
11424
12470
12526
12552
11308
12555
12541
11310
11371
13336
11312
12190
13338
11314
12179
13342
11638
13345
11443
11765
11318
11319
14455
14437
11422
12126
11557
11753
12339
12635
11324
11345
12771
11326
11327
13871
14448
11329
12096
12837
11331
12524
13357
12082
12539
12712
11334
11336
13354
11336
11840
13362
11338
12282
13364
11846
12338
11341
12948
12768
11937
12939
11404
12174
11345
12574
13093
12294
49222
11349
11803
13374
11351
11832
13379
12021
12575
12170
12409
11355
12163
13636
11357
11884
13389
11359
11365
13391
11361
11755
13673
11363
11597
13393
11365
11472
13398
11367
11778
13402
11369
11542
14444
11371
12400
14478
11373
11688
14479
11375
12934
13404
11377
12401
13900
11616
11380
12614
13588
11382
12127
14200
11384
12427
13414
11386
12306
13416
11388
12328
14493
11390
11750
14496
11392
12389
13418
12369
12626
11395
11400
14004
11397
11398
13927
14509
11400
11809
12650
11402
12301
13424
11404
12215
17051
11406
11530
13426
11408
12617
14281
11410
11678
13428
11927
12631
11413
11865
13422
11415
11416
14591
14650
11420
11430
11447
11423
11588
11446
12114
11524
12269
11432
12479
11431
12134
11426
11968
13025
11436
11429
13107
12979
11697
12174
11540
11439
12380
11435
12416
13192
11437
11438
13554
14264
12272
12347
11441
11442
14240
13862
11444
11445
14024
14380
11571
11448
11449
12719
12290
11451
13292
11521
11454
13218
12168
12575
12644
11457
13459
13455
12818
11460
11471
13464
11673
16928
11463
13468
13333
12774
11466
13544
11478
11676
12527
11469
12654
11674
11471
12628
13473
12737
12965
12601
12655
13172
12902
11478
11479
15123
13480
11482
15876
12583
13189
13628
11486
12802
11677
11488
13977
11678
13280
11492
14749
13448
11494
13840
13487
12804
11527
20734
11498
13515
12634
12463
11501
12775
11599
11503
13002
11680
13213
11940
12680
11661
11681
12805
11509
12622
12677
12106
12504
12302
12675
11679
12683
11682
12218
12669
12684
12685
16458
16628
12713
11520
12963
13937
11522
14334
12607
12964
11643
12924
11526
14344
12395
13686
11529
11530
12951
13504
13368
12116
12278
11534
13507
13787
11536
11613
13508
11646
11685
11687
12691
11683
13511
12252
12724
12695
11544
11641
13521
11546
12739
11688
12847
11690
13562
13525
13411
11552
15477
13526
11663
11665
11556
11557
11645
12860
12066
13349
11694
13030
11562
13173
13529
11752
12426
12510
12697
11662
12077
11695
13892
11568
13535
11603
11570
15073
12117
11697
13020
11692
11698
11689
11699
14868
11575
12990
13518
11577
13809
12071
11579
13969
11700
14997
15684
12751
11614
15504
11584
14224
12864
11671
11702
14000
11703
12718
11789
13149
12722
12000
12726
11593
12729
11704
11847
11596
13748
11706
12749
13010
12854
11602
14296
14039
12843
11605
12696
11708
12997
11669
11836
12742
11612
11613
14071
14647
13740
11616
13296
12746
13187
12155
12747
11620
12750
11711
11622
11626
14659
11696
11873
12497
12545
11626
11739
13577
12536
12753
18515
11630
12777
12146
11632
13605
11712
12608
12756
11635
13595
12624
11637
11638
14049
13597
11640
11641
13995
15070
12767
12442
12763
11715
12859
13461
12840
11718
11733
11650
12770
11716
11652
11845
12943
15708
11720
12286
11658
15625
12831
13366
13659
11721
11664
11875
13545
19037
11668
12119
11666
11667
11753
12978
11714
11670
11672
12120
12067
12987
11675
13591
13467
13049
13469
12653
14091
13081
13042
12807
12875
11684
14980
13495
11686
13630
13190
13178
14409
12800
11691
14211
12385
11693
14473
12102
12477
12915
13153
13534
12707
13262
11701
13248
11840
12918
12753
11705
14413
11841
11707
13326
11844
11709
13277
12932
13734
15904
14059
11713
13651
13446
13134
11839
11717
14500
12230
11719
14251
13609
13386
11722
14728
11846
11724
12111
13615
11847
12783
11727
12776
11845
11729
11988
13657
11731
13654
13176
11733
12662
12780
13306
13024
13092
13420
11739
13600
13661
11741
11976
13663
12647
12642
12784
11745
12787
12781
11747
13847
13669
11749
13581
13859
14435
11752
13331
13671
12703
11755
12668
12791
11757
13274
11848
11759
12917
11850
11851
13317
12793
13272
13238
22877
11837
13680
11767
13229
12254
11770
12828
14373
12863
12059
12869
11776
13687
13330
11778
11896
13688
12805
13677
11853
12786
12808
12809
11854
12438
12812
11786
12815
12157
11788
13955
13441
13060
13439
13055
12473
12817
14868
11795
12074
12819
12228
12580
11798
12821
12364
11843
19278
20946
11802
13752
13705
12958
11855
12861
11806
14336
13484
11808
12778
11857
12956
14632
14677
11835
11813
14811
12095
11815
13573
13710
11859
11897
11818
11860
13727
11821
13108
11823
11861
13214
12834
16628
11827
12218
14046
11829
12865
13728
11831
12666
13729
12811
11834
14030
13732
11836
11871
11838
13896
13972
13335
12857
11842
14539
12137
14368
12294
12883
16952
13109
11849
14329
12437
13234
11852
13531
11924
11854
15641
13677
11856
13517
13692
11858
14519
12005
13053
12054
12830
12832
11863
13157
12299
11865
12351
13736
11867
12954
13738
12152
12431
11870
11891
13707
12866
11873
11874
14154
13753
11880
11877
12435
13754
11879
13714
13756
12893
12931
11883
12874
12301
13014
11886
14001
13764
11888
12878
13765
11899
12302
11891
12245
13762
12980
21444
11894
11895
13950
14339
14225
13211
12706
11901
12734
12242
11914
12296
12303
12369
13802
12151
12519
11907
13779
13773
12563
13784
12410
12449
13300
11914
12184
12887
11916
14039
13797
12304
12738
11919
12362
13792
12891
12916
11922
12896
11973
11924
11925
14608
13807
11927
13390
13675
13140
12901
12913
12899
13071
11932
13806
14805
11934
13482
13582
12589
12974
11937
13494
13785
11949
49221
11940
12546
13866
11942
12892
13128
13351
11946
13110
12376
12582
12959
11989
12199
14857
12709
11952
13854
11967
12307
12972
13563
12309
13128
11957
12910
12306
12373
13407
12914
11962
12004
13757
11964
13906
13226
12128
12568
11967
11968
14825
13888
12263
12283
12727
11973
11974
13805
13942
13469
11977
14778
14894
11980
12752
12921
12312
12985
12313
13302
14949
16295
11996
13568
11987
12176
14073
13610
12567
11991
12905
12318
11993
13360
12261
13924
12320
12638
21411
13971
13332
13080
12264
12322
13082
12003
12004
14097
14850
13085
12007
12100
13929
13321
12030
14677
12012
12064
14748
12154
13132
12015
12083
12984
12670
13045
12018
13829
12389
12020
14076
13913
12226
12023
14766
13752
12816
12991
12249
12324
12992
13210
12165
14949
12353
13281
12325
12844
12305
13921
12998
12036
13843
13624
12217
12342
12260
13003
13007
12042
13220
12328
13686
14369
12065
13009
12046
12912
13964
12493
13013
12316
13015
13188
15817
13084
15477
12054
14447
13985
12364
14963
15112
12058
12688
13045
12725
12440
12862
12062
12206
13990
14368
15233
12365
14896
12714
12827
12329
13087
12069
14012
13997
12071
12072
14573
14003
12074
12311
13540
12076
13948
13739
13238
12079
12081
14787
12081
12089
15407
12393
13031
13032
12330
12465
12086
12512
14007
12198
12331
12089
15528
13583
12091
12092
14081
13984
12106
12327
12095
12096
16703
14009
12098
14259
13483
12100
12290
14013
12102
12103
14715
14015
12105
12867
12291
13421
12109
13062
13780
12111
12295
14025
12113
13266
12331
13440
12117
12118
15056
14027
12651
12704
12740
12122
13191
14033
12124
12135
14939
12298
12332
13065
14136
12130
13452
14035
12132
12822
13443
12134
12135
13923
14954
12137
12138
14740
14176
12630
12708
12141
12165
14959
12216
15824
12216
12656
12334
14045
12146
12147
13524
14761
12149
12243
19641
12151
12152
14029
15883
12154
12810
13778
12862
12157
12158
13827
13316
12160
13565
13695
14425
12163
12452
13476
12335
12576
13091
12167
13100
14065
12169
13076
12324
12171
14427
13134
12173
14139
13113
12993
12176
12367
13095
12296
12337
13099
13396
12181
13999
12998
12183
12184
12293
13103
12186
12534
12551
12200
12289
12189
12190
12338
13104
12192
12675
14463
12315
12648
12195
12339
14079
12197
14144
14074
12994
13034
12906
13105
12203
14018
14112
12205
14330
12340
13936
12208
13115
15601
12210
12288
14114
12285
12213
14215
12342
12343
13239
12344
13952
12966
13751
12220
13572
12415
12223
12679
14231
12225
13001
12345
12333
13123
12228
12275
14122
12230
12231
14783
14129
12233
14846
13606
12400
13133
12236
13495
14133
12238
13579
13141
12240
13904
13149
12242
12243
13558
16479
12245
13514
14782
12247
13769
14145
12484
12523
14150
12251
12986
12347
12253
14228
12877
12255
12735
12348
12257
14102
13017
12259
12260
14146
14166
13005
12263
12264
13925
13649
12266
12649
13873
12268
12736
12350
12359
13066
12271
14178
12794
13107
13156
12274
12275
13856
15147
12277
14126
12355
12280
13186
14291
12282
12975
14213
14459
12285
12297
13186
12835
12366
21323
14485
13319
13236
12292
13761
12401
13400
14020
14449
12850
12788
12879
12403
12759
12300
12806
12311
13771
14505
12682
13011
12755
12890
13860
12308
13666
12557
12310
13798
13874
13691
12402
12404
12314
13907
12544
12641
12961
12317
13918
12468
12319
13237
12405
12321
14243
13559
12323
14105
13307
13019
12326
13837
13800
14358
14253
13811
13352
12779
13046
13356
13511
12336
13000
12408
13743
12673
13365
12341
13313
12409
13369
13112
13371
12346
13574
12410
13433
12349
14424
13146
14169
13197
12353
13773
14219
12356
13152
12488
12361
13142
12412
12989
13196
12361
12362
14205
15083
12411
13683
13702
12697
22622
13310
12403
13552
13206
12371
12853
14238
12373
12374
14174
15041
12376
12377
14108
13879
12379
12710
12485
12382
13194
12452
12400
12385
12386
15066
14254
13041
13127
12399
12392
13227
14262
12598
12395
12396
15206
14267
12407
12687
12412
12413
12414
13849
12686
13026
13551
13203
12406
14312
12530
13347
13436
12981
13384
12760
12690
13221
12415
12416
15251
14270
12418
13832
12665
12420
13676
12731
12422
13851
13015
12424
12716
12589
12426
12427
13823
14282
12642
12745
12605
12612
12431
12432
14285
14272
12585
12846
12435
13946
14287
12437
12438
14720
14289
12440
14347
14676
12442
13271
14293
12444
12454
14294
12446
12848
15135
12448
13018
14297
12652
12451
14518
13665
12657
12454
12477
14299
12456
12998
20260
12458
12732
14302
12460
12485
14304
12462
12463
13777
14307
12465
12584
13381
12574
12587
12468
12469
14743
14310
12909
12603
12473
14268
14316
13716
16928
12476
13258
12590
13305
12540
12592
12592
12593
13088
12482
15029
14326
12484
13800
14337
12699
12487
14891
14343
12489
14171
13599
12491
13442
14355
12493
13566
14357
12495
13732
14361
12497
12498
14260
14365
12500
12925
14370
12502
13376
14378
12504
12505
14823
14385
12507
13632
13356
12554
12595
12510
14084
14388
12512
12578
14393
12596
13427
12515
13334
14376
12517
13500
14183
12519
12644
14395
12521
13607
12565
12523
12524
13958
14402
12526
12527
14106
14147
12546
12530
12531
15146
14406
12533
12534
14926
13905
12536
13308
13788
12538
13021
12598
13376
14454
12542
14182
15708
12544
12545
14962
14421
12660
12548
12646
14465
12880
13312
12551
12552
13974
14428
12554
13997
17863
12583
14188
12557
12558
14684
14432
12560
13210
13869
12599
13477
12563
13057
14439
12565
12566
15196
14446
12568
13035
13261
12570
12586
14453
12588
12601
12573
13282
14451
14041
13835
12808
13377
12578
12602
14257
12580
12581
13532
14467
12619
13784
12618
12698
13548
13054
12743
12824
13643
12591
13039
12614
13406
12594
14762
12809
13240
12597
13908
13801
13348
12600
13454
12723
12733
12886
14470
12605
12795
14474
12607
12608
15116
14476
12610
13148
13499
12612
12613
14278
14486
12754
12619
12620
12617
12637
13233
13883
12903
12841
12622
13953
13408
12624
12625
14583
14501
12643
13072
12628
13012
14503
12630
13205
14507
12632
13825
12913
12634
12635
14567
14513
12637
12640
13275
13410
12640
13599
14516
13217
13301
13498
12646
12670
14548
12648
12649
13698
14550
12957
14098
13253
13385
13460
12803
13457
13472
13590
14275
15535
12692
13987
13195
13475
13432
18375
12663
13430
13483
14061
12662
13484
14514
13586
12665
12666
16415
15372
12668
13657
15618
13346
13489
12672
13491
15708
18375
14187
14570
13104
13490
12820
14279
13493
12790
12925
13409
13470
12679
13224
14490
12681
13902
13494
13207
13423
14309
14489
13161
14483
13038
13497
12926
12688
14342
14186
12920
13222
13501
13447
13500
22697
12773
49128
13510
14047
13023
14443
13278
14092
13527
13382
13893
12711
14332
13645
13878
12868
13412
13939
14362
12978
13747
12705
12761
13600
13708
14522
14163
14472
12709
13537
13703
12711
13251
14620
13367
13912
13004
13438
13542
13538
14273
12930
12932
13030
13561
13236
13549
12762
12933
12856
13585
12723
12724
14680
14812
13309
12727
13594
13553
12955
13552
13144
14412
12731
12732
14690
15443
12825
14274
12872
13557
13230
14423
14194
14255
13286
13617
12748
14411
13202
14408
12935
13571
14311
13546
13618
13711
14175
13706
13776
13614
14495
12842
12936
12748
13547
15138
12801
13394
13553
14212
13584
14223
14130
14221
12937
13040
13587
13589
14117
12757
13593
14001
12861
12923
13596
13989
12761
13812
15473
12931
12764
14532
13603
13604
14232
13037
13297
13608
14193
13684
14670
13257
13794
13074
14499
13094
14461
12840
12895
22876
12921
14261
12855
13359
12884
12996
13069
13523
13126
14520
12995
13267
14250
14515
13401
13660
12783
13665
14191
13614
14190
12786
13667
13799
13155
13668
14156
14246
12790
13603
14229
13672
14722
12871
13255
12794
12795
15045
16004
12845
13740
13791
14184
12881
12940
13872
12801
13700
14692
12803
13415
14694
12924
12941
13158
13690
13465
13894
12810
14701
13290
13694
12813
13696
14346
12942
13865
13678
14249
12885
12943
12818
13699
14040
12820
13541
15568
13701
14577
13387
14160
13247
13295
12825
14382
15019
12827
12828
13982
14711
13273
14164
13709
13712
13534
13513
12928
12944
13715
13719
12898
13578
12893
12946
14010
14227
12922
13096
13090
13724
12904
14050
12849
12844
13536
13733
23526
13485
13735
12848
13739
15742
13028
12888
13742
12858
13147
12853
13703
14928
12855
12856
16454
15607
13249
13539
23737
12860
13463
13746
12929
12938
12864
12865
15791
15617
13193
13546
13417
13760
12949
13533
13768
12871
12872
15627
15615
13945
13052
13770
13750
14367
12877
12878
15082
15609
13145
13162
13567
13994
12939
12950
12884
12885
14789
13774
13165
14256
12888
13796
14792
13075
17405
12892
14798
13798
13118
12895
13642
14801
13403
13804
12898
13808
14799
12945
13806
13121
14372
12952
14797
13682
13772
12904
13864
14914
13160
13237
13320
13998
13139
13179
20415
13611
14208
12977
13957
12912
13413
14874
13966
13863
13882
13883
12953
13926
12970
13881
12954
12960
14222
13213
13120
14158
13503
12927
13520
15030
13168
13122
13516
13279
14588
13173
13766
14636
13550
13044
13298
13569
13560
13789
13547
14661
13006
12967
14614
13465
16525
13646
14258
13185
13612
13718
14805
13174
13177
13090
13721
13880
13723
13047
13744
12951
14772
13504
13626
13968
13996
14364
13884
13551
12957
14510
14828
13079
13909
13864
14379
13841
14922
13244
13697
12963
13913
14876
13486
14063
13903
13914
12967
13370
14852
12970
14975
14836
12972
13180
13915
12974
12975
14195
14838
12977
13231
14806
13875
13178
19869
13314
14426
12983
14564
13525
13033
13933
13119
14002
13434
14239
13833
13927
12989
12990
13502
14841
13492
13775
13914
13947
13922
13949
12995
12996
15750
15691
13618
14099
18092
13378
13437
13575
14022
13043
13059
13004
13959
13720
13361
13960
13786
14624
13962
14600
13478
13857
13466
13720
13011
13012
14540
14911
13014
14535
14387
14833
13017
13018
16129
15772
13077
14165
13086
13983
13348
13838
13023
13130
14888
13992
14359
13791
13889
13519
14002
13534
13983
14216
13029
13570
13573
14032
14442
14909
13033
13151
14908
13035
13241
14913
13037
13380
15918
13472
13040
13259
14919
13683
13043
13044
15356
15811
14185
13047
13989
14921
14017
14266
13621
14149
14011
14466
13052
15332
14920
13212
13602
13353
14008
13171
13953
13057
13467
15062
13059
13981
15757
13962
14315
14023
14210
13063
14936
13659
22620
13066
14037
14318
13116
13321
13069
14177
15043
13071
13510
13718
13208
14036
13074
13509
14941
13526
14118
13077
13219
14937
13079
14922
14957
13081
13082
14276
14048
13170
13180
13882
14058
13086
14519
15049
13963
13984
13722
15882
14143
14377
14064
14438
14969
13216
14019
13094
14068
15021
13311
14072
13887
14121
13288
14119
13392
14524
13100
14074
15012
13106
14530
13339
14110
13400
13796
13674
13106
13486
15889
13181
13719
14183
14109
14450
13730
14107
13217
13242
13115
13116
15684
15951
16707
13124
13182
13119
13175
14971
13121
13122
15724
16018
13731
14181
14054
14124
13126
13265
15018
13767
13898
13130
13199
15664
13132
13133
14893
15486
13681
13304
14137
13935
14401
13344
14135
14407
14979
13170
13141
13142
14653
14152
13144
13425
15032
13556
14155
13148
13945
21941
16660
14313
13151
13246
15038
14128
14170
14153
14433
13155
13355
16046
13435
13580
13158
13633
15749
13160
14392
15055
14201
13172
13169
16678
13165
13932
15058
14341
14525
14058
14206
13184
16685
13759
13183
13176
14560
13175
14592
14606
13556
13445
13181
13758
14303
13845
13447
13247
14093
15003
13185
13973
14903
14246
13444
16689
13190
13191
15338
15490
13193
14271
14593
13195
13911
16088
13790
14523
13818
13930
13199
14159
16082
13429
14082
13202
13375
15130
13205
14115
15242
13207
13208
16017
16099
13859
13890
14235
13212
13522
15090
13446
14247
14436
13216
13235
15927
13219
13395
15199
13269
14252
13222
13481
15099
13224
14112
14269
13226
13227
15220
16127
13230
13726
15355
14060
15031
26936
13276
14280
13235
13881
15437
14095
14471
17642
13243
14298
13241
14301
15127
13243
13244
16394
17753
13246
14005
15128
14142
13249
13970
15150
13251
13284
15152
14016
14978
13255
14080
15225
13257
13337
15165
13259
13419
15167
13261
13262
15288
13700
13870
14399
13265
14234
15169
13267
13325
15977
13269
13648
15175
13271
14040
15177
13273
14070
15180
14263
14328
13276
14517
15158
13278
13279
15768
16177
13281
13282
13528
14602
13284
14416
14589
13286
13938
15188
13288
13956
15190
13290
13294
15192
13456
14335
13634
14333
13294
14019
16180
13328
13297
13298
16202
16158
13549
13991
13301
13302
14088
14353
13304
13724
15052
14032
14363
13307
13308
15869
16210
13533
13951
13311
13323
15832
13611
14375
13314
14331
15149
13316
13317
14596
14405
16473
22597
13320
13530
14854
16277
13323
13616
14927
13325
13979
15744
13327
13749
14020
15239
13451
13330
13331
14696
15992
13333
13334
14556
15552
13462
13756
13337
14545
15134
13339
13674
15257
13341
14323
14728
16282
13397
14434
13344
13405
15249
13450
15641
14484
15240
14410
14739
14441
13944
14445
13912
14140
13353
13383
15266
13355
13363
16294
14179
13407
14404
13359
14431
16272
13361
14078
15272
13363
13539
16112
14214
14298
14087
14460
13367
14216
14808
13485
13947
13370
14462
15234
13978
14502
13505
13545
13505
14960
13375
13909
15280
14998
13378
13799
15282
13380
13694
15398
13382
13383
15411
16316
13385
13576
14605
13387
13578
15285
13401
13453
13390
14387
15283
13392
13399
16322
13394
13395
16176
16325
13397
14469
14656
13399
13617
16253
13704
13403
13689
16161
13405
14673
15295
13769
14543
14481
13409
15002
15298
14028
14244
13412
13413
13745
15293
13415
14284
15103
13417
13861
15963
13419
13767
15302
13655
14057
14506
14976
13423
13737
15592
13425
13852
15308
13427
13506
14511
13429
14192
15959
13431
15268
13459
13639
14208
13434
13435
15996
15983
13437
13438
16315
15712
13954
14006
13441
13442
15755
16371
14161
13449
13448
13885
13580
14592
13492
13946
13598
16979
13452
14142
14776
13660
14100
13638
14679
13456
15328
16811
13458
15746
13627
15323
13461
16363
13629
13463
16173
15344
13474
13631
14553
14554
14698
15347
14044
14555
13620
13471
15120
13633
15820
13474
14504
14557
13476
15798
13635
13637
15535
13479
14558
13634
13481
15125
15358
13873
14561
14562
14718
14714
14942
13488
15599
15369
16908
14572
16952
13639
14182
14576
14546
14578
14579
15028
13782
13834
14582
20260
13640
14396
14563
15396
14590
13502
16106
14842
14230
14371
13506
18299
15361
13874
14675
13509
14649
15404
14950
13623
13513
13514
14248
15409
13783
14568
13517
15415
15413
13642
14843
13520
15417
15342
13522
15072
15418
13524
15527
16515
14056
13928
14389
14603
14220
14601
13530
14737
15421
14398
14607
14123
14468
14611
13536
13619
15036
14508
14615
13643
14619
14622
13541
13830
14623
13543
15594
14043
13664
15124
18265
15403
14645
13559
13644
14630
13602
14673
13624
14635
13582
14265
13645
14359
13656
13558
15020
16479
13561
15703
15475
13601
14638
13565
15369
15674
13567
15187
22474
13570
15406
15204
13572
15955
15252
15203
13575
13576
16077
15469
13662
14757
14651
14116
14652
14654
13625
14797
14655
14657
15656
13647
14646
13586
14658
14644
13588
15809
13648
13975
14662
13591
15485
15464
14663
14728
16952
14477
14900
13649
14640
14356
14584
13641
14595
13598
14051
15451
14946
15210
13727
14631
14923
13605
14687
13650
13607
14995
15197
14669
14968
13610
15501
13658
14832
13613
14809
13652
14847
13616
14026
15510
14610
15237
16908
13621
13622
14816
13713
14085
14768
13641
13626
13890
13646
13628
15633
13956
13630
15593
15337
13632
15349
14180
14873
15341
13636
15201
13813
13638
15873
15352
14871
13835
14571
14587
14665
14113
13735
14245
14629
15161
14306
15985
14681
13651
15515
13886
13653
15652
13877
13655
13656
15581
15506
13658
16477
18449
13668
13662
15210
15522
13664
15908
16512
14965
13917
14683
14682
19641
14686
13670
15620
15528
13822
15856
13673
14688
13819
15289
13824
15284
14386
14689
16523
13826
15669
13680
13803
13821
13682
15736
15543
13810
13685
15647
13828
20322
14034
14695
13689
14226
14693
13691
15571
13830
13693
15414
13920
14844
13831
15675
14290
14699
13698
15563
14551
14317
14703
14705
13702
15472
14086
14616
14709
15601
13706
14775
16543
13708
13763
15574
13727
14755
13711
15205
15516
13986
14982
13714
14817
15483
13716
14845
13833
13734
17235
15311
14948
14880
13722
14886
14723
14292
14670
14726
13726
14321
14727
14977
15576
13730
15373
15590
13835
15011
14729
13836
15218
49230
14855
13737
13818
14733
13838
13884
14866
19000
13841
14461
13743
14735
13839
13745
15468
15602
13747
15345
15603
13749
13819
15612
13751
15024
14103
14774
13842
14864
13755
14288
14738
15245
13846
14851
13759
14767
13844
13761
16194
13848
13763
14974
15622
13850
14901
13766
15611
15595
16041
14591
15026
14773
13771
15694
13852
13853
14849
14770
13775
14790
15630
13777
15433
14308
14702
14786
14464
14769
13816
15635
13782
13783
15636
15588
13820
13786
14581
15638
13854
14885
13789
16212
15584
14650
14788
14791
13855
15085
13834
14132
13795
14794
14075
15051
13857
14953
15054
15274
15095
13803
19269
17378
13805
15541
13943
13808
15655
15827
14528
14574
13811
13812
13858
14796
13814
14667
14249
13931
18910
13817
15666
15304
14931
15509
13897
14440
13895
15505
13823
15518
14283
13825
16403
13967
13827
15770
14596
13829
15173
13898
14858
13832
16381
16533
15106
15737
13837
16243
15096
14970
13840
16069
15598
15160
13843
16634
14587
13845
16061
13916
13847
15667
15619
13849
15278
13899
13851
16087
14834
15973
14674
14826
13856
16393
15640
15047
13963
14795
13861
13957
15663
13863
14242
15657
15310
13890
13901
14061
13931
20647
13870
14237
15670
14121
14810
14552
15105
14811
15223
13877
13878
16618
15672
13880
15428
15495
14724
15115
13891
14094
13886
13887
17046
15677
13889
14827
15487
13892
13893
13894
14633
14708
13896
16899
15275
14188
14869
14613
13900
14678
13973
13902
16336
14580
13904
15733
14314
13974
15111
14134
15219
14354
14961
14512
14818
14829
13911
14527
14830
15660
15716
14860
13916
13917
16661
15687
14742
14835
13920
13921
15696
13975
13923
15739
15556
14544
14681
13971
15114
14846
16163
13930
14014
15709
19270
15717
15811
13934
15060
13976
13936
15162
14055
13938
14877
15725
13940
15440
14053
13943
13944
16522
15734
19471
15140
15122
14295
14865
14863
17051
13965
14340
14872
14021
21276
14972
13955
15460
15754
15699
14642
14338
14403
14168
14879
13961
14883
13979
15068
14933
13965
14875
15763
13967
13968
16666
15765
13970
14480
15529
13972
14364
15118
15037
15698
13977
14943
14090
14856
17051
14867
13981
13988
14878
14445
14712
14892
14083
13986
16293
15776
14021
23814
14086
15781
15221
13991
14055
15787
13993
14915
14093
14084
14374
15071
14798
14895
16686
13999
16279
14586
14094
14184
14899
15009
14096
14575
14005
14098
15796
14089
14902
14241
14394
14453
14907
14010
16703
14820
14012
14725
16686
14014
14095
15812
14016
14717
15814
14018
16251
14627
16227
14022
49155
15823
14024
16391
14381
14026
14542
15835
14028
15057
15837
14397
15883
14100
14730
14218
14415
14934
14034
15492
15846
14101
14777
14088
14945
14319
14485
14066
14092
14951
14704
14068
14175
14043
14044
16461
15862
14085
14099
14047
14103
15865
14104
14277
14050
14051
15805
16679
14053
14054
16475
15586
15022
14057
15723
15803
14671
14060
14212
15875
14639
14063
14384
15885
15882
14066
15013
15890
14157
17145
15184
14070
14956
15894
14458
14648
14073
15899
14988
15690
14076
16595
15902
14078
14227
15551
14080
14087
15005
14082
14083
15343
15998
14744
15226
15208
14707
15265
14360
14691
14091
14831
14192
15094
14599
15317
15217
14097
15912
15714
16003
15008
15482
14102
16137
16130
15023
14105
15753
15868
14148
14429
14108
15948
15428
14191
15010
14111
15722
14872
14626
14195
15102
14115
14196
16006
14151
14197
14118
16260
16398
14120
14672
14127
15006
14123
15148
16014
14198
14609
14157
15625
14127
14128
16214
16356
14130
14785
16012
14132
14164
15834
14134
15325
16791
14136
14822
14199
14138
16287
15322
14327
15033
14141
15966
14391
14198
14144
16030
15778
14146
15371
14167
14148
14149
15536
16032
14165
14236
14189
14190
14204
15209
14154
16042
14864
14156
15442
15946
16801
14159
14193
14918
14161
15086
14975
14163
14173
16044
14618
14660
14167
14168
16419
16049
14194
14201
14171
16050
15857
14173
14488
16052
14482
15040
15042
14177
14741
16055
14452
15044
14180
14181
16815
16047
14188
15254
15229
14186
14187
14862
16065
16458
14202
14967
15646
14917
14840
15238
14485
16008
14203
14882
15016
14200
15681
14527
15301
14203
14848
15980
14205
16009
15084
14207
15214
14528
15100
14210
14350
16071
14745
15065
15067
14214
14839
16075
14462
14525
15069
14218
14674
16080
14220
15845
16084
14222
14604
15333
14224
16298
15792
14226
14279
15077
14697
14814
15081
14230
14925
16090
14232
14492
16094
14234
14643
16097
14236
14237
15826
16851
14239
14929
15870
14241
14242
16378
16855
14244
14245
15462
15784
14804
14248
16281
16104
14598
14251
15564
16074
14253
15027
14494
14255
15877
16108
14257
14641
14529
14259
15731
15360
14366
14422
15107
14263
16128
16118
14265
14266
16223
16872
14268
15207
15446
14491
14628
14271
15253
16120
14273
14286
16125
14275
16468
15873
14277
14489
15108
14475
14487
15109
14281
14594
14458
14283
14284
17052
16132
14286
14815
15937
14288
15795
16442
14290
14721
16138
14292
14804
16141
14531
15179
14295
14300
16134
14325
14952
14349
15773
15137
14300
14363
16149
15141
17863
14303
15445
16337
14332
14456
14306
14418
15092
14308
14309
16534
16151
14311
15389
15632
14471
15145
14314
14315
16917
16153
14317
15447
15661
14319
14523
15164
14321
14526
15171
14323
14498
16164
14325
14352
16167
14327
16306
16170
14329
15800
16174
14331
14940
15182
15679
14334
15898
16136
14336
16162
15715
14338
15097
16182
14340
14341
15982
16184
14410
14861
14344
14898
15577
14346
14347
14700
14758
14349
14350
15575
16546
14352
15316
16116
14354
15265
16728
14356
16373
16205
14534
14664
14399
14506
15211
14536
14547
14362
14731
16200
14612
15275
14366
14367
15654
16215
20414
19388
24174
14371
14372
15810
16218
14374
14713
15399
15187
15246
14377
15554
16221
14379
15262
16224
14381
14382
16631
16229
14384
14710
15480
14386
14992
16231
15537
14389
15157
16233
14391
14392
16729
16236
14394
14529
15929
14396
14397
15375
16239
14405
14566
15230
14401
14996
16244
14403
14404
16027
16246
15388
14407
15385
16248
14409
15034
14537
15098
14540
15076
14413
15384
14538
14415
14416
15729
16254
14418
14420
15818
14420
14991
16261
14422
15874
16264
14424
15910
16266
14427
16157
15736
14429
15037
16270
14431
15136
15244
14433
15519
16273
14435
16054
14497
14448
15258
14438
14457
16268
14440
15063
14870
14442
15494
16290
14444
14621
14526
15297
14447
15198
16292
14810
14450
14542
15269
14452
15997
16300
14973
14524
14543
14456
14457
15945
16996
15401
14530
14544
14513
15143
15276
14597
14464
14578
16307
14466
14549
16309
14468
14469
15829
16311
14541
16342
14473
15848
14716
14475
16005
16328
14477
15117
16331
14545
15486
14480
14537
15841
14482
16247
16333
14484
15707
16117
14487
14488
15573
16630
15314
14491
14492
15351
17038
14494
14495
15395
16122
14497
14498
16388
16864
14500
15853
14784
14502
14585
16345
14504
15689
16347
14522
14546
15305
14508
15243
16354
14510
15114
16358
14512
15363
16361
14569
14515
14719
16364
14517
14947
16366
14746
14966
14520
17610
14565
14997
14964
14617
15079
15014
15500
15263
14881
15458
15155
14532
15903
14924
15126
16686
17863
14535
16901
15538
15304
14930
14539
15914
16250
14910
14547
14634
14666
15259
14912
16275
14549
14570
16485
14551
14552
16587
15339
15545
15547
14968
14556
15994
15553
15348
16349
15048
15340
14565
15233
14636
14737
14655
15357
15353
15360
14564
17094
15723
19702
15542
15719
14568
14569
15367
15365
14824
15374
15416
15290
15376
14574
14575
15377
15370
15631
15650
14747
14748
15382
14580
14581
17700
17108
15452
15821
14584
14585
15386
16422
14637
20260
15390
14734
14749
15153
16256
15255
15393
14650
14771
15402
16121
15159
15400
15364
15391
15388
15015
15235
14668
15969
14916
16353
14750
14778
14602
15423
15997
14896
15227
15986
16013
15470
16399
14781
15893
14608
15720
15655
15426
15587
15189
16252
16023
16321
15429
16207
15174
16040
14744
14751
14616
15430
15839
15431
15629
15181
15833
15685
16126
15154
15678
14889
15499
15151
16111
14859
16070
14752
14772
14632
17998
14627
14628
16469
16339
15212
15673
15217
15789
15091
16760
49225
14708
15439
15271
16024
14640
16169
14754
15452
16401
14745
14755
15353
16335
15456
15059
15457
14807
15662
14805
15292
15268
15463
15465
16147
15466
16297
14648
14649
15916
16990
14800
15286
14653
15474
15209
15393
15764
15476
16313
16382
14756
15407
15608
15896
14746
14757
14938
15825
14676
15241
15484
16259
15376
16284
15187
15231
14802
15489
15080
16238
14668
15202
16959
15410
15412
15224
15215
15502
15191
16213
15503
15975
14885
15941
14758
21327
15279
15420
14680
16369
14813
14753
15274
15513
14684
15524
15519
14759
16479
19641
15481
15525
15514
16095
14764
15508
14690
15532
15444
15450
15533
14706
16175
15078
16160
15104
15854
14696
15549
16854
14821
15550
15410
15555
14700
15557
15626
14702
15000
15133
14704
15968
15178
14706
15288
16539
15144
15565
15546
15051
16059
14760
14761
14712
14713
16404
16503
15653
15775
14716
14717
16720
17300
14719
15715
17031
14721
16174
16550
14763
15618
14762
14765
14837
15436
15126
16310
14803
15567
15172
15354
14730
14731
15939
16554
14819
18150
14932
15591
14780
16179
14793
16068
15046
15601
15951
15604
14739
15425
16548
14741
16250
16566
14743
15961
15389
15157
14906
14935
15228
15471
14896
14771
15392
15864
14853
15380
15639
16285
15261
16021
15596
15605
14981
15321
16103
14984
15626
15512
16010
15479
17970
16515
15000
14764
16766
16547
15531
15579
14987
14988
16060
16338
14980
14989
14770
15621
15845
14779
15362
15371
16238
14775
14987
16573
14777
15016
16575
15908
14780
14781
18062
17354
14974
15424
14784
14785
17357
17355
14893
14912
14991
15407
15629
15634
14790
15692
16571
15488
15642
14793
15643
16805
15166
16594
14796
15989
16804
15053
14800
15828
16599
14802
14803
17956
17377
15585
14807
15113
16483
15461
15659
14904
15651
14993
17391
14813
14814
16616
15561
14986
15883
14817
15676
16621
15578
17378
21362
14821
15088
16625
15250
15680
14976
14992
16067
16763
14826
14827
15950
16602
16002
16360
14958
15682
15264
16096
14944
15645
15101
15247
14834
14835
16636
15644
14837
16209
17341
14839
15238
16432
15695
16109
14842
14843
16646
15686
15193
15397
15701
15705
14994
14848
16124
16655
15544
15711
14851
15714
16028
14853
15236
16656
15422
16400
15653
15786
16022
16346
21504
14859
15572
17266
15434
15732
14862
16155
16066
15738
16022
15740
14866
16035
15741
14884
15743
14870
14871
16833
15570
16319
15121
15748
14875
15294
16984
14877
15881
16671
15756
15783
14880
15758
15555
15216
15378
15474
15759
14884
15273
17459
15600
15496
15531
14977
14996
14889
15665
17441
14894
18429
14897
14978
15050
15790
15486
17379
15521
15779
14898
16193
16687
14900
14901
16196
15794
15459
15534
14904
15119
16692
21839
14983
15497
15267
15799
15039
15441
14998
14999
14911
16386
15689
15132
15288
16144
15804
15806
14916
15213
16651
14918
15412
16389
15168
15808
15693
16037
15222
15467
15816
14924
14925
16757
17530
14973
15111
15511
15831
14929
15839
16465
15035
15840
14932
15710
16778
15844
16000
15429
15475
14985
16001
14979
15635
14938
15200
17581
14940
14955
15850
15405
15852
15887
15888
14944
15061
16744
15855
16101
14947
15857
16739
15256
15705
21701
15312
15867
14952
14953
15858
15727
14955
15556
16902
14959
15001
14958
15816
16727
14969
21866
14962
15683
15874
16870
22045
15558
16305
14966
14967
15879
15878
15194
15319
15494
15009
15893
15002
15003
15004
15064
16039
15093
15300
15232
15156
15028
14982
14983
15597
16564
14985
15523
17309
15478
16241
16506
14990
15448
15583
15901
16718
15321
15872
15007
15649
14995
15668
16583
16350
15017
15262
15435
16291
15580
15195
16299
15860
16302
15330
15799
15225
15565
15007
15952
16682
15408
15892
15762
15270
15346
15416
16048
15013
15971
16652
15015
16186
16782
15427
16849
21608
15170
16011
16230
16759
15616
16010
15186
15387
15163
15788
15025
15866
15025
16217
16463
15634
16023
15176
15394
15325
15030
16407
22046
15309
15383
15326
15951
15035
15131
16847
15218
15774
15331
15039
15129
17171
15041
15324
15074
15185
15517
15526
16056
15045
16057
17055
15327
16058
15048
15728
16746
15050
15350
16821
15643
15567
16288
15054
15780
15105
16237
16343
15057
15075
17018
15059
15718
16826
15061
15441
16829
15063
15745
18544
15623
15925
15066
15498
15877
16072
16169
15864
16073
15461
15790
15071
15072
15922
16736
15074
15075
15802
17492
15139
16051
15078
15110
17713
15080
16324
16842
15082
15493
15610
15084
15085
16578
16092
15287
16038
15088
16093
17391
16845
15316
15322
15091
15419
16839
15466
15819
15307
15871
15767
15891
15096
15097
17103
17477
16154
16548
15359
16105
15101
15570
16677
15685
16110
15104
16133
16669
15548
15701
16113
15332
15333
15315
15752
15110
15569
17269
15329
20845
15875
16886
16114
15502
15658
15117
16136
16888
15119
15420
16893
15121
15299
16896
15434
15775
15124
15125
16140
16883
15807
15142
16144
15129
15797
16467
15131
15281
16904
15133
15134
16800
16145
15136
15843
15559
16076
16146
15139
16147
16906
15650
15795
15142
15807
16897
15144
15366
16910
15146
15540
15385
15148
15640
16914
15183
16156
15151
15530
17892
15153
15154
17165
17816
15260
15935
15906
16249
15381
15159
16367
16920
15277
16396
15730
15766
15163
16245
16649
15431
16008
15166
16145
16642
15168
15303
17828
15170
16098
17830
15172
15940
16929
15174
15648
17794
15176
16383
17213
15178
15179
16793
16165
15181
15895
16537
15183
15851
16933
15185
15186
17869
17842
15189
15726
16937
15191
15700
17597
15193
16181
16938
15195
16269
16940
15197
15198
16584
17849
15200
16327
16498
15202
15849
16942
15204
15205
16437
17858
15207
15577
16581
15782
15934
16189
15473
15212
15213
18325
17879
15215
15216
17512
17521
16780
15320
15220
16031
16955
15222
15364
17401
15603
16093
16107
16143
16025
15583
15892
15228
16235
16953
15318
15642
15306
15671
15248
16948
15815
16192
18447
15235
15236
17604
17851
15408
15923
16257
15614
16258
15335
15774
15465
16064
15243
16007
16935
15560
16271
15483
16172
15247
15248
17935
17413
15250
15296
16607
15252
15253
17349
17938
15255
15256
17111
17204
15291
15721
15649
16280
15260
15261
17952
17946
15435
15264
15884
16988
16629
15267
16318
17511
15323
15270
15271
17079
17960
15273
15933
17271
15760
15520
15277
15387
17009
15279
16195
17012
15281
15682
17014
15760
16314
15284
15539
16304
15286
15287
17761
18086
15290
15291
17499
17725
15313
16385
15294
15602
17023
15296
15503
17034
15735
16330
15299
15861
17020
15943
16351
15695
15706
15303
16341
17914
15450
15306
15307
18015
18108
15309
16102
16950
15806
16226
15312
15313
18036
18111
15315
16152
16726
15334
15318
15319
17739
18001
15336
16242
15438
15454
15328
15801
16334
15449
15327
16171
16797
15932
15330
15331
17077
16796
16036
15830
15455
16115
15336
16117
16869
15338
16558
15491
15357
16589
15341
16406
15897
16407
16450
15999
16379
15345
17839
17026
15878
16408
15464
15745
15349
17085
16816
16410
17610
16340
17039
16368
16913
16412
15355
16481
15909
15979
16413
16414
15359
16885
17093
16863
15362
15363
16286
16416
16641
15366
15368
17095
15368
15589
17097
16425
15379
15911
16418
15373
16926
17100
15375
17322
16240
16697
15378
15379
17473
17104
15381
17430
16234
16276
16420
15384
16421
15913
16968
16206
16423
16428
15769
16439
15391
16819
17119
15919
16438
16430
15395
17999
16123
15920
16660
15398
16433
15917
15921
16505
15401
16434
15915
15403
16983
15923
15405
16992
17132
16159
16436
16586
15424
16104
16443
15439
16317
16444
15414
16447
15697
16020
16446
16448
15762
16449
15419
16738
17509
16858
15422
15606
17147
16085
16451
15924
16442
17371
15427
18104
17156
16518
16721
16355
16455
16459
16535
16650
16464
16225
15437
17502
15926
16262
16880
16471
16201
16474
17182
15507
16476
15444
15445
16517
17167
15447
16582
17545
15449
17905
17187
16612
15930
16681
15453
17188
17192
15455
16289
17193
16021
16480
15458
16482
15928
15460
17381
17196
16835
15785
15838
15896
15931
16492
16409
16814
15468
18019
17997
15470
16079
17207
15472
16453
15934
16804
16190
16665
15936
16715
17405
15937
16861
15480
17216
15886
15482
17697
15938
16623
15974
16493
15822
16491
15488
16604
17486
15686
16495
15491
15492
18210
17223
15562
16971
16497
15496
16520
17229
15498
17243
16644
15500
17748
15940
16074
16499
16500
16890
22285
16501
17378
15507
15582
17226
15509
17389
15613
15511
15836
17240
15513
17541
17242
15515
17424
17047
15517
17860
17246
15991
17053
16508
15521
17070
17251
15523
17064
17252
15688
16509
16046
16494
15527
17254
18003
17066
15530
15988
16514
16916
16232
16516
15534
17260
17258
16033
16370
15538
15539
17069
17263
16344
16969
16397
16521
15771
16487
15544
16965
17261
15546
18909
17273
15566
16526
15941
16527
15847
17062
15551
16528
15933
15553
15554
17589
17277
16674
17461
16063
16139
15574
16532
15560
16713
17083
15562
16617
17286
16588
16754
16365
16530
16538
15930
16525
16540
15569
16070
16541
16834
15572
15978
16542
16329
16724
15624
16199
16545
15617
15942
16688
16362
16549
15580
17310
16800
15582
15803
17311
16502
15703
17884
15946
16142
15587
17317
17163
15589
15637
17318
15947
17101
15592
16556
16016
16405
16557
15713
16460
15596
17330
17160
15777
16563
15599
17617
16426
15949
16639
17611
17025
15605
15606
17991
18288
15608
16614
17334
15610
15611
16972
17328
15613
15614
18297
17722
15616
15628
17238
15793
16478
15620
16601
17076
16308
16568
15623
15624
17338
17332
22223
16062
15628
16025
17345
16552
15631
16572
17350
15954
16441
15747
15953
16585
15905
15637
15956
17505
15639
17109
17363
17161
16523
16982
16934
15960
16638
15646
16596
15958
15648
16107
16597
16553
16980
15652
17495
17382
16820
16216
16265
16608
15964
17066
15658
16857
17383
15660
17803
15965
15967
17470
15663
17387
15962
15665
16083
16611
15907
16612
16029
16600
16395
16591
15957
15969
15671
16853
17365
15673
16619
17390
15675
16427
15970
16034
16620
15952
17048
15679
16624
15944
15681
17380
15884
17476
15863
16876
22184
16706
16648
15688
16662
17415
16348
15778
15971
15692
15751
17417
15694
16590
15972
17037
15697
15698
19254
15974
15700
15953
16445
15702
17159
17419
16824
17028
15707
18094
17423
15710
15813
17427
15975
16714
15713
17431
17425
16559
16924
15881
15902
15718
17435
17433
15720
17202
16609
15722
17157
16320
17607
16019
16220
15726
16672
17444
15728
15859
17449
16081
16255
15731
17452
17432
15733
18131
17453
15735
17314
17454
16963
15956
15987
15739
17710
17556
16043
16663
15742
16751
15843
15744
16722
15976
17210
15747
15854
17412
15749
17152
15978
15751
16026
17462
15753
17418
17465
15755
17197
16372
15757
17059
15979
15842
16673
15980
16664
15761
17242
17422
16773
15981
16985
15983
16675
15766
16668
17313
15768
18039
16178
15770
15771
15957
16659
15773
16131
16198
16908
16967
15777
17958
17484
17185
15780
17652
16527
15782
15783
17690
17488
15785
15786
18037
17865
15788
15789
17437
17198
16472
15792
15793
17703
17490
16086
16197
16690
15797
16148
16693
15849
16089
16698
16119
16699
15802
17506
18077
16496
15805
17568
16680
16735
17049
15809
17799
15984
16091
16219
16413
15813
16843
18428
15815
17302
17518
16278
15824
49207
15819
16263
17523
15821
15822
17180
17525
16078
16258
21276
15826
18024
16852
15828
16610
17533
16015
16312
15986
16036
15832
16709
15900
15834
17786
15987
15836
16024
17538
15838
17019
17540
16456
15841
17561
15988
16049
16711
16712
15989
16978
16569
15847
17224
17552
16045
16719
17555
15851
16903
17557
15853
17988
17358
16635
16629
16859
15990
15992
16807
15859
16168
17559
15861
16303
17563
15993
17036
16710
16728
16732
15866
15867
17707
17572
15869
17466
16211
15995
16466
15872
17575
17574
16911
16875
16072
17751
21504
16643
15880
15880
16001
16741
16848
17469
15886
15887
18347
17578
15889
16723
15935
15891
16654
17580
16860
16776
15895
16299
16752
16809
15898
18121
18052
15900
15901
17536
17583
16570
16166
16756
16150
49237
15906
15907
18066
17304
15919
15910
17190
16788
15912
17979
16560
15914
17106
17099
15916
17810
16991
15918
17123
16203
16702
16375
16789
15922
17127
16737
16836
15925
16606
17129
15927
17001
16376
15929
17744
16377
16790
15932
17676
17191
16524
17150
17551
16223
16462
16489
15939
17126
17214
17768
17016
15943
17491
17255
15945
17394
16997
17003
15948
17662
16519
15950
17599
16603
16784
16774
15955
18047
17348
16701
16658
15959
17373
16379
15961
17778
16440
15963
16944
16374
16103
17876
15966
17385
16730
15968
17649
16794
16725
16380
17113
16615
15973
17289
16102
18090
16976
15977
17043
16026
16931
16867
16943
15982
17655
16185
16993
15985
17029
16383
16786
16999
16881
16577
15991
17063
17546
16854
15994
17934
17590
15996
17732
16993
16452
15999
16000
18072
17593
16562
16003
17041
16148
16005
17055
17600
16007
16267
17605
16267
16191
16579
16783
16947
17610
16013
17356
17608
16015
16915
17614
16017
17321
16100
16019
16020
18017
17621
16878
16841
16986
16949
17282
16958
16183
16798
16029
16561
17635
16222
17651
16792
17633
16033
16034
17245
17628
16135
16750
16037
17656
16039
16704
16384
16041
17056
16341
16043
16274
16803
16045
16053
17661
16296
16048
16817
17669
16781
16357
16806
16386
16810
16053
16762
17666
16382
16387
16056
16567
17625
16301
17682
16059
17637
17624
16061
17173
17663
16063
16064
18498
17687
16066
16067
17812
17283
16069
17665
17616
16683
16390
17058
16828
16153
16831
16531
16076
17749
17698
16078
16079
18634
18547
16081
16976
17864
16083
16389
16837
16085
17259
17711
16087
17868
16637
16089
16096
17717
16091
17532
17720
16392
16580
16844
16095
17040
17728
16513
16098
16385
17736
16100
16101
18518
17737
17409
16640
16605
16106
17975
16647
16748
16109
16645
18451
16257
16900
16112
17752
16294
16114
18022
16359
16116
17996
17759
16862
16119
18326
17762
16121
17940
17764
16123
16124
18860
17767
16126
16489
17124
16128
16955
18192
16130
16131
16892
17773
16133
17054
17548
16135
16149
17789
17680
16576
16891
16139
16551
17791
16761
16884
16142
16143
17792
17779
16539
16922
16394
16927
16909
17004
16207
22046
16152
16536
17801
16511
16155
18076
17811
16157
17456
16964
16159
16204
17814
16161
16956
16397
16812
16923
16395
16398
16283
16866
16166
16795
17795
16168
17759
17834
16808
16171
17008
17837
16173
17743
17838
16700
16176
18075
16326
16178
16179
18469
17844
16181
16228
17480
16183
17479
17848
16185
16186
18227
17854
19270
49180
49197
16208
17520
16190
16191
17220
17861
16193
18034
17496
16195
16374
17398
16197
16332
16946
16199
17774
17872
16201
16555
17877
16203
16204
17985
18630
16206
18128
17117
17808
49204
16384
17881
16211
16212
18295
17883
16214
18041
17399
16216
16217
18330
17887
16219
16220
17631
17384
16222
17278
17513
17067
16225
16226
17211
17893
16228
16376
17115
16230
16633
17896
16232
17574
17898
16234
16235
18394
17900
16237
16731
17472
16598
16240
16241
18403
17906
16243
17447
17102
16245
16352
17908
16247
16798
17910
16249
16970
17912
16918
16966
16987
16253
17846
16323
16255
16256
18083
17919
16431
16868
16260
17218
17598
16262
16263
17613
18492
16265
16877
17172
16660
16787
18029
16269
16998
17927
16370
16796
16272
16974
16758
16274
16510
17930
16276
16305
16977
16685
17576
16396
17943
16400
16401
16281
17945
17645
16283
16284
18054
17948
16286
17221
17092
16288
16289
17756
18685
16291
17366
17689
16293
17850
17957
16296
16473
27091
18444
16298
17825
17704
16873
16301
17144
17967
16303
16353
17968
16402
17264
17006
16407
17008
16308
16420
17964
16310
16486
18410
16312
16313
17316
18078
16315
17089
17431
16317
16318
17408
18084
16320
16321
18474
17138
16323
16324
18060
17442
16326
16327
18238
17915
16329
17601
17840
16404
16435
16332
16889
18088
16334
17911
18468
16336
18063
17701
16338
17169
18096
16340
16470
18098
16411
16343
16344
18026
18100
16346
16424
17693
16348
16349
16708
18105
16351
16352
18071
18278
17421
16355
16936
18106
16357
17399
18114
16359
16360
18722
18116
16362
16417
17754
16399
16405
16365
17033
18118
16367
16739
18122
16369
18051
17392
16507
16372
16373
18675
18127
16627
16593
17094
16429
16378
17746
16856
17451
16381
17080
17367
16871
16490
16457
16802
16708
16388
17758
16865
16488
16391
17660
16632
16393
18081
17694
19460
16818
16613
16925
17272
16695
16994
16657
16403
17507
16667
16504
16544
16747
18120
16743
17078
17081
17917
16822
17082
17057
17913
17087
17866
17088
16716
17516
16533
16926
16417
17092
18608
16419
17586
16781
17933
16951
17105
16423
16424
17107
18144
16426
16427
18712
17112
17010
17843
17002
17114
16676
17110
16432
17788
17749
16939
17122
16921
17809
17455
17798
16437
17130
17859
16733
17133
16440
16441
18157
17679
16691
17135
17137
16488
17136
16775
17596
16447
17141
19254
17142
17670
16450
17143
17471
16452
17695
17144
16954
17149
16614
16758
16456
17158
17166
16705
17889
17308
18029
16461
17162
17036
16717
17074
17888
17949
17164
18124
16466
17166
18735
16694
17170
16759
16912
16470
16966
18738
17176
17273
16823
17775
49200
16475
17181
17317
17003
17228
16478
16499
16764
16808
17404
16930
17189
16827
17745
16887
18002
16678
49208
16486
16763
18198
17201
17735
17209
17638
17030
17212
16492
17215
17210
17203
17217
17219
17963
17222
17955
17607
17950
17227
17366
17916
17922
16765
17186
17233
16549
16962
17237
17904
16504
16505
18058
17902
16718
17022
17244
17247
16509
16510
17248
18215
16917
17253
16702
16761
16989
17718
16882
17891
17256
16517
17146
17168
16519
16520
18510
19861
16522
17820
17314
16979
16529
17270
16979
17407
18236
17274
16529
16626
18237
16531
17918
17276
17279
17333
17280
16535
16536
17250
18243
16753
17785
17281
17287
16768
17291
17895
16684
17268
16932
17265
16574
16650
16696
17885
16546
17297
17058
17299
17620
17305
16565
16551
17234
18266
17307
17360
17306
17315
16555
17214
18635
16779
17320
16558
17886
18627
16560
16561
18810
19016
16742
17650
16564
17324
17323
17325
17755
16567
16919
18624
16569
17681
17259
16848
17312
16572
17337
18616
16574
17022
17342
16576
17156
17344
17064
17252
16579
16580
17352
18301
16582
17493
18439
16584
16592
18303
17131
17360
17353
17361
16588
16589
17362
17836
17288
17657
16592
17368
18305
17369
17566
16595
18310
17312
16745
17372
16749
17793
17375
17587
17534
17760
16601
17376
17875
16603
16604
18486
19062
16606
17645
18280
17035
17380
16609
16610
19067
19065
16838
17440
16769
17011
18011
17232
16653
17257
16617
17392
18317
16619
17382
18339
16622
17630
16622
16623
18342
17742
17393
17818
16626
16846
18344
16945
17397
16728
16724
16762
16632
16633
19994
19251
16663
16819
16670
17411
16637
16638
18360
17406
17017
17716
16880
17414
17120
17400
17128
18327
16644
16645
18221
20103
16647
16648
18641
17230
17438
17909
16770
17420
17880
16653
16654
19129
19122
16943
17592
17429
17853
16995
17192
16659
17436
17734
16662
17663
18376
17648
17220
17326
16825
17303
16667
16668
18398
19150
16670
17549
19633
16672
16850
18386
16674
17515
17137
16676
17894
18390
17121
17936
25476
16680
16681
18521
17924
17315
17327
16684
17483
19235
24742
16688
17497
17493
25831
28491
16691
16981
18405
16895
17494
16694
17005
18404
16696
17208
18408
17293
17498
17153
17500
16700
17501
17234
17000
17504
17134
17391
16705
18087
18421
17125
17517
17576
49213
17658
17241
17535
17528
17537
17514
17542
16713
17543
18254
17262
17544
16716
16717
18884
20048
16734
16720
18049
17301
17303
17554
17044
17460
17550
17579
16771
16961
17436
17482
17802
17475
17944
16730
16731
18316
18864
16733
16832
18307
17569
17584
17567
17573
16737
16738
18152
19316
16807
16799
49113
16742
16743
19116
19332
16745
16830
18142
16747
17450
18460
16749
17780
18462
16751
17374
17543
16753
16874
18466
16772
17753
16799
17519
16757
17634
17531
16767
16973
16785
16890
16879
17179
16813
16765
16766
17276
17618
16975
17231
16898
18075
17260
17290
17249
17343
17178
17841
17174
19305
16777
17155
16775
17595
18472
16777
17140
18478
16779
17428
18483
16843
17060
17585
17603
17855
17239
17541
17091
17327
16840
18129
17609
18458
16788
16789
18494
17565
17407
17925
16792
17187
17627
16794
16795
18514
19374
17833
17637
17646
17641
49195
16922
49189
49212
17959
18113
17647
17931
17064
17664
17827
16807
17671
17195
17336
17675
16907
17673
16812
17191
17643
17284
17678
17524
17824
16816
16817
18136
19380
17294
18006
17684
17175
17331
16822
16823
19294
19404
16825
17177
18695
16827
17434
18536
17195
17696
16830
17184
18534
16832
17386
18542
16834
18544
17121
17775
17804
17361
17706
16838
17209
18507
16840
17510
18550
17612
17709
17375
17443
17065
17027
17724
16846
17724
18549
16905
17726
16850
19702
49092
19411
16852
16853
19107
19035
17061
16856
16857
19449
19002
16894
17013
17537
17738
17237
17353
17639
17907
17423
17731
17087
17432
16865
16866
18570
17688
17672
17826
17723
17750
17446
17731
17145
49037
17757
18080
16987
17067
16874
16941
18551
16876
16877
17529
18577
17403
17947
17771
17776
17781
16882
17562
19175
16884
16885
17772
18579
16887
17577
19492
16889
18045
18584
18091
16892
18013
18588
16894
16895
18855
19486
17021
17151
16898
17050
18589
16962
17070
17517
17787
16948
17068
16903
17797
18481
16905
17015
18596
16907
17396
18598
17396
17917
17096
17287
16912
16913
17806
17677
16915
17989
18741
17154
17813
17453
16919
17099
19166
16921
18123
18607
17128
16924
17402
17032
16957
17819
17822
17699
19227
16930
17770
18688
16932
17194
19534
17457
17558
17624
17827
16936
17606
18612
17445
17845
16939
17481
18817
16941
17928
18622
16960
17766
17856
16945
17388
19555
17867
18089
17082
17832
17071
17740
17962
16951
17410
19104
16954
17901
18582
18044
16957
17715
18644
17045
17463
16960
16961
19588
19575
17295
16964
16965
17458
22649
17784
17164
17175
16969
16970
17921
18603
16972
18008
17329
17897
17923
16975
17084
18669
17847
17007
17932
17594
17929
16981
17351
18234
17487
17741
17706
17765
16985
17024
17941
17131
17139
17072
16989
17623
18839
16991
16992
19512
19648
17727
16995
17148
18693
16997
16998
19089
19661
17000
18056
18257
17002
17503
19241
17116
17005
17042
18697
17007
17279
19231
17471
17010
17011
19711
19668
17013
17508
18178
17015
18028
18700
17017
17275
18705
17019
18030
18707
17021
17564
18715
17570
17024
17730
18718
17026
17027
19645
19302
17159
17206
17030
17800
18720
17032
17033
18351
19704
17035
17236
19524
18659
17467
18093
17039
17040
18095
18728
17042
18117
18757
17044
17045
18887
19719
17047
17048
18368
17090
17050
17395
18222
17053
17054
17296
18424
17683
17057
18057
18750
17086
17489
17826
17199
18125
17062
17063
17285
18223
18126
18428
17076
17073
17069
18323
18246
17267
18020
18328
17075
17783
17074
17075
19650
19463
17874
17153
18553
17079
18786
17961
17981
18132
17687
18370
18134
17084
18255
18792
18130
18135
17298
17659
18138
17435
17672
17422
18231
17091
18798
18912
18207
17974
18581
17225
17096
17098
18804
17098
17319
18805
18808
17101
17823
17976
17103
19140
17478
17474
17978
17106
19221
18807
17118
18145
17109
17702
18799
17111
19228
17205
17113
18714
17980
17115
19429
17982
17792
18591
17118
19741
19086
17120
17686
18823
18332
17123
19415
17984
17125
17640
18827
17571
18153
17903
18151
17310
17339
18281
17815
18744
18155
17987
19647
17134
18156
17776
17136
18841
18651
18161
17139
18476
18842
17354
18162
17622
18160
17322
18164
17155
18392
18168
49190
17899
18171
17148
18290
19826
17150
18450
17691
17152
18190
17194
18304
17229
18174
18175
18165
17292
18475
18107
18176
18179
17990
19024
17694
17989
17426
18743
18103
18277
18180
17817
17920
18177
17168
17169
18172
18875
17171
19256
17183
18186
18578
18097
18184
17362
18187
18188
17408
19058
17994
18726
17179
18189
17667
17188
17526
17878
18276
17183
17184
19760
19666
17257
17651
17383
18191
18193
18502
17190
18790
18495
18691
18528
17995
18687
19246
18173
17197
19308
18676
17199
17439
18901
17235
49218
17202
18922
19068
17821
18199
17205
17206
19870
18905
17208
18548
18818
18650
18670
17689
18200
17213
18201
17999
18154
17527
18203
17973
18348
17218
18907
18620
18204
18444
18205
17364
18206
17230
18197
17224
18211
18898
17370
17607
17228
18209
18001
18195
18212
18897
18643
17232
19616
17335
17512
19083
18928
49124
18091
18929
18746
17239
17347
18931
17241
17539
19905
18371
17323
18220
17245
18969
17629
17870
19391
17833
18217
17416
18214
17250
18938
18244
17653
18143
17971
17386
18271
17626
18710
18070
18946
17970
18003
18950
17381
18560
18228
18293
17262
19105
18952
17264
18246
18004
17266
18653
17483
17448
18143
17269
18958
17714
17271
18656
17983
17598
18006
18233
17275
17654
18966
17619
17278
17591
18972
18401
17367
18009
17282
18242
17346
17284
19513
18975
17553
18224
18007
18318
18247
17289
18599
17993
17304
18250
17756
18251
17725
18689
17948
18662
17368
18259
17325
17448
17547
18425
17298
17873
18702
17389
18137
17301
17302
19379
20108
18674
18379
17371
18010
17945
18264
17308
18996
19075
17650
17971
17813
17951
18209
18268
17452
19152
18272
18464
17615
18079
18275
17319
19266
19011
17321
19344
18519
18402
18590
17485
18282
18285
17857
18286
18287
17329
17330
18963
19022
17865
18576
17333
17340
19027
17335
17336
20216
19032
17417
18216
17339
17340
19207
19942
17882
17986
17343
19040
19038
18012
18167
17346
17347
19043
19940
17349
19377
17939
17351
18618
19044
17862
18300
18302
18567
17356
17359
19046
17358
17359
18832
19951
18484
18592
18256
17364
18800
19048
18014
19036
18309
18133
18406
17370
19545
19051
18208
17373
19358
17602
17790
18311
18313
17636
18261
17895
18314
18150
49184
17468
18655
18951
18633
17632
18016
17805
18315
18319
17388
18002
18321
18298
18322
18340
18944
17394
19738
19088
18341
18410
18346
17398
18724
17508
18628
17401
18561
18018
17644
18350
17404
19100
18879
17777
18361
18355
18477
17410
17993
18358
17412
19570
17595
17937
18020
18021
18356
17416
18378
19101
17464
17482
18362
18022
19117
17421
18366
18069
18699
18141
17729
18367
17426
18232
19125
17428
18767
19132
17430
19338
18395
18230
18432
17434
18380
19134
18380
18139
17438
17439
19306
20017
17441
18292
17747
17443
19264
19136
17445
18387
19137
17447
19402
19139
18440
17450
17560
19142
17602
18073
18373
18269
17455
18274
19147
17457
17458
18834
22649
17460
17983
18955
17556
17797
17463
17464
19160
19153
17466
18363
19029
18383
18451
17469
18384
17623
17545
17992
18391
18025
18866
17474
17522
18374
17476
18568
18028
17478
17479
20069
19238
17481
17982
18147
18615
18196
17485
19653
19247
17487
19064
19249
17489
17692
19253
17491
17705
19187
18030
18077
18769
17495
19456
19189
17497
19273
18870
17499
19605
18554
17511
18409
17763
19185
17503
17986
18400
17505
18988
19266
17582
18411
18005
18397
18415
17510
19318
19267
18085
18690
18031
18927
17515
19293
19271
17836
18420
18423
18033
19497
17520
49194
49087
17522
18690
19283
17524
19008
19285
17526
17527
19399
19015
17529
19773
18886
17531
17532
18501
19286
17534
19066
19413
17536
19061
19291
18601
17539
17740
19444
18037
18708
18435
17585
18437
18312
17847
18465
18439
17547
18225
19295
17549
18426
19297
17551
18399
17953
17553
18899
19300
17808
18730
17719
17766
18443
17558
18482
20093
17560
17835
19303
17562
17726
18859
17564
17969
19309
17566
18496
19312
17568
19277
18522
17570
19331
19040
17697
18453
17708
18035
17893
18430
18455
18110
18456
49191
17696
18372
17579
18349
19328
18038
19123
17922
18023
18468
19335
17584
19291
19336
17588
17587
17588
19056
19339
17590
17591
18679
19866
17767
18445
17594
18074
18937
18680
17597
18359
18040
18619
17716
18485
17601
18499
19345
19360
17604
19052
17852
17606
17926
19353
17609
19047
19405
17730
17997
17693
18487
17782
18491
17615
18742
19356
17617
19394
18713
17619
17620
18665
19365
17622
19049
19261
18163
19162
17626
18625
19371
18042
18194
17629
17630
20151
19121
17632
17721
18219
18043
18044
17796
18500
17636
19018
19369
18382
17639
17640
19403
20156
18000
18563
19037
49115
17644
18692
19692
18645
17837
18511
17648
18512
17685
17890
18513
18365
18032
17653
17654
19081
20161
17942
18226
17657
18458
19386
17674
18105
17660
19672
20001
17668
18048
17977
18509
18185
17665
19787
19393
17667
17668
19290
20180
17670
19382
19696
18115
18448
18524
17674
19410
19398
17676
19211
19311
17807
18050
18198
18526
18046
18159
18045
18052
17966
18506
17683
18068
18499
17685
17686
19006
20194
18569
18053
18571
18531
17691
17692
19397
20198
18146
18488
17712
18169
18538
17963
17699
18546
19414
17701
17702
18734
20219
17704
17705
19528
20401
18638
17708
17949
18986
17710
19349
19418
17712
18229
19420
17714
17715
19192
19422
18182
17718
17719
19503
19426
17721
19288
19578
17723
18297
19431
18575
18554
18252
17733
17894
17729
18729
19435
19200
18752
17733
18737
18558
17735
18140
19182
17831
17959
17738
18520
19438
17741
18562
18564
18639
17743
18343
19445
17745
17746
19054
19453
17748
19026
17769
18545
18784
18785
17998
49192
18027
18055
19460
17755
18610
19461
18686
17758
18815
19364
18417
17761
19772
19466
17763
18354
19467
17765
19237
19468
18684
18862
17769
17770
19194
19470
17772
19053
18580
17774
18588
19476
18493
19722
17778
19782
18158
17780
18587
19479
17782
18357
19482
17784
19361
18739
17786
18235
18056
17788
19577
19484
17790
18253
19485
18267
18586
18587
17794
18148
18057
17796
19375
19495
18503
18058
18381
17800
17829
19498
17802
18245
19504
17804
17805
19307
19506
17807
17923
19326
18253
17810
19523
19511
17812
19694
19513
18671
17815
18632
19517
17817
17818
18835
20273
17820
19112
18273
18090
18160
17823
18009
18605
17825
19762
19527
18241
18759
17829
18064
19408
17831
17832
20268
20292
18553
17835
18419
19536
18256
18393
17839
19446
19537
17841
19346
19538
17843
17871
19540
18061
18471
17846
18614
18059
18557
18000
19239
17850
18303
19541
17852
17853
19966
19546
17855
18977
19351
17857
18446
19550
17859
17860
18745
19554
17862
18205
19433
18082
18557
18626
18063
18284
17868
19557
19106
17870
17871
18848
19828
17873
19478
18934
17875
17876
18260
18021
17878
18637
19455
17880
18668
19561
17882
17889
19564
17884
18294
17994
17886
19260
19567
17888
18760
19572
18183
17992
18640
17892
18648
18027
18200
18454
18555
17897
19252
19582
17899
18457
19584
17901
18396
19586
17903
18369
19591
17905
19736
19475
17907
19146
19594
17909
18279
19598
17911
18563
19601
18065
18604
17914
18663
18064
17916
18240
19606
18213
18119
18665
17920
19612
19609
18102
18666
18667
18461
17925
18523
19620
18029
18320
17928
19663
19624
17971
18364
17931
19099
19622
17933
19757
17965
18431
18678
17936
17937
18762
19617
17939
17940
20030
19236
17942
18719
18973
17944
18011
19631
18646
17947
17954
19634
18452
18258
17951
19051
19639
17953
17954
19243
20360
17956
19233
18314
17958
19543
19652
18438
17961
17962
20166
19655
18593
17965
17966
20111
19657
18067
18170
17969
18069
19659
17972
17973
18711
18283
17975
18918
18642
17977
18606
18802
17979
19093
18809
17981
18892
18814
18703
18218
17985
18959
18631
18540
17988
19265
18831
18181
17991
18797
18289
18427
18388
18249
17996
19566
18418
18982
24824
18861
18202
18562
18753
18709
18005
18914
19912
18413
18008
18945
18962
19324
18076
18611
18263
18013
19079
19033
18015
19752
18109
18017
18943
19049
18019
19440
19072
18565
18262
19155
18024
19614
19108
18026
19745
18101
18516
19452
18867
18032
19748
19178
18034
19001
19272
18036
19202
18112
18626
18039
19750
18470
18041
19098
19003
18043
19180
18353
18192
18755
18047
18900
19376
18049
19630
19378
18051
19764
19392
19698
18054
20125
18452
18444
18747
18572
18812
18369
18060
19530
19264
18062
18863
18567
18733
18537
18066
19532
18379
18068
19723
19367
19120
18071
19390
18871
18073
18074
19263
20058
18239
18717
18412
18079
18080
19257
19675
18324
18489
18083
19786
19612
18085
18477
19685
18087
19466
19688
18089
18585
19690
19254
18129
21362
49235
18094
19258
19593
18099
18732
18097
18877
19699
18099
18740
19709
18101
18102
20098
19717
18104
18904
18166
18130
18107
18613
19724
18109
18110
19833
19727
18112
18113
20144
19041
18115
18629
19279
18117
18723
19730
18119
19706
20008
18121
19707
19732
18123
18448
19733
18131
18291
18126
18902
19729
18128
18677
19740
19664
18459
18270
18133
19169
19737
18788
20024
18136
18791
19381
18794
19401
18434
19019
18140
19576
20429
18796
19593
18535
19359
18329
18145
18146
18956
18801
18704
18816
18463
18811
25356
26348
49216
49176
18152
18908
19317
18154
19320
18636
18829
18843
18308
19754
18158
18159
19818
19673
18530
18840
19271
18479
18844
18385
18838
19670
19697
18166
18167
19823
19144
18169
18170
19078
19973
18172
19400
18876
18847
18879
18672
18850
18480
18845
18177
18853
18735
18416
18854
18856
19198
18849
18857
18490
18881
18706
19494
18422
19769
18185
18873
18377
18330
18517
18880
19373
18857
18882
19289
19539
18716
19245
18888
19188
18326
18194
19475
18889
18778
18836
18654
19234
18896
19232
18410
18906
19395
18331
18721
20887
18915
19110
18332
18670
18594
18749
18919
18207
19214
18609
18405
18611
18333
18211
18627
19893
18591
18916
18924
18965
18215
18925
19099
18617
19154
18773
18968
18658
18954
18942
19579
18221
18932
19896
18948
19090
18224
18225
18933
19877
18227
19197
18977
18229
18506
19859
18231
18232
19156
19913
19057
19128
18960
19045
18467
18573
18334
18909
18345
18657
18239
18240
18589
18949
18833
19073
18248
18971
18244
18245
19909
20520
18683
18248
19465
19926
18296
18979
18926
18980
18556
18974
18597
18858
18335
18255
18984
19812
18602
18574
18987
18985
19573
18414
18822
18261
18262
18990
18820
19669
19784
18993
18995
29933
49163
18267
19183
18997
18336
18999
18270
18271
19004
18941
18273
18274
20747
21293
18276
18277
19519
18874
18279
18871
20381
18281
18647
19013
18590
19118
19009
19684
19007
19019
18441
19462
18919
19020
18813
18913
18289
18290
19799
22003
18849
18851
18508
19025
18560
18926
18295
18296
19029
20044
18298
19793
30220
49215
18301
18660
18324
18992
19489
18306
18772
19544
18306
18407
19542
18308
18543
19959
18532
18836
18327
18336
18312
19779
18984
19055
19224
19059
18316
19299
18865
18318
19186
19070
18978
19074
19075
19354
18754
19638
18325
18337
18328
18682
18338
18668
18352
18673
18497
18442
19080
18760
18533
18878
18761
18916
19640
18923
19050
18731
19600
18983
19030
19085
18661
19636
18340
19082
19084
18527
19090
18343
19091
20357
18345
18549
20731
18965
18981
18348
18349
19010
20354
18351
18787
19705
18353
18354
20545
20737
18923
19342
18357
18821
19985
18389
19103
18473
19097
18361
19106
19580
18363
18921
20043
18365
18937
19115
19119
19563
18368
19124
18798
19225
18781
18924
18436
19127
18539
19560
18433
19141
19092
19284
18377
18378
19842
21103
19113
18525
19148
19157
19158
19298
19159
19258
18385
19526
20027
18387
19412
20035
18389
18600
20037
19228
19314
18392
18393
19173
19149
18395
18396
20124
21388
18398
19363
19151
19242
19329
18541
19240
19028
19230
18403
19244
19146
18698
19256
18961
18407
19171
20053
18819
19259
19544
19687
18412
19678
18868
18414
18621
20074
18416
18725
20076
18418
18419
20316
20844
18883
18936
18422
19689
20078
18828
19274
18425
18426
19275
20065
18770
19574
18767
21716
49185
18878
19276
18659
18765
18433
18434
20865
21133
18436
18795
20311
19292
19341
19042
20083
18768
18441
18442
20920
20873
18504
19418
18446
20000
20094
48850
49223
18803
22223
49121
18583
19396
19313
19217
18595
19319
18559
19314
18456
18457
19323
20101
18763
19330
19398
19143
19327
19325
19583
18463
19481
20091
18813
18995
18953
19548
18467
18552
21117
19603
18470
18471
20120
19441
18473
18681
20084
18475
18476
19644
20126
19229
18479
18480
20796
20908
18482
18505
20253
19133
19343
18830
18996
18486
19347
19063
19164
19348
18489
18490
19637
20129
18492
18872
19008
19362
19621
18495
18496
20928
20923
18566
18893
18569
18586
19366
18501
19350
19287
18529
19372
18504
18505
21697
21744
18852
18508
18652
20155
18510
19597
20005
18890
19158
19005
19623
18514
19553
20153
18736
30639
18649
18748
19384
19448
18519
18520
20907
21888
18522
18523
21011
20656
18525
19073
20104
18527
18976
20181
18529
18694
20182
19262
19395
18532
18533
20488
20957
18535
19667
19960
19135
19215
18664
19407
18539
18847
20179
18541
19565
20202
18543
19074
20205
18670
18546
19484
20211
18548
18783
20214
18940
19268
19783
18552
18623
20222
18771
19558
18556
19060
20226
18764
18559
19611
20232
19321
18824
19439
18776
19114
19443
19656
18566
19619
20236
19425
19451
19632
18779
18571
19364
20244
18573
18574
20449
21023
18939
19076
18882
19459
18578
18886
19447
18580
18581
20176
19473
18583
19587
20389
18585
18756
20257
18766
19205
19034
18947
18970
19014
18826
19489
18594
18595
21065
21059
18597
18701
19883
18981
19410
18600
19387
20263
19428
19501
18936
19373
18604
18666
19804
18606
19766
20271
19522
19734
18609
18610
20639
21052
19514
18613
19353
20281
19138
19529
18920
19505
18617
18618
21122
20932
18620
18621
20560
20583
18623
19625
20430
18625
19419
20303
18782
19568
18629
19003
20309
18631
18632
20252
21138
18825
19002
18783
18784
18636
18637
20476
21137
18826
19469
18777
19250
19552
19569
18642
18643
19882
19181
19111
19424
18646
18647
19203
20289
18649
19454
20081
18651
18652
20860
21256
18654
19535
19820
18895
19308
18657
18658
21205
21259
18743
18661
19434
20332
19077
19604
18664
18751
19862
19409
19021
19608
19613
19031
18793
19615
18672
18673
19873
18983
18696
18846
18676
18677
21255
21298
18679
19715
19865
18681
19571
20350
18683
18894
18914
19427
19589
18686
18687
19195
19626
18789
19472
19643
19646
19654
18692
19311
20365
18694
19790
20371
18696
18727
20373
18698
18758
20377
19127
19559
18701
19665
20344
18935
19671
18704
19430
20342
18706
18967
20384
18708
18869
19681
18710
18711
19768
19683
18713
18714
20346
18891
18716
19310
20147
18885
19694
18719
19695
20387
18721
19499
21058
18723
19155
20392
18725
19556
20394
18727
18989
20396
18729
18732
19919
18731
18846
20502
18964
18734
18994
20220
18737
49227
19708
18739
18740
20417
21331
18742
18881
20255
18774
18745
18930
20159
18992
19735
18748
18749
20851
21380
18751
19167
20172
18796
19739
18754
19493
20422
18756
19785
20425
18758
19731
20427
19226
19742
19385
18762
19015
19618
19389
19406
19548
19726
18775
19714
18780
18998
19281
18769
18770
18870
19845
18772
18773
21557
20824
18775
19126
19954
18777
18778
20636
20927
18780
18781
20605
21145
19459
19682
19775
19458
19432
19457
19334
20167
19693
20118
19294
19789
18790
20448
21229
19330
19791
18793
19813
21282
19793
19853
18931
20333
19795
19209
19798
19800
18800
20221
20456
18957
19164
19596
20272
19280
20321
18806
19465
18806
19012
20259
18808
20631
19165
18810
20728
19017
18812
19887
19167
19961
19168
20539
19677
19805
18817
19808
19416
18819
20215
20466
18821
18991
20468
19171
19987
18824
20196
21048
18888
20239
19811
18828
20158
20477
18830
20535
20482
18832
20064
19952
19253
19815
19172
21079
19610
20229
19817
18911
19355
18839
19814
19502
18841
21110
20496
18843
20128
20497
19425
19821
19173
19822
19825
20230
19491
19827
19829
19177
19830
19004
20507
19658
19858
19725
20490
18855
20842
19487
18905
19832
19836
18859
20571
19174
18861
18862
20887
19837
19442
19871
18865
18866
19838
19176
18868
18869
19680
20711
19844
20165
19483
19931
19700
19841
18903
19521
18876
18877
20186
20525
20404
20082
19096
19846
19847
20297
18884
21025
20438
19516
19850
19851
19190
19720
19854
19179
19891
19149
19848
18892
20348
20538
18894
21554
20662
19322
19860
19181
20201
19177
19861
18899
19895
20523
19674
19863
18902
20019
20994
18904
21394
20498
20338
18907
20838
20559
19592
19867
19163
18911
20553
49070
18913
19802
20562
20661
19629
19880
18917
19938
20568
19474
19881
19884
18921
20606
20575
19182
19888
19892
20136
19102
20284
19897
18972
19184
19183
19185
19524
19703
19518
20209
19900
18970
19901
19301
19878
18935
21041
21101
20187
20261
19039
19908
18940
21289
20599
18978
20114
18943
20603
19957
19186
19392
19071
20269
19187
19509
18948
18949
20607
19607
19130
19178
19082
19189
18953
19990
21044
18955
20116
19190
18957
19087
19916
19191
19716
19417
20251
18961
20619
19515
18963
20270
19023
19710
19918
19921
18967
20163
20626
18969
21214
20627
19907
19043
19794
19922
19196
20388
19195
19923
18976
20601
21033
20325
20015
18989
19910
19113
19924
19928
19072
19199
19875
19947
18986
20364
19201
18988
20987
20072
19903
18991
19370
20640
19955
19203
20531
19007
19929
19933
20115
18998
20235
20645
19411
21493
22285
49228
19437
19935
19450
20718
20114
19006
20504
20195
19920
19930
19010
20806
20355
19012
20073
20651
19206
20459
19204
19938
19939
19017
19018
21680
20658
20154
19551
19941
19718
19803
19023
19024
20664
19208
19026
20898
19193
19028
19944
20668
20042
19031
21203
19562
19210
20218
19034
19971
19477
19036
19109
19212
49164
19039
20134
21314
20132
19042
20146
20681
20085
19045
20628
20685
19047
19953
20686
19213
20457
19956
19163
20192
19963
19352
19965
19746
20177
19215
19946
19056
20704
19340
19058
20141
19216
19060
20802
20707
19983
19999
19063
19064
20138
20790
19066
19069
20512
19068
19069
19889
21590
19071
20047
21329
20604
19980
20135
20041
19302
19975
19217
19974
19421
19972
19145
19970
19081
20722
20162
20207
19188
19218
19085
20208
20723
19087
21396
20725
19089
20420
19662
20016
19121
19979
19093
20730
20727
19255
21014
19255
49211
19219
19227
19098
20849
20717
20283
19635
19981
19102
21105
20736
19104
20020
19220
19988
21079
19991
19108
19109
21135
20743
19114
21391
19112
20748
20746
19533
19602
19116
21091
19333
19198
19222
19248
19995
19120
19996
19743
20189
19123
19131
19223
19436
19801
19126
19915
20760
19899
19163
20014
19130
19131
20765
20763
19133
19282
20595
19135
20106
20770
19224
20061
19138
20036
20768
19140
20191
20780
19170
20023
19143
19304
20714
19145
19824
20782
19976
19148
21295
20785
19816
19151
19152
19855
19170
19154
19161
20771
19581
19559
19914
19225
20026
20029
19383
20033
19161
19721
20788
19226
19298
19962
19166
21183
19419
20275
19169
20988
20461
19857
20025
19809
20093
19816
19175
20800
19454
19744
19840
20434
20548
19180
21027
20544
19964
20302
20233
19747
20625
19777
20046
20403
20823
20241
20052
19192
21221
19423
19194
21225
19470
19627
19197
21311
20326
20318
19200
20349
19695
19202
21021
20145
20288
19205
21189
19480
19207
21228
19943
19209
20666
20653
19211
21233
21237
19751
20744
19214
20679
20638
20184
19229
20197
20441
19654
20247
19414
19950
19221
20884
20630
19581
19807
19749
20755
19997
20086
20062
19305
20286
19686
19231
19968
19756
19233
20961
20802
19235
20493
19716
19237
20032
20805
19239
20068
19629
19241
20087
19758
19243
21218
20361
19670
20040
19246
20045
19755
19248
21313
21662
19250
20792
20817
19252
20307
20819
20200
49078
19759
19357
19676
20049
19260
21078
20825
19262
19958
20828
19753
20057
20059
19500
20063
20071
19268
20893
20839
21866
28491
20553
20296
19273
19936
20533
19577
20204
19296
20066
19277
20852
21012
19355
48894
19280
20310
20880
19282
19729
20692
19284
19917
20857
19761
19932
19287
19288
20140
20854
19290
20878
20442
19982
19293
21244
20866
20080
19296
19879
20872
19642
20067
20088
19508
19839
19301
20524
20868
19906
19304
19701
20529
19460
19599
20018
19362
19507
20097
19310
19660
20885
21039
19545
20963
19383
20103
19315
20877
20890
19317
19318
19868
20891
19320
20733
20475
19322
19898
20633
19728
20107
19737
19766
19326
20110
19763
19707
20223
19329
20356
20864
20034
19337
20133
19333
19334
21734
20899
19679
20278
19337
19984
20902
19547
20123
19340
19341
21742
21088
19620
19945
19344
21179
20906
19346
19368
20912
19494
20137
19349
20678
20853
19496
20139
19352
20327
20925
19354
21704
49071
19357
20256
21309
19359
19360
20406
19753
19464
20416
20143
19856
20002
19806
19401
19409
19367
19368
20411
21752
19370
20659
21278
19767
20304
19399
20150
20152
19375
20153
20933
19377
19864
20031
19379
20353
20437
19381
19382
19792
20940
20079
19385
20888
20581
19387
19389
20945
49107
49236
20948
19510
20164
19490
19554
20169
19394
20386
20347
20077
19397
21355
20199
19876
19939
19585
20185
20188
19739
20190
19595
20157
19621
20080
19406
20687
20956
19408
20554
19770
19531
20248
19412
20973
19771
20499
20213
19416
19417
20455
20979
20618
21070
19421
20458
20990
19423
19424
21599
20992
19871
19427
21056
21811
19438
20225
19430
19758
20612
19432
22067
20996
19434
19884
20999
19436
20615
21001
19765
20228
21005
19440
21239
21006
19442
20122
21007
19444
21407
20009
19446
20359
20953
19448
19852
21015
19450
19453
20237
19452
19937
19665
19946
20174
19520
20491
19488
20240
19458
20243
19774
20314
19462
21054
20781
19464
19651
21028
20368
20298
19776
20739
19469
21030
20863
19472
20415
49161
21031
19474
20178
20616
19890
19477
19478
22858
21040
19480
19481
21627
20670
19483
19986
20643
19797
19600
19778
19487
19488
21854
21045
20242
19491
20976
21061
19493
19560
21063
20720
19496
20934
21067
19765
20108
19499
19770
20262
19649
20265
19773
20983
19503
20480
21056
19505
20522
21081
19507
19508
21121
21083
19510
20955
20881
19512
21020
21087
19911
19515
19516
22042
21095
19518
21140
21036
19520
19521
20587
21686
19523
20536
21019
19526
48893
49081
49167
22112
19528
20813
20402
19530
20467
20060
19904
20290
19533
19998
20279
19535
19755
20293
19701
20772
19645
20295
19539
20913
21099
19712
19849
19542
19543
20055
21092
20424
20305
19547
20699
21127
19549
20509
20919
19551
20096
21129
19553
21147
21131
20159
19556
19638
20918
19691
19992
19646
20308
20313
20684
19562
19563
21798
21141
19565
19769
20674
19628
20315
19568
20826
19894
19574
20317
19571
19780
20701
19573
20581
21248
20519
19576
19590
21253
19796
19579
20855
21262
19781
19993
20579
19583
20821
21264
19585
20102
21266
19587
21390
21187
19589
19590
21080
21940
19592
20086
21304
19885
19595
19977
21268
19597
20967
20433
19599
20383
21269
20405
19602
19603
20551
20814
19605
20622
20308
19607
19608
20609
21710
19610
20341
21085
19708
20336
20339
19614
21347
21242
19616
21404
20217
19618
19619
20577
21285
20657
20021
19623
20285
21291
19625
21325
21296
19627
19628
20632
21300
20022
20039
20352
19632
19784
21275
19642
19780
19635
20362
21180
19637
21272
20130
20142
19640
20654
21173
20266
19644
21401
20127
19906
20274
19648
19649
21087
22669
19651
20149
21316
19653
21094
21312
19917
19656
20168
21318
19658
20113
21321
19660
19743
21322
19662
19663
21936
21324
19783
19978
20379
19667
20809
21334
19669
19713
21336
20378
19672
20486
21339
19674
19819
21340
19676
19677
21273
21342
19679
19680
20464
20712
19682
20713
20753
19684
20655
21345
19686
19687
20660
21184
19689
20300
21350
19691
20258
21352
19693
20366
21356
19788
20398
19697
20942
21360
19732
19785
19700
20527
21358
19843
48850
19978
21361
19705
19706
20119
20435
20323
20490
19710
21333
21369
19712
19713
20905
22036
19715
20485
21114
20876
19718
20100
21375
19720
19721
20937
21377
19746
19754
20003
20410
19725
20282
21909
19786
19831
19728
19835
21373
20409
19731
20393
21384
20324
19734
20321
21870
19736
21196
21074
20462
20109
20419
20421
19741
21299
21395
19787
19810
20752
19745
20750
20099
20335
19748
20702
20547
19750
20822
20121
19752
21399
19834
20408
20598
20412
19757
21308
20112
20871
19760
21412
20809
19762
20550
20812
19764
20896
20170
20799
21069
19768
20494
20655
20836
21049
19772
21071
20299
20301
19775
21018
20975
19777
21120
20234
19779
21372
19948
19967
19782
21303
20489
20418
20224
19969
20340
20385
19911
20543
20329
20904
19826
20390
19792
20447
20941
22067
19927
21116
19886
21112
19797
20453
20212
19799
21191
22071
19801
19802
20667
21418
19804
19872
19998
19806
21055
20245
20320
20463
20343
20454
19989
20465
20470
20947
20472
20807
19813
19949
21718
20028
20479
20481
20729
20004
20487
21022
19819
20489
21648
20294
20492
20495
20795
20793
20910
19824
20498
21566
20374
20501
20503
19828
20446
19849
20506
20620
19874
20508
20509
21392
20319
20511
19834
19835
22194
23034
20620
21108
20000
20514
19839
19840
20516
21364
19842
21047
21104
20528
20986
19845
20533
20518
19950
20534
20131
20452
20450
20541
21478
20505
20543
19852
20301
22023
20546
20950
20549
21216
19856
19857
20944
21004
19859
21409
20458
20552
20602
20005
20173
20554
19864
20556
21485
19866
21113
19922
19868
21038
20892
20845
49233
20287
20338
20006
20013
21376
19874
19875
21496
21493
20250
20515
19878
19879
20563
21492
20972
21400
19882
20567
19964
20345
20570
20572
19886
20051
21501
20092
20276
19889
20574
21591
19891
21074
20576
20473
20578
19894
19895
22442
23004
19902
20103
19898
19925
21509
20312
20580
19940
21338
19902
20588
20079
20555
20590
20008
20363
19999
20009
20010
19995
20594
19909
20596
20521
20600
21548
20601
20002
20663
19914
19915
20610
21990
20694
20726
20614
19919
20931
20615
20621
20935
20451
20623
20624
20227
20629
19925
20280
21745
19927
20370
21550
20249
20451
20635
21284
19931
19932
20642
20756
20530
20688
20546
20997
22067
19936
21235
21468
20648
20846
20649
20007
20085
20572
20586
19943
19944
22319
22314
20473
21128
20012
19948
19949
22836
22336
20474
19952
19953
21670
22348
20484
20761
20689
20690
19957
19958
21523
22723
20206
20597
20407
21335
20688
20693
20677
20694
20306
20654
20696
19966
20564
20699
20267
20700
20669
21307
20703
21290
19971
20709
22074
19973
20011
20003
20622
20777
20593
21288
19977
20040
21957
21367
20358
21111
20105
20729
20082
20732
19983
19984
21107
21951
19986
20469
21587
20075
20740
19989
19990
22393
22082
19992
19993
20611
21529
20001
20307
20742
20751
21142
20704
20759
20013
20291
20056
21319
20160
20592
20541
20793
20432
20495
21008
20561
20577
20435
21386
20593
21010
20591
20991
20238
20676
20680
20141
20193
20513
20764
20608
20773
20018
20019
20774
21624
20038
20883
20376
20775
20070
20741
20778
20865
20292
20328
20054
20784
20786
21252
20028
20735
22357
20089
20450
20031
20032
21487
22338
20050
20816
20515
20794
20036
20974
21895
20038
20264
22800
20180
20436
20808
20721
21657
20043
20044
21658
21548
20148
20749
20047
20171
21659
20149
20438
20050
20051
22454
22737
20117
20936
20054
20055
22470
21093
20095
21163
20058
20830
20261
20060
20061
22007
20832
20090
20470
20064
21073
21669
20066
20067
20914
20833
20069
20070
20780
21638
20072
20073
21797
22749
20075
20585
21555
20395
20841
20829
20837
20835
21351
20847
20375
20175
20850
20861
20268
20330
20351
20848
20867
21250
20203
20870
20089
20090
22522
22518
20092
20671
21643
20254
20095
20096
22251
22537
20552
21255
20099
20100
21619
22541
20102
20107
21459
20105
20106
23063
22087
20787
20437
20273
20440
20895
21265
20112
20113
22564
22267
20439
20483
20721
20117
21261
21647
20119
21144
20517
20121
20122
21576
22575
20124
21246
21389
20246
20441
20127
20128
21887
22248
20130
20131
22861
22897
20133
20134
20540
21982
20513
20901
20623
20911
20138
21201
20791
20140
20710
21748
20471
20423
20917
20775
20916
20145
20146
22602
22583
20148
20886
21553
20367
20183
20561
20189
20627
20534
20537
21132
20935
21134
20897
21258
20157
20158
20938
21727
20210
20943
21685
20162
20163
21597
22647
20165
20745
20382
20167
20168
20827
21666
20170
20171
22561
22692
20173
20277
21678
20175
20801
21772
20177
20178
21281
21774
20231
20683
20442
20773
21034
20183
20372
21777
20676
20815
20186
20964
20526
20537
20965
20290
20950
20966
20191
20929
21637
20193
20578
21785
20195
20196
21833
22653
20471
20650
20199
20200
21791
20968
20698
20960
20203
20675
21794
20478
20569
20206
20901
21770
20208
20589
21803
20210
20724
20976
20212
20213
21510
20977
20215
20975
21851
20217
20218
21877
20984
20220
20221
21284
21967
20431
21283
20716
20985
21275
21337
20982
20989
20227
20708
21767
20557
21003
20273
20443
20231
20861
21737
20337
20890
20234
20235
21893
22552
21287
21687
20238
20239
21823
21009
20241
20532
20589
20690
20807
20998
21017
20245
20246
21544
22551
20460
21215
20249
20250
22713
22709
20252
20637
21139
20254
21903
21042
20256
20452
21842
20258
20426
21847
20369
20652
21089
21051
21057
20264
20945
21559
20779
21072
20267
20834
21859
20292
20270
20862
20665
20272
21240
21097
20889
21251
20276
20277
22494
22778
20573
20814
20280
20680
21876
20282
21545
22018
20284
20285
21207
21880
20287
20877
21513
20289
21075
20459
20811
21106
21387
20294
20413
21639
20953
21010
20866
21109
21108
21118
20299
20300
21850
22788
20831
20429
21125
20304
21126
20969
20306
20634
21899
20695
21148
20310
20951
21916
20312
20334
21918
20580
20856
20754
21118
20316
21143
21913
21146
21168
20319
20320
22126
22807
21223
49108
49151
20324
21231
20703
20326
20327
21989
22850
20329
20331
21541
20331
20682
21943
21000
21271
20334
21274
21939
20971
21280
20337
21247
21929
21623
20340
20341
21393
21964
20343
20613
21598
20345
20380
21970
20347
20348
22014
23242
20399
21175
20351
21199
22517
20353
20566
20798
20355
20356
21652
22887
20358
20359
22567
22308
20361
20362
22513
22380
20810
21166
21249
22060
20366
21236
21979
20582
21320
20369
20370
22904
22888
20372
20391
21853
20374
20397
21997
20376
20904
21999
20428
21326
20930
21328
20380
20648
22734
20382
20383
21615
22992
20672
20719
20386
21230
22013
20388
20400
21348
20673
21354
20391
21161
21960
20393
20579
22019
20395
21226
22026
20397
20590
22030
20399
20400
23010
23021
20402
20403
21867
20954
20558
20959
21035
21371
20407
20408
22035
20843
20691
20995
20411
21177
21753
20413
20749
22043
48894
49223
49232
20417
20500
21332
20840
21383
20420
20804
21937
21112
21219
20423
21064
21423
20762
21688
20426
21290
21873
20428
21385
22055
20776
20431
21297
22058
20433
20434
21780
20510
20517
20565
20706
20797
20939
20542
20764
20444
20803
20445
20705
20444
21086
21778
20777
21663
21062
21690
20794
21949
21032
21759
21150
22057
21415
22032
21530
20569
21511
20455
22375
20980
20457
21969
21152
21424
20924
20614
22691
20462
21790
21154
20952
21443
21155
21422
21043
21417
21077
21852
20769
22008
20469
20641
22720
21741
21883
20863
21436
21437
20978
21438
20476
21603
21613
20478
21729
22096
20480
22939
21857
20968
21439
20483
22100
22089
20485
22942
22101
21102
21441
20488
22895
20958
21428
21149
21137
21156
20493
21445
20875
20970
21446
21448
20860
22165
20535
22114
22115
20512
21158
21029
21837
20502
21452
21035
21160
22003
21292
21832
21096
21831
20507
21453
20542
20510
21454
21455
21902
21458
21683
21592
21490
20887
21162
21463
21084
21365
21164
20519
21469
21167
20521
20522
21519
22133
20524
23006
22901
20526
20527
22022
22137
20529
22866
20715
20531
21717
21169
21046
21465
21467
21673
21764
21472
21672
21474
20539
22605
21170
20903
21983
21476
21593
21830
20545
22659
20738
21740
20548
21579
20766
21009
21482
20758
21480
21397
21479
21484
49150
21050
20600
21488
21341
21477
21172
21471
20852
21489
20560
22172
20584
21919
20693
21420
20869
21491
20926
21581
20566
22181
22130
20617
20697
21173
21456
21499
20571
21802
21174
21763
21155
21563
21125
21500
21505
21658
21026
22189
21286
21527
20952
21933
21731
20939
21514
20584
20585
23151
22199
21130
21464
21157
21515
20594
21100
21466
21948
20592
21739
21176
21720
21595
21178
21516
21315
21518
20598
21520
20971
20731
22191
21507
21978
20633
21525
21263
21522
21006
21175
20646
21508
21082
21506
20608
20609
23392
23300
20856
21991
21353
21528
20613
21181
21809
20858
21429
20617
21776
22228
20853
21535
20685
21534
21536
20635
22820
21537
21594
20625
21115
21185
20672
22440
21538
20932
21539
20632
21542
20631
22284
21182
21301
22279
20894
21549
21551
20818
21498
20981
21546
20639
21569
21053
20641
21279
22296
20644
20757
20644
21588
22673
20646
22554
22298
20734
49179
21865
21188
21457
20660
21560
20652
22751
22304
21190
22164
21561
21447
20657
21013
21192
20659
21681
22312
21761
20662
20663
22305
21564
20665
20666
21677
22162
21002
21419
20669
22315
22323
20671
21628
22324
21421
21187
21565
20675
21193
22326
21801
20678
22503
22331
21153
21568
21570
20682
22584
22334
20684
21414
21194
21540
20687
22350
22341
21786
21196
21642
21574
20692
22699
21516
21675
21495
20820
21405
20697
20698
22277
22978
21580
20701
21723
21199
21186
21578
21583
21931
20706
20879
22363
20708
21533
22365
20783
21586
21068
22362
20712
20713
21422
22182
20715
20716
23573
22467
20718
22487
20951
20720
21826
21200
22054
20874
21596
21202
21805
21037
21815
20726
22491
22369
20728
21605
22379
21434
20859
21604
21204
21180
21606
21060
21602
49152
21577
22112
21206
22434
20738
20739
22388
21197
20784
22795
20972
21611
21208
21572
20744
21136
21195
20882
21614
20747
21617
21294
20993
21616
22066
21366
21618
20752
21620
21410
20754
22266
22402
20763
21209
20757
20758
22406
22316
20832
21556
20761
21992
22408
21184
21622
20767
21922
20766
20767
22448
22415
20769
21896
22154
20815
21435
20789
21123
20844
21211
21630
21270
21625
21631
21254
21633
21634
21004
21635
21212
21562
21636
20921
22161
20783
21567
22742
21812
20786
22881
22909
21374
21460
20789
21379
21641
20791
20792
22359
22430
21621
22047
20796
22063
20909
20798
20799
22033
21172
20801
21174
21976
21531
20804
22644
22445
21030
22340
21346
21651
21654
20930
21958
21655
20811
22253
22260
20813
21481
21868
21479
21953
20847
21661
20818
22432
22455
20820
20821
22240
22460
21210
21575
21215
21216
21213
21664
20826
22763
22441
20900
21665
20829
22472
22435
20843
21090
21151
22024
22009
20834
20915
22476
20836
21864
21193
20838
22944
22264
20840
22559
22481
20842
22587
22483
21462
21913
49231
21277
22484
21100
20849
22956
22486
20851
22628
21381
22051
21470
20855
21748
23313
21674
20858
20859
22823
22495
21257
21449
21330
21676
21451
21217
22722
21682
21945
21116
21711
20869
22902
22507
20871
21497
21181
21119
21773
20874
20922
22500
20876
22344
21220
21573
20879
20962
22532
21222
21917
20882
22642
22529
20884
22912
22540
20886
21322
22545
21016
21732
21148
21721
21725
20892
20893
21835
22557
20963
21760
20896
22562
22560
20898
22005
21224
20900
21736
22568
21925
20903
21952
22569
22004
21684
22037
20907
22210
23357
20909
20910
23054
22581
21145
21644
20913
21754
22589
20915
21119
22593
21121
21483
20918
22076
21226
21044
21750
20921
20922
22954
23339
20928
20963
21076
21227
20926
22852
22549
21022
21498
21229
21219
21756
21757
21370
21430
21124
20934
22781
22614
21416
20937
22439
21378
21402
21728
21766
20941
20942
21950
22443
20944
22205
21817
20949
21014
22729
21230
21863
20949
21363
22621
22158
21972
22292
21432
20955
21869
22641
21413
22342
20958
20959
23399
22639
20961
22831
21532
21099
21781
21267
22021
21025
21783
21111
21784
21098
21779
21793
20970
21503
22656
22213
21517
20974
24699
24228
22437
21814
20978
21512
22237
20980
20981
23196
22667
20983
21552
21151
21232
21879
21231
21807
21211
21806
21024
21796
21171
21789
21234
21787
20991
21426
22634
20993
21601
22676
20995
21626
22678
20997
20998
22964
24263
21000
21763
22301
21002
21431
22682
21235
22146
21817
21234
21888
21820
21008
22577
22688
21825
21914
21012
21013
22052
22419
49079
21016
22025
22695
21018
22176
22698
21020
21473
21808
22060
22603
21987
21024
22057
22707
21766
21027
22648
22660
21029
21317
24176
21450
21032
22488
23439
21034
22064
22724
22119
21037
22818
22726
21306
21834
21236
21237
21041
24313
22717
21043
21905
22731
21433
21046
21855
22735
21359
21845
21238
22655
21050
21051
22185
22711
21053
21054
23295
22160
21344
21543
21856
21058
21890
21841
21060
21066
22747
21062
21816
22752
21064
21194
21861
21066
21382
22755
21068
22615
22758
21154
21240
21126
21241
21159
21849
21073
22792
22705
21671
21076
21169
22760
21078
22601
22762
22649
21821
21940
21082
22135
22764
21084
21894
22766
21086
21966
22768
22669
21243
21743
21090
21091
22772
21735
21093
21094
22471
22473
21096
22322
22469
21098
22029
23465
22590
22010
21102
22718
22784
21104
21105
21846
24026
21107
22390
22531
21610
21110
21947
22492
21993
21782
21114
21115
22102
22796
22588
21150
21283
21891
21915
21198
21892
21894
21123
21124
22426
22806
21762
21502
21245
21582
21192
21897
21130
22539
22417
21132
22980
22781
21134
21682
22813
21136
21242
21911
21613
21139
21140
21547
22817
21142
21800
22290
21302
21923
21165
21357
21508
21147
22116
22829
21537
21247
21722
21927
21889
21153
23043
22070
21749
21589
21157
22217
22083
21159
22202
22107
21161
22232
22117
21163
21841
22121
21165
21166
22803
22131
21168
22144
22821
21475
21171
23047
22141
22034
21646
21985
22017
21177
22572
22207
21179
22916
22209
21747
21974
21183
21712
21241
21761
21186
22798
22278
22826
21189
22856
22281
21191
22915
22231
22001
22810
22479
21398
21912
21571
21198
22389
22347
21714
21201
22886
22358
21203
22592
21799
21205
22269
21260
21207
22859
21881
21609
21662
21210
22416
22354
22392
21629
21808
21214
22188
22405
21822
22427
21218
23052
22514
22006
21221
22934
21600
21223
22921
22525
21225
22890
22488
22136
21228
22078
22320
21758
22015
21584
21233
22548
21995
24443
21818
21558
21994
21239
22317
21820
22027
21667
22225
21244
22970
21946
21246
23028
22770
22049
21249
21733
22832
21252
21305
21401
22835
21928
21254
21942
26212
21755
21257
21258
22884
22840
21260
21261
23386
22509
21263
22574
22372
21265
22462
22845
21267
21461
22854
21402
21959
21270
22994
22843
21272
22924
22860
21310
21343
21338
21932
21277
49156
23516
21279
22313
22670
21281
22273
21775
21403
21719
21962
21968
21286
21287
21921
22871
21289
22544
22190
21524
21292
21882
22878
21294
21295
23097
22880
21297
22907
22329
21299
21755
22882
21301
21302
22258
23536
21427
21612
21305
21306
22891
23800
21308
22931
22565
21310
21844
22892
21349
21988
21313
22475
23541
21315
21984
23550
21317
21320
23144
21406
22466
21339
21405
22197
21408
22218
21410
49174
49227
21325
21938
22906
21412
21769
21701
49224
21360
22002
21330
21660
22874
21332
21333
21838
22989
21335
21656
23828
21337
22038
22995
21711
21442
21341
21650
22786
21343
21344
22166
22999
21346
22109
22862
21653
22275
21349
23022
23002
21351
22790
23007
21353
21848
23011
21355
22775
21792
21357
21981
23013
21359
22139
23015
22346
21368
21908
49175
21413
23017
21365
21366
22626
23023
21368
21383
23112
21370
22991
23026
21372
23559
22837
21374
23036
23029
21376
22542
22391
21378
21379
23206
23032
21381
21382
23264
22616
22053
21385
22020
23037
21387
22192
23039
21389
21390
22771
23466
21397
21400
21393
23044
21965
21494
22249
21396
22883
22490
21954
21399
22157
22193
22039
21886
21715
21404
22263
21878
22099
21407
22433
22192
21409
22512
21425
22401
21444
27284
22447
21813
21738
22652
22062
22523
22815
22867
22068
22819
21419
21420
22069
22536
22611
22618
22073
21862
22075
21425
21426
23326
23665
21428
22783
21649
21430
21431
22651
23067
22308
22612
22080
22082
21440
22079
22087
22987
22088
22827
21898
22156
21673
22093
21440
22094
23647
21442
22084
22098
22103
22809
49234
21640
22343
21447
22110
22109
22111
22633
21607
22104
21451
22113
22979
21998
22118
22120
22129
21693
22123
21751
22998
21457
22124
22996
22125
22613
21460
21461
22127
23106
22035
22429
22128
22710
22132
22420
21466
22140
21804
21468
21469
21819
22142
22331
22547
22145
23020
21473
22459
21629
22147
22310
22148
22759
22062
22150
21486
22151
21684
21690
21691
21481
22928
23120
22596
22687
21632
22675
21526
22591
21486
21487
24563
22339
22436
22725
22159
22640
22169
22563
21492
22171
21773
24699
21686
21730
22370
22502
21693
24699
21795
22177
21694
22097
22180
22183
23222
22451
22739
21503
21668
23202
49219
21506
21507
22186
22311
21521
21746
22919
21511
21512
22195
23110
21703
22702
22196
22198
21686
21695
22201
22040
22352
21519
22211
22134
21771
22212
22280
22299
21523
22219
23175
21585
21874
21526
22221
23165
22156
22222
21529
21696
21612
21843
22899
21532
21533
23510
23763
22042
22463
21697
22227
22120
22229
21698
21784
22405
21540
22282
22167
21944
22283
21768
22149
21544
21699
22551
21700
21704
21547
22286
23113
21658
21900
22600
22288
22715
22077
22289
21788
22072
22065
22546
21687
22830
22200
22816
22630
22870
21664
21688
21980
21996
22799
23390
21885
22108
21646
21901
22361
22791
21692
22787
21685
22306
22318
22774
21567
22328
23462
21569
22399
23296
22295
22332
21671
22333
21595
22377
21726
22702
22345
22428
21576
22351
22576
21702
22356
21579
22918
22449
21581
21582
22302
23217
21584
21585
22746
23430
22235
22353
21588
22721
23218
22297
22367
21591
21592
23222
23783
22129
22896
21645
22300
22011
21597
22962
23201
21810
22374
21600
21601
23869
24275
21603
22214
22216
21605
22095
23228
21607
22414
23230
22184
49093
22376
22385
22229
22386
22632
23236
22294
22215
21615
22091
22993
21617
22085
23098
21619
22397
23241
22291
22400
22150
22582
21828
22409
21683
21703
21625
21626
22412
23244
21628
22281
23257
22360
22761
23253
21632
22000
23251
21762
22155
21707
22413
22384
22498
21637
21638
24018
23236
21640
22044
23408
22425
23033
22424
22428
22325
22493
21645
22280
23310
23709
22438
22510
21649
21650
24034
24031
21652
22984
23223
21710
22444
22088
22345
21656
22447
23926
21689
21704
21660
22694
23087
22012
22453
22457
21705
22551
21708
21666
22968
22466
21668
21713
23289
21670
22706
22349
22189
21709
21870
22310
21935
22236
22478
22489
21677
22497
22163
21679
22779
22185
23318
21681
22379
23319
22499
21765
22106
22048
21872
21827
21700
23031
21906
21692
21955
23119
24228
22174
22456
21730
22178
22293
23012
21744
22226
22413
21706
23001
22061
27091
22170
23187
22203
21706
21707
24620
24043
21829
22187
22458
22465
23300
21956
21713
22284
23323
21724
22516
22506
22849
49216
22148
22535
21719
22337
22173
22543
22658
22226
22981
21871
21909
21724
21860
24265
21726
21930
23333
21728
21729
22963
23334
22828
21732
21733
22152
23343
21735
21736
24219
24225
21738
22104
23459
22571
22635
22570
22573
22368
22519
21743
21931
22617
21903
21746
22220
23359
22381
22585
23220
22028
22511
21751
22081
23356
21753
21754
22208
23355
22591
22153
24018
22606
22985
21759
21760
22607
22599
21907
23663
22420
22100
22704
22203
22613
21910
21768
22366
23388
22056
22619
21771
21926
23380
21977
22627
22636
21775
21776
23750
24207
21920
22505
22643
22769
21780
22645
21902
22533
22847
22451
22610
22147
22555
22650
21884
22222
22478
22535
21788
22662
23322
21790
22255
22511
21792
21793
23072
22238
21795
22327
23571
21797
22179
22750
21799
21800
23363
24236
21824
22526
21971
22168
21804
21805
23414
22663
22378
22865
22468
22666
22669
21810
21975
23942
21821
21858
22504
22680
22625
23050
21815
21816
22681
23303
22382
21819
22685
22143
22206
21836
22679
22690
21824
21825
23431
22686
22371
22618
21828
21829
24000
23948
21978
22421
22421
22960
21833
22719
22654
21835
22175
22558
22728
22745
21838
22730
22990
49111
49218
49133
49217
24316
21843
21844
24578
24336
21846
22716
24026
21848
21875
23446
21850
22245
22789
21852
22805
22740
21961
22505
21855
22483
23444
21857
21858
23497
22744
21860
22477
23082
21862
22480
23450
22368
22754
22811
23008
22485
22733
49215
21868
21869
23121
24354
22525
22773
23049
22873
23282
21874
21875
24191
24357
22220
22332
21878
21879
23467
22776
21881
21882
23522
24430
21884
21885
23797
23829
21887
22303
23092
23357
22072
22793
22712
23476
22386
22404
21893
22936
22553
22689
21896
23173
25052
21898
22411
23488
21900
21901
23682
23832
22307
21904
21905
22227
23494
22105
22753
22108
22409
22112
22170
22018
22198
22556
21912
22274
22527
21924
22612
22658
22594
22638
21917
21973
22287
21934
22395
21920
21921
24864
22872
22169
22896
21924
23506
22392
21926
22563
23507
21963
23512
22802
22834
21930
22050
23473
22629
22387
22578
21934
21935
24160
24413
21937
21938
22446
23501
22387
22395
21942
27028
49160
24311
21944
22335
23456
21946
21947
24141
24432
22122
22725
21950
22857
23146
21952
22531
23523
22526
22988
21955
22041
23519
22578
22580
21958
21959
22863
22848
21961
22246
23280
21963
22059
23532
21965
21966
23299
24446
21968
21969
22077
23041
21971
22976
23590
21973
22665
23533
21975
22177
23741
21977
21986
24339
22064
21980
21981
24200
24466
21983
21984
22966
23637
21986
22168
23118
22174
22894
21989
22900
22851
21991
21992
22092
23544
22410
22903
21995
21996
23331
24482
21998
22031
23417
22000
22501
23560
22419
22908
22606
22986
22071
22283
22501
22841
22889
22259
22610
22008
22009
22257
22868
22011
22012
23981
24331
22014
22016
23242
22016
22839
23046
22206
23009
22061
22020
22292
23576
22022
22609
22138
22024
22025
22794
23579
22309
22586
22028
22029
23788
23634
22031
22122
23364
22300
22801
22034
22130
23019
22672
22037
22038
22243
23596
22040
22041
24611
24145
22322
22044
22233
23601
49038
49231
26914
22128
22982
22204
23604
22050
22773
23600
22052
22598
23111
22482
23603
22090
23031
22056
23038
23586
23182
22059
22330
23652
22086
23048
23183
22111
23053
23055
22066
23193
22233
22732
23186
22683
23059
22398
23662
22230
23884
22182
22367
22235
22858
22076
23062
22234
23042
22977
23064
23063
23066
22081
23238
24537
22394
22178
23776
22785
23070
22677
23650
22833
23563
23668
23076
22090
24039
23679
22530
23077
22236
23545
22237
23531
22238
23428
22496
23301
22097
23336
24028
22099
23071
22239
23565
22102
23907
22797
22241
23518
23084
22106
23393
22242
22244
23150
23086
23480
22657
23481
23089
22780
23248
22247
22248
22249
22328
22822
23090
22246
23705
22119
23093
23083
23131
22250
23762
23096
22307
23100
23094
23101
22126
23710
22808
23030
23105
23107
23279
23275
22252
22804
22418
23108
22134
22135
23159
23713
22234
22309
22138
22139
23376
23725
22736
23415
22254
23729
22143
22144
23730
24231
22146
23542
22684
23209
23402
22258
23231
23116
22396
23117
22696
23344
22259
23114
22256
23122
23123
23411
23124
22528
23125
22260
22573
22598
23127
22161
23297
22464
22163
22164
23311
22261
22452
22492
22893
23000
22463
23180
23129
23413
23530
22508
22637
22264
23152
22262
23754
23133
23135
23436
23137
23276
23138
23500
22708
23140
22195
23142
22364
23274
22265
23061
23149
49213
23716
22765
23143
22188
23767
24494
22423
22191
23316
22268
23366
22194
23126
23035
23109
22197
23139
22270
23558
22200
23153
23780
22271
22701
23148
23783
23154
22205
24400
22383
23200
22208
24128
23410
22210
23102
25308
23158
23358
22213
23160
22272
22748
23161
22216
22217
23162
23774
22267
22520
22373
23617
23166
22224
23167
23169
49212
23172
23799
22274
22275
23174
22547
22276
24209
23176
22231
22232
23696
26185
24343
24904
24350
23566
23309
23074
22240
24218
22461
22292
23808
22243
24322
23597
22245
24139
23692
23307
22704
23529
23092
22579
22251
24545
22538
22253
24383
23539
22255
24813
23718
22257
23825
22869
23562
23377
23538
22914
23312
22263
23744
23468
23856
22266
23423
22403
22566
22269
24540
23755
23144
23690
22916
23147
22273
23782
23749
23470
22952
22277
24568
23273
22917
23879
22919
23799
23178
23267
22806
23179
23181
22540
49211
22668
23184
22920
23534
22888
23156
22922
23115
22291
24238
23731
22294
23081
22782
22391
23191
22671
23189
22787
23332
22299
24609
23826
23163
22923
23224
22550
23623
22925
23528
22913
23838
22306
22830
23079
22646
23458
24168
24614
22436
23143
22313
23321
23840
22315
22321
23845
22407
22927
22974
23199
22929
23195
22320
22321
23065
24761
23254
22930
23846
22325
23258
24143
22327
22812
23859
23354
22330
24488
23862
23372
23352
22424
23205
22335
24157
23866
22337
22838
24698
22339
22340
24563
22780
22342
24617
22624
22344
23270
22933
23348
22443
22937
22935
23873
22349
22350
24292
24625
22355
23293
22632
23213
22743
23204
22355
23921
23861
22357
23177
22938
22359
24058
22431
22361
24011
23882
22972
23220
22364
22534
23853
22366
23765
23886
23421
23569
22370
24083
23894
22886
23134
22373
23351
23890
22375
24500
23197
22377
23785
23905
22932
23225
23229
22381
22515
23910
22383
22384
25066
23911
22422
23155
23233
23474
22389
22661
23922
23040
23234
23989
22932
22394
22819
23237
23365
22786
23239
23025
23994
22399
23959
23990
22401
23261
22910
22403
22404
25140
23932
24142
22407
22674
23245
22941
23546
23246
22650
23247
22908
23132
22844
23243
23249
22585
23250
22416
22450
23920
22418
24117
24009
23111
23224
23056
22457
23259
22945
23205
23260
22426
24158
23272
22596
22679
23262
22772
23708
22431
22432
24648
24012
22958
23367
22947
24026
22943
23292
23271
22698
22805
22439
24032
23207
22647
22950
22442
24342
23005
23146
22951
23391
22446
24206
23502
24785
22449
22450
23761
24859
23252
22884
23893
22454
24050
22738
22456
24013
24051
23541
22459
24167
24011
22461
22462
24678
24053
23170
22953
24068
22885
23080
22957
22468
23575
24062
22959
23256
22471
22504
22473
22723
23291
22475
27284
49226
23742
22477
22595
24056
23394
22480
22652
24073
22482
24133
24075
23477
22485
23449
24079
22487
24060
22665
24253
22536
23308
22491
24458
24082
23227
22494
25698
24090
22496
22825
24091
22875
23314
22499
23985
22814
22961
23341
23317
22503
23980
24096
23405
23288
22963
23448
22508
24480
24097
22510
23387
24098
23719
22521
23325
22514
22515
23821
24894
22517
24348
22955
22519
22524
24102
22521
24138
24104
22523
22524
24560
24899
22885
23328
22528
23471
24108
22530
24204
24110
23235
22533
22534
24412
24900
23221
23059
22538
22539
25057
24116
23685
22542
23241
24119
22544
24024
24095
22546
22910
24120
23190
22777
23330
22550
24425
24122
22553
22554
23871
24607
22556
23917
24374
22558
22559
23136
24131
22561
23338
22693
22846
23337
23342
22565
22566
23851
24136
22903
23458
22967
23346
22965
23524
22964
23347
22572
24144
24127
23128
23313
23349
22576
22577
23294
24147
23171
22828
23353
22588
23434
22582
24155
24150
22584
22604
24156
23472
22587
24536
23478
22715
22590
23355
22940
23407
22664
23362
22594
22595
24164
24927
23547
25665
49217
23060
22600
22608
23988
22741
23369
22603
22604
24173
24958
23045
23242
23374
22608
23556
24178
22855
23375
23378
22950
23379
23382
23592
22615
23212
24186
22756
23266
22631
22969
23383
24592
24785
49120
49208
23018
23390
22623
49173
49118
22625
23837
24195
22767
23024
22628
24557
23265
22630
22631
23923
24949
23114
22688
23395
22635
23666
24390
22637
22638
24210
24201
22640
23401
23751
22642
24356
24203
22644
24118
24205
22646
23412
23397
23201
22945
23403
23525
23027
23068
23406
22654
22655
23581
22973
22657
23203
24268
23475
22660
22661
23404
24790
22842
23437
22664
23416
24223
24247
22746
23306
22668
23198
24229
22671
23841
24184
23192
23420
22674
23219
24249
22689
24151
22677
24277
24256
22700
23677
23425
22946
23427
22727
23304
22683
23069
24221
22685
24472
23940
22687
23433
24266
24149
23214
22691
23424
22824
22693
22694
25029
24273
22696
23580
24309
22729
24045
23277
22700
22701
23843
24284
22703
23154
23830
23485
22706
24325
24291
22708
23535
24293
22710
22714
24296
22712
23716
24994
22714
22801
24298
23075
22948
23016
22718
24497
24299
22879
23582
22721
23189
24289
22887
22975
23175
22761
23057
23440
22727
24396
24307
24261
24311
49105
22853
23442
22732
23496
24287
22734
23455
22976
22736
23445
24317
22738
22739
25063
24319
22741
23585
24278
22743
23464
24328
22745
23498
25018
23429
22748
22757
24332
22750
22751
23141
24757
22753
23305
24234
22839
23164
22756
22757
24547
25023
22971
24187
22760
23452
22977
23454
22763
23370
24341
22765
23715
24346
22767
23214
25031
22769
24447
24351
22771
23589
24226
24219
23263
22775
24365
23073
22777
23469
24360
22779
24090
24362
23938
23210
22783
24616
24035
22785
24301
24370
23676
24315
22789
22790
23693
24376
22792
23977
24324
22794
23952
24378
22816
22946
22797
22798
25043
23975
22800
23568
22911
23278
22891
24407
22804
23014
23484
23584
23272
22808
22809
25053
24386
22811
22812
24437
24251
22814
22815
24843
24334
23058
22818
23113
24395
23593
22867
22922
22822
24233
24397
22824
22825
23704
24659
22929
23466
22979
23504
23508
22980
23091
23283
22926
23509
22833
23345
24087
22909
23511
22925
22981
22837
22838
23639
24814
23554
22841
23646
25074
23104
24443
22844
23899
24598
22846
24054
24422
22940
23517
22849
22864
24416
22851
22852
23487
24424
23543
24176
22855
24420
24426
22997
23268
22982
23491
24313
22949
23521
22861
23824
22898
22983
23482
22864
22985
24385
22866
23901
23574
23578
22869
22870
25120
24444
22872
22873
26281
23728
22875
23088
24392
22877
49127
49116
22879
24431
24454
22881
23099
24820
22883
23407
24457
23646
23284
23287
23223
22905
22890
23822
24254
25459
22893
24337
24470
22895
23848
23400
23085
22898
22899
25135
24478
23003
23486
22902
24567
24479
23327
22905
22913
23549
22907
23503
24487
23281
23996
24281
22912
24440
23684
23567
22915
24526
23695
23103
22918
24506
23760
23216
22921
23772
23284
23438
22924
23553
23823
23913
22978
23194
22928
24002
23833
24956
22931
24623
23850
23636
22934
24429
23868
22936
24618
23870
22986
23877
22939
24463
23855
24245
22942
24162
23906
22944
24524
24004
23371
23587
22948
22949
24379
24021
23621
22952
23627
23803
22954
24189
23340
22956
24170
24059
22958
23779
24061
22960
24055
24542
22962
24510
23620
23335
24263
22966
24531
23656
22968
24114
23779
22970
24384
24140
22972
24449
23350
22974
23583
24188
23051
23286
24215
23226
23273
23215
23211
23232
23643
22984
24534
23809
23557
23599
22988
23872
24489
22990
22991
23443
24491
22993
22994
23078
23897
23240
23598
22997
23095
24496
23044
23515
23000
23001
24562
24495
23003
24587
23746
23005
23006
24964
24566
23008
24377
23888
23010
23903
23733
23012
23447
24572
23014
24468
24574
23016
23726
24576
23018
23050
24581
23020
23857
24583
23022
23733
24586
23024
23025
24571
24588
23027
24493
24197
23493
23588
23030
24603
24596
23513
23033
23208
24600
23035
23036
24915
24602
23038
23577
23769
23040
23368
24612
23042
23043
24676
24628
23298
23046
23047
23555
24674
23049
23514
24564
23644
23052
24047
23820
23054
23934
24155
23056
23057
24213
23658
23781
24448
23606
23145
23943
23605
23663
23451
25170
23668
23065
23896
24762
23649
23669
23068
23069
23672
24636
23071
24262
24217
23073
23074
24748
23674
23157
24359
23505
23675
23078
23678
23898
23604
23642
24166
24405
24573
24615
24057
24529
23559
23687
23230
23460
23691
24227
23694
24003
23088
24274
25087
23396
23699
23091
23700
24408
23527
23419
23701
23095
24389
24656
23441
23706
23098
23099
23651
24817
23398
24469
23608
23709
23103
23104
23839
24401
23106
24419
24420
23711
24297
23552
23712
23110
23947
23309
23145
23530
23603
23185
23329
23964
24676
23723
23734
23717
23993
23130
24338
23520
24314
23121
23834
24355
24436
25052
23315
26212
23490
23794
23126
23738
24916
23739
23752
23540
24016
23130
23591
24832
23735
23748
23489
24518
23753
23847
23385
23811
23136
24008
24132
23614
24263
23572
23740
23689
23756
23141
23757
25214
23758
24029
23615
24176
23281
23492
23773
24286
23149
23150
23681
23771
23152
23153
24511
24703
23944
23784
24015
23157
23786
24695
23159
24106
23714
23381
23789
23162
23790
23775
23791
23792
23570
23778
23168
23768
23360
23795
23168
24477
25127
23794
23796
23255
23798
23435
24369
23957
24476
24228
24469
23801
23915
23616
23735
24305
23188
24462
23807
24394
23180
23810
24461
23457
23812
23512
23535
23723
24450
23185
23815
25108
23594
23722
23188
23630
25097
23806
23373
23495
23819
23827
23483
23828
24121
24375
23831
24372
23836
24364
23197
23198
25229
25918
23200
24242
23902
23619
23203
23290
24770
23864
24326
23622
23207
23208
24850
25398
23916
24619
23211
23212
24409
24781
24216
24610
23874
23248
23875
23361
23956
23493
23623
23219
24290
24765
23313
23885
24163
23783
23285
23551
23900
23908
23453
23895
23892
24434
23229
23302
23320
23998
23389
23914
23912
23915
23918
24305
23235
23919
24345
24018
23238
23595
24819
23673
23992
23516
23624
23995
23244
24455
23677
24001
24250
23999
24003
23671
24005
24006
23801
24327
23997
24367
23561
24340
24181
24320
23392
23625
23255
23256
24831
24282
23258
23269
25125
23499
24014
23664
24017
23732
24280
24017
24023
24272
24565
23265
23266
24840
24271
23268
23269
24553
25734
23409
24428
23747
24027
24030
24019
23275
23802
23857
23277
24101
23842
23791
24033
23691
23748
24025
24038
24040
23283
24484
23642
24403
23286
23809
24048
23849
24058
24025
24046
23290
23324
24961
23292
23618
24066
23294
23970
24148
23296
23297
23991
24067
23299
23743
24780
23391
23302
24528
24875
23304
23305
23909
24804
24063
24246
24038
24071
24072
24081
24084
23792
24394
23312
23314
24069
24258
24089
24093
24095
24194
23812
24092
24044
24363
23320
23321
24876
25652
23844
23883
23324
23933
25664
23326
24065
24897
23612
23671
23432
24490
24107
24216
23331
24115
24959
23422
24555
23830
24125
23335
23336
24129
24952
23338
23686
25027
23340
23341
25003
24134
24037
24192
23344
23345
24135
24910
23609
24225
23721
24016
23675
24023
23350
23351
25103
25768
23795
23819
23354
23966
23463
23410
23515
24169
25308
23550
23631
23360
23361
25715
25709
23363
23878
24237
23418
23706
24159
24165
23367
23368
24522
24686
23370
24515
24793
24064
24171
23373
24096
24934
23683
24126
23376
24177
24933
23727
24107
23727
24181
23384
23954
23381
24182
24925
23613
24183
23384
23385
25397
25720
23387
23755
24931
23389
23887
24940
23688
23392
24235
24321
24072
24163
23396
24199
24944
23398
24020
25771
23400
23401
25380
25780
23667
23885
23404
24172
24818
23499
23742
23461
24193
23768
23409
23602
24960
24243
23924
24094
23465
23632
24192
24227
23415
23416
24239
24941
23418
23419
25798
26076
23698
23708
23422
23423
25814
25699
23426
24124
23426
23548
24976
23499
24077
23648
23928
23430
24264
24190
23432
23433
25257
25825
23435
24359
24847
23633
23800
23844
24402
23835
24302
23556
23641
23441
24027
24660
23443
23937
24492
23445
23479
25006
23447
24358
25008
24323
24418
23516
23881
23451
24074
25541
23453
23667
25021
23626
23865
24080
24214
23457
23867
24902
23611
23460
23461
25468
25904
23463
23464
24756
26062
23634
24226
23468
23469
24691
25921
23471
23803
24684
23910
24366
24125
24368
24165
24369
24130
24183
23635
24316
23478
23479
25719
25907
23481
23482
24240
24161
23697
24558
24382
24575
24154
24381
23487
24042
25032
23489
23490
25677
25936
23492
24606
23877
23607
23495
23496
25730
25946
23498
23855
25355
23858
23963
23502
23503
25776
25951
23505
23889
24856
23537
23636
24037
24182
23858
23876
23510
24373
23764
23805
24406
23703
23514
23679
25071
24052
24330
24411
24387
24410
23520
24146
25073
23522
23736
25085
23524
24345
24435
24142
24312
23640
49228
23528
23529
23983
24152
23628
23720
24624
23653
23702
23534
24248
24441
23936
23537
23562
24459
23539
23540
26164
25578
23742
24471
24584
23707
24078
23545
23546
24474
24464
23548
24267
25100
23786
24260
23637
23552
23553
25701
25537
23555
23950
24674
23564
24126
24486
23756
24374
23638
23561
24092
25123
23986
23766
24173
24179
25131
24039
24381
24415
24481
23962
24260
24439
24631
23570
24103
25089
23572
23860
25138
23574
23575
25210
26069
23577
23808
25094
24302
24335
23580
24378
25141
23582
23583
24551
25145
23585
23842
24997
23770
24591
24448
24501
23589
24593
26499
23591
24544
25150
23745
23904
23594
23595
25749
25943
23597
23598
24886
23816
23683
23974
24272
24368
23602
24344
25153
23610
23645
23680
23987
24081
24222
23655
24594
23661
24388
23708
24112
23629
24076
23612
23613
25268
25673
23721
24100
23747
24347
23617
23618
23759
24858
23620
23621
24800
23793
23664
24064
23654
23817
23880
23626
23627
25462
24733
23629
23630
25648
25886
23660
24105
24020
24549
24007
25553
24279
23925
24585
23657
23656
23639
24810
25842
49114
24253
25119
24303
23711
24605
24196
24604
24304
24399
24516
23648
23649
25885
25840
23651
23852
24817
23653
23863
25167
23655
24123
25169
23659
23908
24460
23865
24892
23660
25190
26107
23818
24627
23804
24628
23924
25033
23666
24897
25199
24951
23670
23670
24640
23872
26025
24198
24635
23929
24634
23928
24750
24637
23929
24031
23930
24111
24638
24641
23681
25345
24706
23777
24642
24644
23685
24999
23933
24423
24645
23701
24633
24582
24631
23690
24649
24078
25079
23693
24921
25225
23829
24651
23696
24652
26185
23698
25556
24113
23934
25303
24398
24874
24655
23703
24646
23935
24124
24658
24070
26185
24661
23937
24834
23818
23904
25054
24662
24010
24663
23714
23715
25656
25726
26395
23938
24006
23719
24816
23787
24086
24666
24667
24288
24668
23724
25245
25251
23726
24933
25252
25049
24484
24541
23939
24674
23940
24232
23732
25805
25236
24835
24150
24677
24681
24022
25265
23813
27028
24109
25128
23943
24688
23741
24689
23941
24052
24692
23946
24690
23944
24675
24041
25278
24693
24848
23750
24719
24208
23752
25782
25283
24051
24696
23945
24698
25288
24707
24295
25292
23947
24701
23891
24857
23761
25291
25202
23925
24316
23764
23765
25294
25192
24088
25058
23948
25298
24708
23770
25096
25306
23949
24706
24404
24442
23839
24710
23775
23776
24711
23927
23988
24720
23950
24714
24715
23781
24704
25312
23789
24718
23785
25423
25427
24632
23788
25115
24279
25148
24333
24712
24724
25159
23954
24802
24725
24995
23797
25733
25160
24461
24728
23955
25459
25112
23854
24774
24732
23958
24854
23960
24730
24185
24729
23826
24727
24559
24866
24030
24739
23849
24740
24741
49112
24045
49137
24230
25346
23817
24888
25322
23832
25352
23821
25040
24895
24745
24898
23824
25353
25136
24436
25121
25354
24517
24747
23926
25160
24808
24019
24754
24642
23834
25470
25368
23964
24683
23965
24753
24626
24751
23961
24757
24759
23841
25653
25373
25116
23931
24285
24768
23846
24763
23967
23848
25461
25379
24694
23851
25051
24137
24257
24772
23854
24901
25381
25475
23968
24004
24773
24851
23860
24252
25387
23969
25314
23863
26041
25385
24300
24497
24779
23867
25713
25392
23869
25986
24276
23871
25164
24608
24669
23922
23971
23972
25181
23889
24788
23966
24789
23973
24224
24791
23953
23975
23881
24795
24473
23976
24863
23884
24797
23951
25130
23887
25193
25426
24503
25366
24799
23891
25770
25430
23893
24702
23978
23979
25788
23896
25868
25424
23898
23899
24639
25432
23901
25565
25209
23903
25704
24836
25242
23981
25428
23907
24924
25044
24937
24308
24803
24896
23984
25068
23913
24805
23982
23986
25787
24806
23917
25336
25452
23932
24809
24613
25157
23921
24860
25313
24790
24445
24950
23987
24220
24353
23963
24713
24630
24980
23931
24456
25207
24855
24823
24890
23936
26085
24294
24743
24563
24665
24709
24672
23942
25256
24499
24974
24938
23946
26137
25276
24085
24664
24139
24988
24709
23952
25622
26104
24505
25026
24722
23956
23957
25743
25324
23959
25972
25406
23996
24777
23962
25339
25330
25133
24854
24595
24956
24755
24512
25705
24511
24769
23970
25384
25081
24513
24969
24151
24700
23974
25413
25282
25045
23977
25644
25418
24516
25403
23980
25431
25416
25017
23983
25444
24153
23985
25457
24844
24889
24830
24180
24119
24517
23991
25407
24870
23993
25360
24827
23995
24502
24821
24820
23998
25474
25467
24000
25442
24664
24002
26134
25469
24760
25091
24312
24825
24826
24008
25500
25472
24010
25682
25480
24861
24013
25532
25485
24015
24877
25487
24979
24918
24570
25786
24022
24380
25493
24735
24130
24838
24846
25041
24029
24954
25503
24758
24036
24099
24849
24298
24853
24035
24036
25511
25506
25084
25061
24879
24518
24974
24042
25523
25519
24327
24622
25524
26395
49106
24705
24864
24049
25039
24049
24868
25515
24519
25064
25527
25707
24054
24680
25530
24283
24865
24057
24929
25528
24647
24060
24872
24520
24521
24717
24063
26071
25534
24764
24306
25447
24523
24869
24068
24870
24507
24259
24525
24071
24654
25501
24881
24074
24193
24873
24076
25697
25546
24501
24877
24878
24080
24473
25550
25030
24083
26006
26115
24085
24086
25585
25259
24088
24912
25275
24261
24882
24883
24527
25114
24885
24094
25538
25478
24723
24907
24211
25736
24099
24932
25657
24101
26125
25287
24103
25672
25670
24306
25693
24106
25676
25655
24973
24109
24685
25678
24111
25774
25679
24113
24114
26237
24716
24361
25227
24117
25683
25681
24352
24905
24821
24121
24453
25686
24123
25977
25689
25808
25070
25038
24128
24914
24244
24323
24953
24909
24132
24133
25473
25696
24509
25005
24310
24911
24137
24138
26431
25692
24920
24141
25301
24433
24494
24919
25126
24391
24913
24146
25410
25382
24148
24149
25080
24532
25078
24340
24153
24154
26297
25710
24891
24157
25785
25712
24601
24758
24160
25717
24414
24241
24533
24465
24923
24926
24202
24928
24930
24167
25914
24862
24535
24991
24537
24922
24349
24871
24172
25204
24968
24957
24175
24452
49110
24427
25548
24179
24180
25740
25641
25161
25020
25059
24185
25374
25746
24187
24783
24538
24421
25147
24508
25004
24191
24787
25281
25037
24989
24540
24945
24196
24752
25759
24198
26050
25764
24532
24946
24467
24483
24202
24212
26047
24204
25899
25773
24206
24906
25775
24208
24209
25516
24543
24211
24212
26105
26219
24542
24892
24215
25552
24544
25002
24218
24982
24679
24225
24545
25099
24222
25794
25958
24224
24943
25797
26499
25034
24230
25920
25332
24232
24233
25563
25801
24235
25337
25238
24237
24238
24792
25803
24318
24942
24241
24269
24963
24421
24970
24244
24245
25338
24498
24264
25165
24248
24520
24971
24250
24766
25811
24252
24438
25812
24254
24746
24451
49203
24257
25830
26326
24259
24393
24975
25149
25019
24371
24981
24786
24504
24529
24267
25827
26099
24269
24771
25821
24451
30639
24546
24842
24984
24274
25884
25828
24276
24277
26177
25830
24514
24998
24548
24281
24721
24453
24283
24831
25836
24285
24286
25561
25837
24288
25946
25377
24290
24729
25843
24292
26317
25098
24294
24295
26302
25846
24297
25132
25230
25132
24300
24301
25014
25850
24977
24304
24485
25853
25162
25035
24308
25950
25862
24310
25142
25869
26212
25982
24350
24315
25086
24554
24318
25007
26043
24320
25065
25874
24322
26111
24887
24650
24325
25419
26325
24329
25013
25015
24329
26064
25879
24498
25016
24519
25017
24333
25025
25872
24335
24845
25881
24337
24580
25810
24339
25483
24556
25113
24342
24794
24965
24344
24375
25891
25156
24347
25728
25894
24349
24504
25405
24497
24352
26000
25901
24558
24785
24355
24356
25369
25897
24358
25281
25667
25104
24361
25923
25912
24363
24884
25915
24365
25363
24749
24367
26101
25924
24829
25155
24371
25852
25926
24373
25358
25564
25062
25118
24377
25225
25607
26007
24380
24577
25932
25036
24383
26056
26324
24935
25042
24417
24486
24387
25055
25930
24389
25978
25937
24391
25200
25939
24393
25088
25941
25545
24396
25108
25948
24398
25802
25954
24400
25232
25067
24402
24759
25611
24404
24405
25841
25960
24407
24643
25554
24409
25539
24782
24559
24784
24412
25877
25966
24414
24415
26492
25969
24417
24418
26057
25436
24597
25076
25075
25083
24423
25531
25973
24425
25032
25975
24427
25077
25981
24429
25791
25985
24431
25085
25987
24433
24434
26462
25988
24530
25158
25771
24438
24503
25261
24440
25739
25000
24442
24972
25993
25308
24445
25122
25995
24447
24780
25998
24983
24539
25102
24560
25107
28763
49141
49236
26458
24550
25735
24456
24599
26003
24458
24708
26005
24460
24889
26009
24908
24463
26449
25475
24465
24475
26015
24467
24468
25723
26018
25052
24561
25466
24472
26021
25755
24629
24475
24481
25663
24477
25600
26023
24579
25137
24480
26061
26022
24893
24483
24959
26037
24485
25441
25144
24488
25953
26040
24490
24671
25820
24492
24493
24744
26049
24822
24621
24833
24552
24657
24778
24500
25576
25228
24726
24590
25110
24682
24798
24506
26130
25290
24508
25492
25316
24510
25751
24801
24996
24623
25171
24618
24767
24515
25390
25266
25166
25111
24737
24697
25010
24522
25598
25536
24524
25639
25092
24526
25817
24653
24528
26145
25542
24992
24531
26147
25190
25082
24534
25796
24867
24536
25240
25718
24939
24539
25395
25731
25669
25439
26281
24673
24569
25518
25777
24955
24547
25636
25024
24549
25233
25823
24551
25714
25146
24553
25568
25750
24555
26080
25865
24557
25632
24841
24948
25095
24738
24562
25799
24833
24565
25072
25273
24567
24966
26060
24569
24570
26034
25660
24589
24936
24573
25009
26066
24575
26020
26067
24577
25253
26328
24579
24580
26139
26514
24582
24604
26028
24584
24775
26074
24994
25143
24587
24837
26216
24589
24590
25991
26081
24592
25593
24948
24594
24595
26560
26086
24597
26094
26097
24599
25434
26087
24601
25400
26090
24603
24917
26093
25152
24606
25315
25413
24608
24609
26213
25605
24611
25367
25410
24613
24687
26102
24619
24624
24616
26149
25512
24625
24626
25163
24736
24621
24622
26983
26520
25050
24985
25098
25409
24812
26280
24676
24796
25551
25195
25947
25196
25197
26051
24810
25198
25201
25359
24636
25205
25794
25206
25495
24639
25211
25433
24670
25840
24880
25968
24812
24731
25218
25219
25917
25028
25220
25168
26084
24648
25221
25532
25222
25299
25223
25992
25224
25752
24653
24654
27239
26998
25280
26078
24657
25938
25226
24659
26052
25114
25234
25928
25234
25903
25231
25327
25243
25702
25244
24813
25455
24986
25247
25249
25761
25250
25748
24670
24671
26774
27152
25213
25755
24865
25047
25241
26483
25194
25251
24679
24680
26558
26784
25498
26096
25260
25263
24978
25246
24685
24734
26200
24687
25536
26206
25269
25284
25139
25255
24691
25271
25922
25272
25784
25435
25895
25221
25279
25105
25197
25285
25460
25286
25421
24814
25188
25342
25289
25504
25402
25989
24704
24996
26224
24846
25440
25296
25217
25299
25300
24811
25307
25839
24712
24713
25309
25304
25090
25320
24716
24717
26236
25311
24719
25834
25517
25212
25514
25237
26239
25318
25396
24838
25258
25319
25414
25321
25732
25325
26054
25326
25646
25328
25479
25329
24731
25334
26253
24733
24734
25464
26851
25206
25361
24987
25335
25340
26033
24899
25341
24908
25848
25584
25722
24903
25792
25476
49198
24744
25634
26611
24746
26417
26042
25351
25963
24749
24750
26274
25558
24752
25208
26565
25362
25762
25357
25364
24756
25365
26063
25214
25022
25589
25372
25752
24762
24763
25425
25979
25203
25835
24766
25844
26286
25375
25890
25371
25376
25093
25370
24771
24962
26576
24776
25069
24774
24775
25613
26569
24777
26171
25333
25338
25389
25048
25463
25272
24782
24783
26157
25394
25931
25967
24787
25758
26349
24828
25412
24852
25408
24818
24792
26132
25804
24794
25267
26310
24796
25323
26314
25371
25420
24993
25404
25401
25429
24801
24802
26319
25497
24804
25650
25337
24807
25443
24807
25262
26332
24938
25458
25451
25910
25453
25320
25454
25212
24815
25842
24816
25629
25115
25069
24967
24939
25945
25069
25109
25298
25983
25001
25664
49182
49210
25344
26026
24827
24828
26879
26903
25248
25753
25471
25478
25479
25151
25482
25484
25489
25547
24836
24837
26474
26681
24839
25694
26323
24841
24842
26244
25494
24844
24845
27346
27298
26593
25106
25317
25438
25498
24850
25505
25399
24852
25134
26368
25414
25509
25173
25140
25510
25401
25495
24858
25625
24869
24860
25202
26375
24862
24863
26340
25522
26281
26136
24867
24868
27675
27025
25525
25490
24872
25620
25011
24990
25540
25539
25544
24876
25543
26442
25661
25222
25547
24880
25549
26401
25215
25649
25538
26403
24884
25698
25957
25651
25792
24887
24888
26501
27148
25348
24891
25591
25078
25046
25662
25970
24895
24896
26410
25659
25446
25074
25174
25672
24901
25966
26419
24903
25393
26422
24991
25170
24906
25684
26267
25347
25416
25688
25060
25694
24911
24912
25695
26413
24914
25934
26429
24916
24917
25129
26434
25361
25499
25175
25698
24921
26126
26173
25508
25706
24924
25708
26259
25437
25711
25649
25654
24928
24929
25724
26383
25533
25725
24932
25586
26460
27046
25347
25729
24949
25176
25031
25172
25216
26010
26481
25450
25415
26127
24942
24943
25756
26486
24947
25302
25258
25757
24947
25763
26562
25191
24950
25177
25456
25767
24953
24954
25772
26496
25057
25864
26499
24958
25754
25785
25832
25154
25790
24962
25666
27203
25795
25822
24965
24966
26311
27192
24968
24969
26356
25889
25350
25704
24972
25012
27232
25254
25465
25179
25816
25942
25101
25807
24978
25882
26494
25249
25264
25235
25506
24982
25818
26556
25325
25596
25274
25753
24986
24987
26761
27502
25297
25766
24990
25906
26525
25056
24993
25529
26529
25422
25604
25849
25609
24998
25117
25857
25000
25001
27243
27283
25465
25608
25004
25005
25588
25859
25007
25909
26476
25009
25668
26539
25011
25012
26921
27303
25014
25809
25851
25507
25878
25614
25876
25180
25019
25355
26455
25437
25980
25767
25867
25847
25883
25024
25025
26987
27261
25793
25856
25028
25029
26549
25884
25215
25929
25181
25520
25499
25835
25896
25900
25893
26122
25549
25911
25871
25896
25845
25917
25040
25642
26411
25435
25928
25301
25965
25044
25045
26186
25856
25047
25048
27431
26951
25254
25391
25051
26150
26432
25054
25055
25574
26665
25186
25239
25683
25581
25754
25060
25675
26594
25502
26601
25217
25452
25064
25065
25496
26261
25067
25068
26180
25526
25248
25458
25072
25968
26605
25086
25383
25166
25076
25077
25486
26612
25691
25438
25900
25081
25082
26616
25935
25349
26073
25871
25980
25577
26095
25088
25829
26620
25090
25671
26625
25092
25093
26993
27439
25095
25096
26140
26389
25888
26404
25606
25143
25997
25101
26100
26628
25103
26124
25769
25105
25106
27127
27454
25245
25521
25603
25110
25111
26012
26002
25262
25878
25124
25342
26014
25233
25117
25287
26647
25687
26001
25131
26042
25121
25122
26152
26633
25124
25651
26271
25126
26011
26045
25300
26024
25129
26114
26654
25456
25654
25182
26030
25134
25305
26662
25136
25137
26270
26065
25139
25388
26266
25270
25142
26143
26671
25617
25845
26058
25146
25147
26447
26072
25711
25833
25331
26051
25151
25779
26669
25760
26089
25154
25892
27323
25317
25533
25157
25158
26091
26055
25319
25445
25566
25391
25875
25910
26096
25164
25610
26214
25535
26106
25183
25168
25386
26707
25690
26708
25185
25343
26109
25189
25990
25246
25971
25184
26450
25956
26046
25178
25964
25178
25996
26604
25269
25340
25286
25623
25187
25411
25741
25184
25618
26585
25186
25645
26705
25188
25189
27376
27562
26710
25556
26428
25193
25295
27047
25691
26153
25558
26543
25738
26029
26154
25280
25559
25200
25448
27275
25235
26156
26732
25204
27072
26357
25765
26453
26160
25560
26004
25562
26530
25210
26575
26070
25680
26161
26163
25563
26240
25293
26505
25565
26680
26166
25555
26590
25282
26165
25974
26528
26167
26387
25436
26170
25566
26169
26172
25567
27010
25569
25832
25229
26766
25919
25231
26032
26755
25855
26179
26181
26552
26184
25237
27227
26763
25572
26643
25240
27553
26756
25242
26692
25573
25481
26188
25570
26189
26190
26430
25259
26191
26192
26347
25378
26195
26196
25253
27046
26451
26586
25256
26871
25575
25820
25826
26199
26493
25261
27888
26783
26622
25449
26205
25578
26204
25577
25579
25267
26588
26776
25674
26027
26210
25699
26211
25277
26193
25999
25274
26606
26799
25580
26415
25277
26506
26769
25582
26216
25584
26523
26218
26393
26301
25284
27050
26807
25417
26222
26223
26519
25586
25669
25585
26226
25291
27202
26806
25293
26231
25339
25295
25564
26816
25297
26254
26820
25571
26427
26360
26655
25303
26538
25590
25305
25310
26825
25592
26391
25589
26235
25310
25873
26839
25597
26238
25596
26225
25314
26376
25594
25327
26300
25587
26834
26241
25497
26242
26243
26322
25936
26247
25323
27150
26837
25599
25745
26248
25819
26249
26250
25688
26251
25747
26234
25331
26814
26822
25601
27352
25334
26466
26804
25336
27504
26853
26641
26429
26233
26230
25521
26440
26258
26008
26263
25984
26255
25471
26254
25602
25603
26264
25685
26265
25350
26872
26854
25352
26363
25604
25537
26269
25605
25819
25477
49132
25358
26881
27565
25360
27362
26878
26443
25363
27164
26275
25660
26279
25408
26277
25449
25607
25608
26293
25369
26975
25898
25609
26561
26284
25442
26696
25374
27056
27508
25610
26578
25611
26509
25378
26896
27223
25380
26969
25781
25612
26420
25383
26294
27120
25595
26617
25386
27406
27221
25388
25812
26909
25614
26252
25858
26587
26290
25393
27136
26915
25395
26159
26917
25397
27547
25721
25399
25400
26365
27791
26638
25403
26372
25618
25405
27336
25619
25407
27409
25491
26346
25562
25606
26292
25700
26295
25429
26296
26299
26689
25426
26305
26306
25527
26309
25419
27008
26933
25622
26883
25496
26315
25615
26395
25488
26508
25425
27288
26703
26891
25428
26536
25623
26684
25624
26925
25626
26307
25433
25434
26162
26941
26503
26059
26392
26545
25440
25441
27061
25854
26189
25444
27613
26929
25545
26336
25447
25448
25627
26313
26155
25508
27242
25510
26394
26338
25959
26137
25455
26339
25628
26350
25637
26343
26345
25553
25461
27549
26968
25463
25464
27438
26851
26282
25630
25810
25468
26973
25905
25470
27216
26974
26596
25473
26362
26977
25925
26351
25477
49177
28500
26273
26406
25481
27089
26980
25483
26554
25631
25633
25800
25527
26354
26098
26613
25488
26409
26978
25634
26316
25491
25492
27824
26972
25621
25933
25635
26246
26355
26709
26321
26568
26504
25557
26361
25502
26997
26994
25504
26498
27000
25658
26364
25513
26366
26520
26367
26031
26337
26370
25512
25513
26956
26901
25641
26694
25642
27009
25517
25518
26373
25640
25520
26378
25976
26469
25643
26342
25583
26377
25616
25916
25638
26382
25637
26388
25529
26385
27165
25531
26786
27023
26479
26664
25535
27511
27026
26333
25703
26651
26158
25541
27341
25645
25543
27459
27036
25955
26396
25646
25647
27104
26398
26142
27046
26402
25551
25552
26541
25778
25554
25555
25557
26745
26524
26276
25959
27384
25561
27457
25838
27575
26291
27075
26574
26615
25568
27540
26687
25913
26175
25571
26751
26742
26111
26257
25574
27537
26666
25576
27585
26765
25987
26602
25621
26119
25581
26791
26781
25583
27634
26801
26379
26493
26203
25588
27639
25860
26537
25591
27140
26168
25593
27892
26428
25595
27012
26827
26425
25598
27616
26334
25600
27235
26829
25602
26932
26842
25949
26636
26215
27428
26174
26579
26627
26534
26537
25613
27606
26570
26289
25616
25617
27311
26911
27259
25620
27632
26920
26344
27467
26603
25625
27233
26382
26128
26318
25893
26312
25629
26738
26182
26112
26600
25632
27319
26245
26653
26983
26353
25636
26867
26986
26706
25639
27577
26992
26035
26374
25742
26472
25644
27594
27007
27367
26371
25648
27497
25887
26659
25863
26642
26405
25653
26442
27055
26187
25656
26209
25727
25658
26461
27059
26101
26412
26036
26054
26409
25663
27068
26016
25666
49165
49199
28320
25668
27032
27413
25806
25671
26441
27076
26439
25674
25675
27538
27080
26108
26208
26033
26416
26113
26201
25680
27453
27073
25682
26229
27088
26227
25902
26423
25787
26421
25687
26426
27069
26818
25690
27419
27100
26168
25693
26433
26121
26668
25870
26414
25697
26977
27103
25815
26042
26418
25702
25703
26753
27244
26473
25979
26008
25707
26444
25783
26017
26330
25716
25744
25911
26298
26445
25713
27110
27135
26120
26446
25716
25849
26544
25725
26448
25719
26757
25908
25721
25722
28062
27121
26019
26039
26048
26384
26459
25727
25728
27928
27078
25730
27342
26502
26123
26895
25733
26923
26615
25750
26011
25987
26118
26022
26116
25813
49209
25739
27157
27043
25741
25742
27347
26764
25744
25745
27279
27328
25747
27509
27125
25749
26772
25944
26686
25861
26320
26480
26645
26553
26597
26044
26487
25806
27175
26106
26484
25760
26567
27170
26125
26359
26086
26478
25935
26475
25765
27182
27162
26126
26468
26495
25769
25770
28646
27642
26110
25992
26497
25774
27332
27452
25776
26268
25952
25778
25779
26542
27195
25781
25782
28167
27049
25784
27159
26897
26701
25824
26110
26127
26115
26128
25813
49232
25791
27630
27039
26531
26129
26331
26386
25796
27623
27836
26131
26488
25903
26077
25800
26112
27205
25802
26291
27219
25804
25805
27211
27226
26202
25808
26490
26079
25880
26512
26514
26133
26547
26783
49140
25815
25866
26515
25817
27054
27238
25927
26517
27113
26522
25822
26577
27246
25824
26183
26589
25826
25827
27214
27251
25829
26550
26778
26178
49021
49207
26038
25834
27268
27006
26559
26135
26408
25838
25839
28013
27257
26551
25961
25994
26137
25844
26234
27264
26288
26232
26304
25848
27267
27266
26260
25851
25852
26513
27271
25854
25855
27063
27035
26186
25858
26648
27281
25860
25861
27728
27282
25863
27387
26810
25997
26228
25866
26678
27285
25868
27404
27287
25870
26673
27289
26679
25873
27263
27296
25875
26262
26928
25877
26847
26581
26610
25880
27507
27309
25882
27299
27313
26090
26546
26548
25947
26551
25887
25888
28041
27306
25890
26358
27041
25892
26001
26555
26683
25895
26947
27325
26217
25898
25899
28052
27331
26491
25902
27448
27333
26595
25905
25906
27730
27337
25908
25909
28010
26907
27108
26693
25913
27250
27345
25962
26341
25916
27350
28050
26380
25919
25920
29036
27351
25922
25923
26194
27248
25925
26631
27118
25927
27273
27356
26467
25958
26572
25931
26667
27359
25933
26256
26583
25940
26584
26618
26416
25938
26877
27375
25940
27277
27377
25942
26621
27379
25944
25945
28139
27381
26502
26619
25949
25950
26843
27386
25952
25953
27855
26868
25955
27220
27190
25957
27044
27350
26386
26506
25961
25962
26728
27393
26002
26526
25965
27392
27396
26580
26140
26644
26607
25970
27179
27400
25972
27364
27408
25974
27024
27415
25976
25977
27655
27418
26280
26876
26703
26285
26141
26614
25983
25984
26743
27421
25986
27040
26971
25989
26463
27155
25991
26817
26082
26862
25994
27501
27434
25996
26635
27442
26464
25999
26000
26898
27446
26623
26013
26004
26088
26637
26006
26360
26657
26104
26143
27460
26010
26265
27461
26470
26013
26083
26639
26053
26144
26016
26017
28120
27464
26019
26020
27465
27057
26075
26598
26646
26024
26830
27476
26026
26027
26858
27566
26029
26089
27821
26031
26032
26729
27967
26287
26035
26036
27084
27480
26038
26039
26176
27832
26041
26869
27405
26044
26477
27486
26046
26471
27489
26048
26221
27491
26050
26611
28898
26702
26053
26079
26660
26650
26092
26146
26068
26661
26058
26059
27498
27183
26061
27194
26646
26063
26064
26278
27505
26138
26381
26148
26540
26068
27058
27499
26070
26071
28058
27510
26073
27030
27269
26075
26571
27517
26077
26078
26747
27519
26397
26095
26677
26082
26083
27683
27206
26085
27229
26303
26674
26088
26943
27523
26682
26856
26092
26103
26685
26094
26435
27527
26283
26511
26098
27528
27532
26100
27253
27534
26630
26103
26207
27544
27241
26117
26220
26704
26108
26712
27556
26150
26864
26151
26500
26352
26114
27569
26954
26656
26117
27053
27093
26119
26120
26965
27838
26122
27106
26789
26124
27339
27102
26518
27123
26436
26489
26130
27581
27201
26132
27247
27210
26134
27217
27215
26136
27603
27432
26139
26960
26716
26390
26142
26900
26626
26632
26145
27494
27458
26147
27255
26711
26149
27628
26957
26699
26152
26589
26634
26197
27488
26727
27204
27424
27643
26730
27361
26158
26159
26731
27904
26905
27495
26162
26735
26942
26695
26736
26324
26602
26739
27015
26741
27097
26479
26744
26746
26748
26824
26749
27178
26326
26465
26173
26174
27662
27643
26176
27482
27846
26178
26971
28248
26180
27402
26388
26182
26183
28231
27686
26901
26924
26259
26762
27371
26752
26767
26327
26198
26768
26760
27621
26758
26770
26194
27637
27249
26771
26899
26197
26198
28282
28246
26323
27559
26201
27005
26773
26203
27085
26780
26720
26782
27079
27425
26207
26335
27666
26209
27064
27929
26793
27161
26370
26516
26214
26215
26535
27111
26681
26797
27169
27441
27521
26220
26221
26803
27694
26946
27548
26808
26809
26225
26627
26795
26811
27001
26228
26229
26812
27691
26793
26892
26232
26233
26815
26814
27990
26823
27258
26237
26238
26745
27189
26458
26507
26599
26831
26819
27455
26835
27546
26690
26828
26245
26246
27735
27530
26922
26991
26836
26841
26844
26906
26845
27132
26407
26846
26452
27353
26591
26805
26849
26725
26857
26328
26675
27469
27516
26272
27485
26329
26861
27302
26262
26709
28134
26863
27137
26308
27343
27087
26870
26910
26268
26424
27854
26270
27114
26381
26272
26988
27764
26652
26874
26275
26276
27765
27478
26278
27385
27506
26880
27479
26736
27099
27363
26885
26887
26510
26882
26889
27477
26547
26890
26892
27471
26893
27450
26798
26894
26904
27372
26913
26293
26294
27373
27792
27348
27608
26903
26926
26298
26929
27445
26300
26301
27131
26930
26303
26304
27948
26833
26437
27295
26307
26308
26935
27801
26865
26945
26311
26777
27193
26313
27636
27276
26838
26938
26808
26931
26400
27429
26325
27428
27174
27330
26320
26321
27805
27427
26959
27397
26949
26649
26934
27308
26698
26750
26451
26330
26331
27513
26859
27130
27417
26334
26335
28478
28381
26788
26828
26691
26953
26741
26853
26737
26959
26341
26342
26962
26950
27346
27551
26964
26966
26482
26759
26369
27426
26782
27212
49131
49187
26393
26485
26762
27184
26973
26976
26919
27388
26982
28092
26479
26865
26905
26984
26357
26358
27719
28691
26733
27212
28517
26362
27186
27819
26527
26996
26365
27002
27831
27003
27167
27004
27128
26369
26663
28067
26967
26788
26906
27156
27484
26374
27006
27354
26376
27151
27011
26378
27638
27861
27014
27031
26893
27015
27016
26873
26384
26385
26944
27865
26453
26399
27213
27021
26390
26391
26754
27664
27129
27477
27032
27033
27420
26731
27013
27034
27038
26399
26400
28596
28595
26608
26940
26940
27045
26454
26455
26449
26456
26533
26988
26407
26408
27889
27018
27198
26411
26412
26985
27065
26414
26415
26813
27292
26521
26418
26450
27082
26420
26582
27083
26438
27086
26532
26916
26424
27092
27900
26796
26841
26457
26458
27097
27213
27098
26452
27109
27181
26432
26433
26700
27105
26435
26654
28070
26437
26438
28312
28656
26440
26441
27117
28100
27037
27126
27495
26860
27128
27122
27129
26447
27134
27030
26492
27096
27139
27560
26626
26584
26713
26734
26979
27027
27048
27307
26507
27070
27095
27444
26461
26780
27671
26463
26655
27938
26912
26948
26466
27146
27958
26852
27147
26821
27141
26768
27116
26471
26688
27895
26985
27301
26474
26855
27525
26563
26989
26477
26908
27911
27163
27236
26697
26748
26482
26483
27954
27168
26485
27558
27806
26487
26488
26970
27955
26658
27173
26629
27038
27169
27172
27179
26715
27181
27314
27180
27184
26497
26498
27583
27951
26501
27597
27149
26896
26852
27326
26787
27126
26573
27199
27209
26802
26536
27596
26510
27138
27973
26888
27177
26513
27230
27272
26716
26516
27285
27988
26557
26794
26519
27160
27231
26983
26991
27471
27154
27240
26744
27245
26592
27185
27338
27340
26527
26640
28047
26866
27260
27166
27335
26566
27265
26532
26533
28549
28812
26535
27052
27112
27407
26717
26564
27286
26540
27414
27280
26542
26939
27196
27300
27390
26861
27278
27172
27225
27267
27315
27316
26549
26550
27260
28007
26721
27147
27320
26701
27321
26670
27318
26624
27322
26557
26558
29490
26785
26787
27237
26674
26708
27291
27440
26563
26564
28840
28479
26566
26567
29054
28687
27177
27225
26570
26571
28585
28858
26573
27470
27784
26575
27208
28056
26577
27617
28059
27042
27124
27358
27363
26581
26582
28873
28843
26676
26966
27366
26775
27370
27099
27372
26588
27626
28028
26792
26591
26592
28534
29513
26601
27062
27081
27365
27320
27374
26874
27274
26598
26599
27383
28025
26832
26918
26722
26718
26809
27407
27391
27443
26606
26609
28081
26608
26609
28439
28908
27003
27020
28092
26613
26614
27142
27410
27107
26617
26618
27143
27019
26902
27300
26621
26779
28097
27020
27417
26624
27071
28118
27077
27397
27436
27399
26629
27535
28106
26631
27067
28107
26672
27475
26634
26635
27451
28104
26996
27302
27456
27524
26984
27256
26640
27207
28094
26642
26643
27573
27468
27051
27360
26770
26800
27472
26648
27231
28125
26661
26719
26726
26836
26652
26979
28016
27167
27618
26955
27389
26657
26658
28517
28986
27199
27371
27034
27493
27496
26663
26826
28153
26819
27444
26666
26667
28992
28980
26740
27365
26670
27197
28157
26672
26673
28685
29004
26714
26676
27437
28161
26678
26886
28164
26797
26889
27449
27463
27525
27171
27834
26790
27512
26927
27256
27254
27545
26687
26688
28185
28713
26690
26691
28681
28244
27536
27614
27045
27541
26695
27543
28177
26697
26698
28401
29043
26700
27579
27823
27110
26727
27324
27554
27200
27555
27369
27552
27022
27550
27222
27228
26723
27327
26711
26712
28727
29060
27176
27470
26724
27236
26811
27561
26832
26823
27138
26719
26720
28725
28503
26902
27483
26995
27835
26724
27101
27968
27423
28200
27198
27640
27641
27394
27435
26953
27966
26924
27965
27644
26806
27151
27160
27645
27029
27875
27074
27862
27649
26738
28925
28230
26930
27651
26949
27652
27653
26743
28236
27422
28089
27187
27488
27722
27374
27520
27660
27183
27661
26751
28243
28236
26753
28264
27879
27051
27663
26845
28250
26757
29051
28011
26759
28277
28255
26761
28306
27503
28003
26802
28493
27349
27543
26766
30525
29036
26981
27669
27670
27209
27567
27673
26772
28927
28140
27568
29173
27153
27483
27570
27782
26777
28029
28414
26779
28214
28288
27830
27321
27937
27681
28489
26785
26786
29490
28294
27906
27969
26790
28650
28298
27294
27685
27451
27686
27687
27357
27690
26796
27994
28818
27763
26847
28793
26800
28082
28307
27571
27700
27701
27094
27695
26805
27959
28296
27744
27161
28470
27703
27802
27572
28897
27706
26948
27692
27290
27293
27709
26848
27709
27574
27702
27564
27682
26990
27266
27712
26821
26850
28329
27324
27844
27714
27107
27715
26826
26840
28411
27144
28521
27721
26830
27992
28340
26913
27946
26961
26848
27950
26884
26972
27427
27772
27732
26838
28674
28355
26840
27297
28356
27717
26843
27796
28358
27529
27740
27741
26990
27742
27743
27697
26850
27274
28365
27005
27814
27970
26855
27761
27699
27430
27791
26858
29178
27768
27515
27580
27159
27751
27754
27178
27582
26864
27755
27578
28089
27416
28387
27531
27756
26869
28331
28362
26871
27758
27584
27270
27760
27234
27576
26875
28017
28375
26877
28888
27658
26879
28866
27917
26881
28963
28405
26883
28145
27586
27587
28988
26886
28403
28395
27120
27773
27108
27750
27775
27264
27776
27047
27526
27781
28031
27353
27783
26917
27589
27344
26898
28279
27447
27224
27785
27412
27723
26958
27858
27917
26928
27788
27789
28084
26908
28012
28431
26910
26937
28434
26912
27312
28436
27983
26952
49205
26916
28665
28399
27904
26919
27812
28440
26921
28817
27304
26923
28716
27809
27944
27590
27642
26927
28449
28447
28136
27919
27133
27327
28483
27592
27795
26934
27797
27591
27330
27800
26952
49226
28451
28489
26939
28546
28464
28158
26942
26943
27863
28467
27492
27866
26946
28472
28471
27078
27803
27807
27942
26963
27593
27433
27808
49201
27899
26955
28228
28071
26957
26958
28785
28484
27786
26961
27017
27811
26963
27395
27813
26965
28338
28117
27725
27420
27989
26969
29047
28168
27487
28213
29232
27826
27729
26975
28724
28053
27119
27817
27818
27595
27910
27822
26981
28637
28502
27429
27962
28075
27066
26987
27757
27262
28040
27019
27827
27828
27676
26993
28351
28513
26995
26999
28516
28002
26998
26999
28747
29259
27001
27952
28539
27060
27850
27852
27398
27853
27438
27677
27008
28454
27798
27025
27600
27375
27598
27012
27739
28520
27191
27859
27245
27860
28582
27017
27115
29971
27602
27891
27145
28096
27022
27403
29276
27024
28295
28587
27749
27200
28465
27029
28500
49172
27869
27646
27121
27870
27872
27108
27974
27874
27607
28528
27037
28951
28612
28172
27040
28697
29232
27042
28693
28597
27158
27243
27490
27877
27880
27702
27218
27780
27050
28169
28626
27654
27124
27885
27474
27883
27380
27881
27056
28612
29038
27058
27466
28613
27060
27672
29303
27062
27063
27724
28528
27557
28170
27066
27067
28620
28618
27401
28121
27070
27071
28374
28622
27237
27718
27074
28949
28624
27565
27574
27077
28102
28602
27930
27888
27941
27081
27539
28630
27382
27608
27605
28632
27355
27868
27609
27829
27087
28635
27462
27089
27693
28636
27283
28320
28976
49149
27334
27902
27094
27884
28504
27096
28891
28036
28163
27188
27894
27908
27101
28920
28644
28083
28646
27104
27820
27610
27106
27823
28648
27809
27364
27873
27913
27112
27113
27885
27529
27115
27244
29329
27117
28273
28101
27119
28108
28561
27794
28064
27268
27935
27612
27662
27920
27921
28407
27922
27204
27923
27924
28078
27613
28166
27132
27133
28354
28267
27647
27810
27136
27914
28664
27542
27931
27933
27218
28500
27286
27722
27612
27934
27411
27533
27144
27145
29358
28786
27604
27720
27943
27149
27150
27887
28672
27738
27153
27154
28944
28676
27156
27940
28427
27158
27833
27945
28142
27747
27995
27176
27963
27164
29075
27766
27166
27867
28689
28019
27614
28138
27953
27171
28688
28694
27778
27174
29062
28699
27559
27609
27957
27947
28241
28035
27404
28199
27960
27961
28898
27964
28143
27186
28907
28705
27188
27189
27688
27615
27191
28730
28642
27193
27194
28415
27473
27196
27197
28464
28460
27910
28045
28176
27202
28369
27745
27617
27708
27971
27388
27618
27207
28662
28710
27449
27972
27619
27211
28000
28721
28190
28099
27240
27252
27216
27978
28723
27317
27977
27869
27220
27983
28729
27222
28912
28731
27224
28846
28733
27936
27227
28721
28737
27229
28704
27949
27310
27984
27748
27305
27501
27234
27620
27982
27329
27991
27993
28202
27239
27882
28747
27665
27467
27475
27381
27398
27996
27879
28066
27622
28060
27999
28001
27249
27250
27987
29202
27252
27253
28265
28252
27255
28507
28726
28201
27258
28015
28765
27484
27570
28007
27262
27263
29558
28769
30242
27522
28021
28022
27711
27678
27270
27648
28775
27272
27273
27985
28777
27927
27276
27277
28124
28781
27279
29001
28457
27627
28519
27625
28127
27837
28030
27996
49178
27815
28160
27288
28183
27668
27290
29005
28794
27399
27707
27293
27294
28795
28790
27526
27704
27297
28770
28798
27299
28051
28800
28110
27601
28032
28033
27304
27305
29649
28804
27307
28043
28442
27604
28248
27310
28258
28806
27312
28203
28809
27314
28801
28789
27430
28034
27317
27777
28802
27319
28991
27736
27816
28080
27323
27680
27629
28159
27326
27804
28821
27897
27329
28457
28823
27762
27332
28054
28828
27334
28942
28831
27336
28129
27631
27338
28347
28835
27624
28046
27341
28049
27368
27343
27344
28577
28844
27481
28422
28051
27348
27349
28815
28850
27878
27352
28892
27633
28061
27355
27679
28861
27357
28779
28863
27373
27710
27360
28981
28856
27362
28703
28865
27713
28090
27774
27378
28061
27368
27369
28839
28870
27560
28196
28065
28114
27793
28055
27657
27485
27563
27378
28783
28552
27380
28098
28885
28141
27560
28076
27518
28026
27441
27619
27426
28068
27387
28358
29068
28008
27396
27939
27478
28087
27392
28894
28343
27394
27395
28901
28895
27726
28156
28103
27994
27401
28037
28909
27403
27607
28569
28182
27406
28363
28911
27790
27409
28091
27825
27411
27412
28830
28913
27414
28426
28571
27416
28588
28916
28088
27419
27656
28919
28038
27422
27423
29229
28921
27425
28149
28234
27684
27847
27575
28186
28249
27432
27433
28579
29542
27435
28180
28744
27437
27723
28930
27808
27440
28513
28936
28044
27443
28105
28939
28093
27541
28155
27447
27448
29545
28941
28095
27498
28115
28113
27453
28829
28948
27455
27923
28542
27457
28348
28014
27459
28985
28950
27542
27554
27462
27463
29310
28423
27514
28122
27466
27839
28956
27588
27469
28281
28959
27752
28187
27473
27474
29643
29557
27771
27635
28341
28128
27767
27480
28130
27868
27482
29066
28206
28109
27674
27856
27487
27912
28978
27997
27490
27896
28562
27492
27696
28982
27494
28591
28984
27998
27500
28148
27611
28042
27964
27500
28614
28994
28179
27503
27504
29434
28998
27506
27507
28069
28256
27509
29039
28406
27511
28855
28615
27636
28181
27514
27515
29006
29002
27597
28074
27518
28860
29009
27520
27521
28559
29011
27591
27799
27524
28469
29014
27634
27841
27528
28072
29021
27905
27531
27737
29026
27533
29022
29028
27535
28253
29030
27537
28958
29032
27539
27566
29033
27599
28184
28188
28261
28116
27545
27667
29041
27547
28409
28063
27549
28557
29046
27551
28686
29049
27553
28680
29050
27668
27558
27907
27557
29061
29052
28137
28193
27621
28827
27563
27564
29059
29570
28326
27768
27637
28971
27569
29125
28227
27979
27638
28006
27573
28310
28281
28004
27591
27577
28720
28350
27579
28997
28357
27581
28965
28368
27583
28269
28376
27585
28386
28383
27588
27731
27639
27769
27770
27624
27759
27620
28309
27633
27898
27594
28486
28453
27596
28389
28430
27886
27599
27659
28508
27601
28741
28573
27603
28878
28578
28018
27606
28808
28584
28527
27956
27787
27611
28906
28634
28149
27918
27779
27616
27689
28478
28150
27650
27753
28073
27705
27623
28278
28754
28152
27626
28418
28756
27628
28880
28784
27630
28826
28714
27632
28969
28816
28144
27698
28517
28651
28123
27986
28280
27727
27734
28223
28220
28285
28646
27662
28210
28647
28192
28222
27647
27648
28474
29117
28178
28888
28009
28224
28229
28767
28232
28853
28233
28342
28654
28857
27656
27861
29438
27658
27659
30355
29672
27716
28400
28240
28242
27664
27916
27893
28245
28677
27667
28382
29103
28259
28263
28564
28247
28254
27672
28275
29102
28276
28537
27980
28428
27749
27836
28290
28715
27678
27679
28900
29403
28119
28825
28191
28291
27683
28292
28662
28293
28869
27937
28297
28300
28251
28301
27689
28302
29323
28303
28482
27692
27693
29078
29226
27695
27696
28392
29150
27843
28600
27699
27700
29140
28308
28373
28964
27840
28458
28558
28311
28317
28305
28318
28319
29048
28589
28937
27864
28320
27842
28323
28324
28023
28325
28327
28448
28324
28328
28380
28766
27716
28332
29741
27733
28819
27719
28333
28692
28334
28514
28335
28682
27845
28655
27835
28339
28162
28337
28343
29057
27728
28344
28030
27730
28438
28347
28147
28349
27733
27734
29755
29852
27736
27737
30086
29745
27739
27746
29483
28085
28581
28322
28353
27890
28510
28360
28873
27745
27746
29834
30457
27748
28266
28126
28740
28371
28718
27926
28370
28364
28377
28378
28972
28379
29000
27932
28996
27757
28384
29559
28385
28435
28210
28975
27761
28391
29141
28393
28700
28394
28410
28397
28633
27766
27767
29186
28709
28977
28345
28372
27771
28404
28684
28408
28607
28402
28445
28232
28631
28410
28787
27777
29805
29554
28416
28813
28957
29079
28132
28443
28301
28938
27981
28197
28336
28929
28364
28833
28421
28926
28425
28924
28195
28567
28923
28946
28429
28751
28430
28459
27831
27793
27794
28540
28444
27796
28611
29169
27798
27799
29319
28455
27801
28237
28576
28458
28459
27804
28466
29211
27837
27847
27872
28475
28437
28918
29173
28390
27838
27848
27812
28481
29221
28485
28896
28671
28822
28165
28759
28492
28879
28438
28494
27819
27820
28706
28904
27833
27834
27876
28496
28501
27825
27826
29337
29074
28621
28841
28024
28509
27830
28512
28275
27851
27839
27846
27849
27857
28175
28753
27975
28117
27909
27841
28005
28515
27843
27844
29501
28313
28315
28675
28205
27915
28473
28955
28284
28433
27851
29257
28249
28522
28768
27925
28523
27855
27901
28331
28574
28633
28284
28695
28112
28506
28575
28647
27871
28518
28531
27863
28239
28468
28361
29082
27866
27867
28583
29251
28208
28131
27871
28875
29279
28426
28450
28592
28174
28590
27876
28133
29275
27878
28498
28215
28262
28189
28599
27882
28601
29287
27884
28933
29295
27905
27887
28742
28673
28490
27890
27891
29311
28608
27893
27894
28226
28302
27896
28713
29406
28135
28238
28610
28617
28271
28609
27901
27903
29353
27903
28524
30039
28210
28020
28221
28639
28638
28640
28328
28641
28207
28606
28211
27912
28432
29330
27914
28080
29332
27976
28607
28225
28654
28657
27919
29017
28155
28598
28658
27990
28659
28221
28660
28661
27925
27926
29947
30065
28366
28375
27929
27930
28171
28555
27932
28868
29138
28380
28667
28330
28663
28079
28899
28669
28813
28670
27939
27940
28652
29359
28235
28893
28194
28854
28492
28671
28484
28749
28433
28748
28027
28847
28371
28669
27949
27950
29377
28820
27952
28376
29427
28394
28417
28138
28255
28001
28213
28077
28814
28377
28774
27959
28334
29457
28316
28450
27962
27963
28701
28772
28204
28702
28989
27967
28708
28250
28352
28645
28086
28335
28233
28999
28285
28743
28057
28717
28146
28667
28039
28718
27976
28287
29444
27978
28666
29422
27980
27981
29887
30155
28419
28719
28735
27985
28604
28778
27987
28497
29429
27989
28759
28738
30242
27992
28586
29439
28352
28745
28746
28251
28304
28748
28315
28750
28660
28751
28000
28629
29238
28212
28048
28758
28752
28760
28005
28541
29416
28535
28764
28214
28009
28441
29453
28011
28012
30503
30206
28014
28015
29166
29967
28017
28496
29548
28398
28572
28224
28768
28581
28658
28456
29055
28023
28024
30841
30232
28026
28027
28511
29248
28029
28757
29515
28286
28788
29040
28620
28792
28379
28758
28325
28529
28036
28037
30248
30078
28039
28739
29322
28397
28722
28042
28043
29072
29479
28378
29013
28780
28833
28083
28834
28048
28837
29408
28836
28838
28203
28215
28848
28053
28054
30147
30278
28495
28879
28057
28058
29363
28855
28060
28151
28761
28209
28063
28064
29620
28874
28760
28780
28216
28530
28154
28869
28069
28532
28257
28071
28072
29663
30308
28419
29063
28881
28960
28429
28882
28077
28198
29396
28079
28696
29517
28668
28082
28580
29519
28309
28085
28086
30138
30322
28111
28712
28488
28887
28216
28091
28593
30021
28898
28448
28890
28711
28837
28424
28889
28522
28887
28098
28289
29394
28884
28922
28101
28102
29109
30035
28627
28653
28105
28113
29541
28173
29031
28108
28619
29387
28506
28943
28111
28112
30372
29862
28477
28641
28923
28359
28788
28852
28947
28953
28119
28623
29553
28121
28122
29018
28961
28124
29084
28782
28126
28127
29163
28966
28696
28787
28690
28968
28962
28970
28132
28133
29883
30105
28135
28136
29283
28945
28475
29023
28974
28140
28141
29381
28627
28279
28547
28752
28883
28973
30324
28146
28147
30064
30427
28725
28728
28987
28151
28361
29606
28928
29081
28154
28413
29600
28876
28425
28603
28461
28990
28599
28678
28220
28314
28480
28675
28162
28932
29365
28342
28884
28165
28396
29327
28488
29016
28168
28169
31157
30743
28171
28605
29216
28173
28174
30070
30451
28516
28526
28640
29020
28178
28947
29623
28180
28805
29632
28299
29025
28183
28935
28260
28185
28566
29407
29024
29037
28290
28938
28189
28877
29242
28191
28192
29758
30470
28194
28195
29659
29707
28197
28198
29819
30082
28883
28934
29058
29571
28553
28882
28543
28639
28217
28242
28359
28206
28207
29744
29923
28862
28970
28336
28446
28223
28388
28219
28628
28218
28487
28462
28472
28463
28810
28219
28979
29499
29326
29526
28266
29639
29087
29156
28226
30198
29199
28228
29574
29662
28267
29089
28231
29090
28300
29189
29564
28235
29281
29665
29451
28393
29097
28270
29096
28625
29094
28241
29100
28268
29426
29045
29101
28271
28683
28265
29105
28247
28283
30101
28274
28272
28321
29241
28253
29113
29684
28273
29357
29115
28257
28258
29272
29687
28260
28261
29476
28867
29329
29544
28264
29692
29544
29113
29343
29335
28269
30166
29881
28483
29093
29099
28529
29258
29108
28398
29232
29120
28277
29966
29683
28762
29123
29690
28531
28616
29127
28283
28750
29698
29106
29228
28287
28346
29701
28289
29210
29703
29538
28503
29132
29133
29347
28532
29134
28295
29137
29129
28533
29459
28791
29086
28299
30050
29653
28476
29088
29199
29130
29137
28536
29136
28306
29682
29435
28537
29521
28535
29142
28538
28420
29143
28312
29724
29341
28314
29503
29725
29613
28789
29145
28515
29144
29076
29116
28539
29114
28322
29402
30736
28540
29764
29154
29514
28405
28541
28542
29155
29157
28330
28367
29738
29352
28390
29160
28543
29158
29161
29393
29399
28338
30289
28954
28525
28528
28341
29441
28544
29447
29497
28345
28346
30463
30566
29409
29015
29165
28404
29167
28351
30144
29751
29448
28354
30139
29335
28545
30057
28412
28799
28501
29761
29168
29524
28679
29171
29172
28363
29354
29766
29398
28366
28367
29813
30581
28369
29563
29833
28547
29280
29176
29083
29177
28374
30327
29769
29308
29787
29351
29464
29599
29461
28382
29267
29776
29110
30525
29027
29179
28386
30594
29111
28487
28707
28389
29779
29773
29504
28776
29182
28505
29151
29185
29218
28396
29788
29784
29617
28698
28548
29686
28401
29868
29044
28403
29866
29788
29191
29794
28407
30214
28550
28409
30295
29621
29628
28412
28413
30430
29800
28415
29516
29643
28417
30267
29803
28967
29197
29200
29077
29201
28734
29193
28551
29202
28424
29817
29791
29531
29256
28428
29361
29818
29126
29397
28432
30207
29822
29614
28435
28452
30616
28437
28811
29824
29220
28678
29204
28441
29222
29826
28443
29481
29829
28445
29533
29830
28552
29205
28553
29209
29207
28657
29208
29837
28452
31363
29584
28454
29913
29320
28456
29321
29840
29455
29217
29642
28461
29507
29845
28463
28499
29846
29505
28554
28615
28555
29214
28468
28469
29095
29842
28536
28626
28556
29899
29219
28474
29981
29118
29580
28477
29092
29541
29267
28480
28842
29906
29227
29971
28864
29223
28558
29270
28486
30089
29912
29210
29180
28490
29522
49171
29213
28560
28737
28561
29646
28559
29233
29234
28952
29577
28499
28562
29918
28649
28563
29162
29240
28505
29296
29939
29184
29042
29244
28565
29246
28510
29945
29931
29010
29247
28567
29121
29249
28572
29254
29417
29146
28530
30211
28570
28571
28521
29484
28594
29482
28653
29261
28832
29260
28526
28527
29263
28568
29603
29473
29438
29271
28534
30304
29594
29452
29552
29273
29063
29495
29428
29533
29375
29345
29547
29064
29635
28546
29748
29506
29384
28549
30024
29373
28771
29460
29065
29578
29190
29512
29020
30053
29216
28557
30069
29895
29616
29012
28964
30319
29231
29340
28564
30439
29929
28566
30033
29492
29355
28569
29264
29589
28910
29532
29256
29391
29135
29431
29059
29265
28643
29243
28577
29098
28845
28579
30454
29585
28908
29268
29269
28767
29040
28983
29252
28585
29475
28859
28824
29274
28588
29131
29796
28746
29465
28591
29976
29736
28593
30026
29977
29282
30250
29024
29148
28922
29148
28598
29985
29718
29470
28820
29290
28886
29288
28603
29989
29713
28807
29293
29053
29420
28956
29297
29298
28878
29312
28708
29300
28611
30247
29674
29194
28614
29523
29999
29364
28764
29302
28973
29301
28619
29543
29997
29543
28786
29307
28623
29769
30009
28625
30378
30012
29670
29383
28629
30269
30017
28631
29035
30019
28843
29069
29314
29071
30174
29073
29309
28637
29905
29747
29023
29566
29318
29647
29625
28643
30152
30044
28645
30343
30046
28975
28649
28650
30025
30049
28986
29064
29057
29360
29336
29536
28915
28931
29073
29341
29342
29535
28771
29894
29344
28743
29345
29346
28987
29413
28665
29334
29712
28803
29349
29350
28670
29333
29356
29494
29414
28673
28674
29433
30774
29565
28677
30094
30092
29278
28793
29368
28872
29366
28682
28683
30104
29994
28685
29192
29920
29374
29487
28688
29056
30108
28690
29253
30116
28692
28693
29159
30118
28695
30109
29857
29266
28698
28714
29389
28700
29768
30125
28773
29037
28703
29871
29910
28732
29378
28706
29386
28905
28917
29400
29402
28712
29188
28711
29348
30090
29529
29407
29390
28716
30196
29504
28889
29410
29412
28720
29811
30143
29237
28812
29415
28724
29424
30146
29240
28727
29245
29952
28995
29418
28730
28736
30151
28732
30335
30159
28734
29756
30162
28736
28847
30164
29239
28739
29469
30167
28741
28755
29430
28881
29432
29437
28902
29633
29075
29442
29443
29277
29085
28989
29500
29446
29626
29540
28754
28755
29124
30191
28757
29198
30183
29370
29467
29534
28762
29608
30199
49183
49206
29107
28766
29969
30201
29742
29615
28770
29560
30208
29466
28773
28774
29786
30212
28776
29119
30127
28778
28779
29294
30215
29316
28782
28783
29372
29190
28785
29509
29270
31331
29550
29556
30379
28791
28797
30224
29135
30353
28929
28796
30332
28796
28797
30230
30850
28799
30209
30229
28801
28849
30231
28803
29555
30234
28805
29651
30236
28807
29689
30243
29070
29474
28810
28811
29893
30853
29373
29496
28815
30131
28851
28817
30398
29650
28819
29443
30203
29379
28822
29212
30258
28824
29456
30260
28826
30179
30262
29048
29076
28829
30279
30253
28914
29029
28832
30369
30227
29262
28928
29495
28836
30136
30265
29486
28839
30417
28871
28841
28842
30003
30877
29369
28845
28846
30607
29756
29640
28849
29049
30274
28851
28852
30574
30277
28854
29942
29853
29362
28857
30438
30281
28859
28860
30506
30283
28862
29405
29897
28864
30217
30286
28866
29909
29342
28868
29478
30290
29488
28871
28872
30992
30293
29369
28875
29622
30297
28877
30158
30299
29634
29299
28910
29508
29510
29313
29638
29568
28886
29395
30898
29291
29525
29627
28891
30386
30321
29036
30324
29522
29527
28940
29518
28896
28903
30313
29068
29077
28900
30420
29404
28902
28903
29964
30911
28905
28906
30905
30173
29385
29392
29204
29067
29771
29530
28912
29767
30334
28914
28915
30311
30336
28917
29797
30263
29078
29235
28920
29592
30341
29058
29230
29539
29284
28925
30239
29091
28927
29799
29382
29561
29610
28931
28932
29956
30358
29338
29572
28935
30361
29477
28937
29250
30362
29149
28940
30347
30366
28942
29546
30368
28944
29783
30094
28946
29660
30370
29203
28949
30254
30377
28951
30442
29195
28971
30380
28954
28955
30943
30375
29523
28958
30141
30387
28960
29128
30388
29007
29019
28963
30392
30194
29236
29003
29562
28967
29164
30393
28969
29996
30397
29551
28972
29286
29112
29079
29306
29080
29082
29085
29034
29567
28979
29331
30425
28981
28993
30436
28983
29152
30440
28985
29737
30441
29062
29281
29074
29083
29609
28991
30022
30087
28993
29032
30422
28995
30001
30444
28997
29717
29874
28999
29436
30257
29001
29821
29734
29003
29008
30446
29005
29920
30443
29007
29008
29901
30979
29010
30284
30390
29012
29013
30205
29978
29015
29844
29729
29017
30450
30158
29019
29067
30256
29511
29022
30309
30460
29181
29317
29084
29153
29027
29746
30464
29029
30461
30466
29031
29685
30468
30320
29034
29035
30098
31009
29206
29039
29196
30413
29641
29042
29104
30473
29044
29045
31017
30475
29047
29896
29785
29917
29285
29051
29367
30701
29053
30487
30480
29055
29056
29891
31014
29376
29328
29537
29061
29952
30486
29175
29462
29174
29066
29959
29743
29528
29170
29070
30062
29814
29072
30061
29480
29485
29337
29187
29380
29147
29225
29139
29081
29243
30433
29611
29292
29371
29629
29494
29655
29656
29879
29657
29979
29658
29900
29091
29092
31060
30967
30004
30348
29095
29664
29843
29283
30349
29098
29667
30872
29668
29960
29669
30165
29671
30071
29122
29304
29104
29777
30733
29677
30093
29678
29790
29679
29760
29109
30075
30546
29111
29112
30925
29680
30008
29861
30029
29306
29683
29681
30134
29118
29119
30686
31053
29121
29122
30036
30791
29124
29675
30192
29569
29573
29694
29697
29128
29143
30522
29130
29131
29224
30530
29757
30149
29570
29575
29489
30488
29711
30181
30328
29490
29716
30291
29720
30140
29141
29142
29183
30482
29807
29723
30408
29727
29860
29722
29728
30478
30551
29579
29730
29979
29151
29152
29731
30556
29654
29780
29691
29732
29733
29832
29454
30448
29691
29735
29159
30374
30719
29740
30400
29255
29458
29747
30429
29164
29343
31004
29166
29864
29968
29752
30428
29169
29170
30512
30551
29591
30096
29607
29612
29569
29175
29637
29768
29770
30142
30273
30462
29567
29571
29772
30395
29775
30449
29652
29778
29183
29781
30483
29721
29782
30126
30323
29187
29188
30419
30399
29941
30020
29789
29192
29753
30629
29676
29798
29195
29196
31216
30839
29198
29914
30940
29324
29463
29810
29806
30479
29429
29815
30187
29581
29827
30123
29802
29831
29832
30385
29209
29836
30364
29401
29212
29215
30626
29841
30351
29215
29421
30624
29419
29848
29915
29804
29847
29473
29899
29409
29902
29222
29903
30923
29224
29828
30531
29226
30031
29905
29903
30007
29908
30331
29230
29451
30329
29388
29916
29984
30204
29922
29926
29825
29921
29927
30326
29238
29239
30018
31497
29425
29657
30328
29471
30300
29938
29245
29808
30649
29673
29943
29248
29944
29936
29250
29751
30654
29252
29253
30492
30656
29255
30407
30635
29580
29258
29305
29588
29277
29728
29954
30402
29946
30405
29955
30312
29264
29722
29950
29315
29700
29957
30310
29325
29520
29583
29961
30303
29962
29272
30494
29688
29965
30318
29440
29970
29926
30107
29487
29589
29287
29472
29582
30292
30298
30067
30285
29973
29358
30653
29660
29980
30371
29374
30275
29982
30280
29289
29289
29972
30550
29502
29983
29775
29987
29988
30272
29294
29990
30216
29296
29339
30697
29925
29991
29445
30271
29841
29984
29668
29875
29858
30246
29873
30226
29304
29305
30723
30222
30340
29774
30002
29549
30041
29310
30415
29817
29312
29932
30015
29697
29986
29315
29619
30848
29809
30312
29831
29928
30042
30221
29320
29321
31499
31590
29839
30168
29324
29325
31427
31291
29726
29908
29468
29880
29754
30054
29971
29331
29823
30746
29333
29334
30435
30535
29937
29759
30055
30021
29339
30115
30751
29406
30030
30056
29693
30493
29750
30059
29590
29347
29348
29696
30760
29423
30137
30063
30072
30058
30073
29353
29354
30076
30516
29709
29995
29770
30077
30074
30103
31331
29360
29361
30111
30767
29363
29364
29411
30051
30288
30360
29367
30085
30771
29812
30095
29591
30099
30120
29372
29876
29789
30252
30171
29795
30112
29498
30110
29378
29379
30113
30100
30027
30133
29382
29383
30783
29759
30060
30418
29386
30189
30906
29388
29998
30787
29390
29391
30262
30119
29450
29513
30124
30129
29395
29704
31044
30084
30130
29773
30218
29955
30058
29827
30210
29401
30132
30838
29835
29404
29405
30598
31513
29493
29491
30120
30245
30136
29411
30350
30052
29839
30142
29739
29974
30259
30351
29618
30145
29417
30112
30135
29425
29948
29420
29421
30153
30816
29423
29424
31251
31115
30148
29669
30150
29428
29870
29705
29576
29431
30193
31364
29433
30412
31547
29435
29436
31693
31063
29715
30331
29592
29440
29441
30886
29636
29449
30302
30177
29445
29702
30825
29993
30040
30175
30182
29449
30047
30824
29749
30188
30071
29679
30484
29454
29888
31276
29456
29734
30836
29458
29459
30638
30213
30190
30411
30072
30202
29463
30219
30819
29661
29982
30154
30363
29850
30228
29468
29469
31601
31510
29471
29472
31660
31428
30016
29475
29885
30507
29477
29478
30939
31611
29480
29481
30756
31954
29765
29987
29484
30459
30249
29953
30251
30091
30245
29593
29489
29601
30867
29492
29493
31288
31444
30964
29602
30077
30266
29498
29518
30871
30268
30426
29934
29962
29502
29503
31377
31628
30971
29506
29507
31150
30987
29509
30241
30561
30307
30389
30301
30404
29986
30365
29594
29605
30896
29516
30184
30345
30310
30315
30316
29520
29521
30874
30317
31363
29992
30150
30186
29624
30356
30042
30059
29666
29710
29878
30255
30161
30325
30080
30240
29714
30238
29652
30079
30333
29809
30339
29719
29961
30197
30282
29570
29595
29730
30195
29793
30346
29904
30339
30347
29569
29585
30352
30005
29546
29690
30936
30221
30373
29549
29922
30934
29957
30011
29898
30185
29855
30180
30010
30178
29555
29851
30809
30068
30186
29572
29597
29559
29560
30395
30777
30296
30490
29563
30396
30952
30043
30182
29763
29907
29648
29856
29598
30176
30346
29644
30485
29574
29838
30806
29596
29695
29577
29578
29699
30586
29793
29928
29652
29582
29583
31057
31153
29587
30678
29838
29587
29710
31363
30632
29604
30223
29949
29715
29733
30062
30226
29951
30170
29749
29596
29700
30894
29643
30345
29645
30097
29820
30099
29601
29801
30547
30219
30296
29604
29605
31779
31564
29607
29608
31439
31281
29762
29935
29812
30210
29612
29631
30972
29763
29993
29630
29790
29765
30448
29848
30004
29618
29619
31284
31772
29621
29622
31250
31514
29624
29815
30605
29735
29980
29694
29750
29792
30401
29847
30011
29630
29631
31485
31617
29633
30237
29706
30037
30455
29636
29637
30888
31800
29904
30172
30472
30477
29936
30048
29869
30068
29915
30218
29645
29754
30789
29902
30028
29648
30301
31024
29650
29651
31756
31830
29654
31417
31698
30225
30495
29852
30554
30496
29937
30497
29708
29853
30498
29978
30500
29663
30807
31620
30013
30501
29666
29975
31546
30323
30505
30509
30720
29855
30743
30476
30510
29673
30357
31151
30512
30832
30200
30738
30163
30737
30008
30514
29857
30564
30515
29858
30927
29682
31080
31693
30545
29685
30732
31085
29712
29859
29688
29689
30884
31081
30060
30528
29930
30006
29836
29911
30526
29696
31667
30761
30835
30040
30102
30381
30587
30533
29702
30568
31105
29704
30838
31107
29861
30794
29963
31108
29708
29709
31109
31091
30675
30534
30670
30535
29714
30695
31117
30917
29717
31350
31121
29719
30690
31123
30340
30542
29862
30541
30543
29724
31327
30749
29726
31630
31130
29958
30548
30550
29863
31249
30552
29940
30555
29764
30557
30558
31203
30977
29737
30802
31147
29739
30583
31149
29741
30812
29867
29869
29900
29744
30661
29924
29746
30088
31154
31002
30014
30562
30306
30866
30995
29753
31339
31158
30846
30169
30570
30571
29758
31850
30471
30785
29873
30782
29872
29874
29871
30576
30577
30081
30827
29767
30705
31173
30659
30864
30726
29877
30078
30465
30584
30590
30591
31222
30592
29777
31291
31939
29856
30593
29879
30580
29876
30595
30128
30578
29783
31717
30672
29880
31195
30599
31157
29802
30565
29870
29881
30603
30121
30770
29792
31600
31204
30998
29795
30194
30604
29797
30532
31207
29799
31423
30784
29801
30432
31213
30969
29804
31196
31219
29849
29894
29807
31220
30523
30474
30608
30609
29811
31234
31223
30831
30041
30582
29884
30759
29816
31206
31226
30858
29886
30769
30083
30157
29821
31695
31202
29823
31574
31229
29825
30855
31231
29888
30924
30617
30287
30618
29882
31237
29865
30620
30621
30847
29834
30954
30458
29875
30622
30623
29860
29889
30456
30983
29890
30674
30625
29843
29844
30502
31247
29854
30987
29892
29919
30631
31001
29850
29851
31610
31254
30570
31013
30022
30862
30601
30947
30766
31025
30023
31032
30519
30961
30504
29864
31837
31124
29866
31088
31136
29868
31373
31018
30602
31021
30820
30025
30798
30572
31122
30976
30122
29878
31007
31176
31384
30965
31432
29883
31050
30106
29885
31842
31200
29887
31260
30156
30818
30026
31569
29891
31300
31015
29893
31706
30854
30242
29896
31097
30600
29898
31512
31255
30382
30931
30344
30980
31262
31026
30634
30754
29907
30879
31268
30955
29910
29911
30821
31271
29913
30975
31498
30394
30636
30637
30028
30741
30027
30029
29919
30030
30633
30628
30031
31020
30640
29924
29925
32954
31290
30811
30270
30641
30642
29930
31265
31335
29932
30644
31336
30220
48988
29935
30922
31786
30646
30778
30045
30606
29940
30698
31341
29942
31708
31345
30032
30946
30391
30645
30233
30643
29947
31677
30066
30445
30658
29950
29951
30544
31994
30651
30056
30662
30034
30893
30663
30338
30359
30664
30379
30666
30588
30660
29994
30559
30669
30561
29964
31835
30912
29966
31111
31352
29968
29969
31125
31366
30261
30569
30707
30745
29974
29975
31370
32026
30453
30801
29988
30681
30684
30982
30963
30376
30685
31379
30100
30687
30688
30118
30689
30691
30748
30021
30035
30694
30244
30692
29992
31329
30000
30900
30527
30036
30668
30117
30699
29998
30354
31390
30000
30001
32135
31400
30003
31186
30878
30885
30006
30007
31720
31406
30732
30010
30865
31407
30948
30013
31738
31408
30057
30727
30037
31337
30038
30383
30018
30728
31497
30020
31011
31413
30750
30024
31319
30863
30721
30682
30797
30918
30949
30517
30753
30033
31141
31287
30227
30648
30546
30790
30792
30211
30725
30076
30402
30731
30826
30973
30257
30735
30045
31533
31312
30047
31704
31425
30164
31418
30050
30721
31415
30052
30053
30538
30403
30330
30808
30405
30744
30749
30774
30764
30796
31330
30410
30755
30757
30064
31675
31451
30066
30067
32318
31452
30679
30384
30763
30452
30469
31296
30830
30212
30765
30075
31458
30713
30516
30718
30859
30080
30593
31463
30333
30908
30083
30084
31466
31461
30294
30612
30087
30088
31443
32109
30314
30974
30091
30762
31468
30093
30673
31470
30671
30096
31733
30758
30098
31492
31010
30919
30114
30102
30103
31592
31481
30124
30527
30106
30107
31869
31483
30109
31016
31197
30111
31625
30768
30680
30114
30160
30779
30434
30780
30117
30657
31486
30719
30406
30876
30788
30122
30123
31517
31495
30914
30126
31351
31500
30128
31055
31315
30322
30793
30131
31844
31690
30264
30795
30134
31455
31264
30408
30521
30799
30235
30803
30303
30722
30778
30804
30141
31119
31479
30529
30144
31325
30996
30252
30813
30147
31116
31522
30149
30658
31526
30677
30152
30513
31531
30481
30815
30177
30817
30156
30157
31971
31476
30613
30160
32285
31536
30372
30814
30163
31163
31224
30513
30166
31430
31540
30168
31456
31541
30203
30822
30171
31545
31538
30361
30585
30174
30907
30409
30176
31215
31549
30845
30179
31528
30899
30181
31320
31553
30537
30184
30942
31274
30392
30897
30828
30277
30829
30189
31559
31555
30228
30786
30192
30193
30739
31551
30610
30196
31070
31792
30198
32866
31427
30200
31282
31566
30202
31073
31568
30845
30205
31623
30684
30207
30703
31572
30209
31267
31575
30860
30292
30565
30305
30843
30411
30413
30216
30217
30693
31577
30740
31022
49148
31023
30223
30724
31591
30225
30852
31595
30342
31739
30861
30431
31560
30424
30851
30276
30379
30233
31039
31596
30235
30810
31604
30237
31832
32198
30239
31306
31061
30241
31846
30921
30244
31083
31718
30696
30247
31192
30833
30321
30859
30250
31614
30414
30415
31355
30863
30254
31644
31621
30256
30999
30344
30991
30259
30627
31297
30261
30837
31626
30876
30264
31208
31631
30416
30800
30267
31393
32141
30269
31862
30729
30319
30730
30295
31077
30273
30683
31607
30275
30276
31539
31228
30575
30279
31522
31643
30380
30873
30282
31645
32220
30284
30508
31647
30418
30520
30287
31579
31641
30289
31507
30944
30291
31613
31652
30536
30294
30994
31655
30986
30870
30298
31515
31663
30300
31358
31665
30647
30419
31544
30889
30305
30306
31519
31670
30412
30563
30309
31620
31673
30614
30337
30467
30895
30314
30913
31679
30420
30553
30367
30891
30318
30875
31298
31497
30387
30421
30901
30722
30596
30525
30399
30903
30327
31689
31052
30589
30330
31296
31292
31028
30423
30443
30620
30335
31175
32255
30337
30338
31584
31700
30842
31710
30342
30343
30573
31703
30667
31274
30882
30966
30349
31811
31051
30401
30539
30930
30353
30354
31104
32264
30356
30357
31397
32356
30359
30360
31071
31683
30938
30363
30655
31725
30365
31597
31727
30367
30968
31729
30369
30937
32270
30371
30499
31731
30504
30374
31863
31035
30376
30945
31735
30378
31622
31737
30381
30880
30383
30384
31404
31743
30386
31375
31094
31788
30389
30524
31749
30391
31648
31751
30652
30394
31557
31753
30775
30447
30951
30398
30700
31755
30881
30956
30971
30958
30988
30404
30540
31411
30892
30407
31437
32187
30985
30410
31896
31511
30928
31827
30839
30489
31012
30857
30417
31410
30993
30902
30881
30597
30422
31857
30437
30424
31246
31681
30426
30747
31696
30428
31451
31764
30439
31008
30431
30432
31766
32231
30490
30606
30485
30960
30711
30964
30437
30438
32312
31633
30978
30491
30959
30442
31148
31217
30630
30445
31401
31777
30447
30981
31782
30984
30450
31316
31227
30452
30453
31757
31789
30455
30456
31065
32143
30458
30459
31963
31803
30461
31674
31239
30463
31190
30567
30465
31155
31796
30467
31240
31798
30469
31086
31804
30471
30472
32092
31806
30474
30734
31164
30476
31019
31814
30493
30511
30479
30834
31812
30481
31825
31816
30483
30484
30579
31820
31274
30487
31657
31824
30494
30518
30653
31030
30840
30492
31723
31548
31003
30883
31046
31636
31049
31421
30932
31521
30499
31051
32354
31380
31634
30502
31056
31248
30701
30703
30704
31066
31599
30507
30508
31201
32341
30560
31095
31067
31068
31794
31807
30551
31160
31074
31471
31072
31822
30705
31078
31444
30869
31785
30549
31771
31453
31770
30680
31580
30523
30524
31952
32850
31189
31763
30709
31100
31692
31096
31101
30531
30532
30619
32268
30849
31266
31104
31244
30711
31112
31664
31114
31214
30539
30540
31759
31892
31059
31716
31118
31120
30544
30708
31888
31352
31711
30712
30868
31322
30549
31361
32122
30706
31069
31261
30615
31137
31126
31383
30556
31140
30959
30909
31100
31132
31142
30560
31143
32082
30920
31150
31570
31146
31750
31156
31257
30715
30567
30568
31942
32466
30887
31359
30716
30607
31161
30573
31489
31919
30575
31690
31165
31166
31787
31168
31552
30579
31169
31821
30590
31740
30582
30583
31178
31928
30776
31367
31179
31180
30587
30588
31388
31746
31049
31554
31183
31171
31185
31182
31187
31188
30702
30926
31524
31699
31501
31598
30598
31138
32134
30600
30601
32061
31193
30933
31139
31136
31194
30611
31280
31206
31397
30717
30872
30650
31295
31210
31221
30611
30652
32272
30772
31199
31227
31358
30615
30665
33003
30678
30702
31496
31724
30619
31235
32266
30710
31238
31687
30736
31033
31273
31597
31241
31245
31242
31382
30627
31245
32225
30629
30630
31783
31246
31211
31219
30676
31967
31079
31705
31180
31269
31270
31279
30941
31277
31278
31362
30843
31279
49202
31064
31508
31289
31688
31332
31687
30644
31334
32080
30646
31144
31775
31340
31412
31343
31658
30650
30651
32001
31657
31707
31222
30655
30997
32005
30657
31548
32008
31490
31351
31802
30661
31353
32601
31152
31354
31348
31356
30665
31357
31950
31228
31360
31000
31346
31092
31654
31307
31709
30856
31364
30672
30673
32587
33151
31170
31590
30676
31365
32618
31102
31368
32029
31139
31371
31280
30682
30683
31090
32031
31640
30686
31571
31054
31093
31376
31382
31433
30690
31036
32034
31385
31728
30693
31386
31578
30695
30714
32041
31389
31448
30698
30752
32321
30700
31344
32045
30773
31819
31465
31059
31172
30990
30707
30708
31586
31886
30916
31143
30910
31087
31031
30713
30714
32097
32423
30970
31457
30823
31126
31159
31198
31209
31392
31034
31368
31396
31398
30742
30724
31225
32053
31113
31403
31096
31209
31391
31833
30729
30730
32060
31308
31593
31637
31293
30734
31098
32067
31114
31669
30804
31236
31422
30739
31424
31793
31184
31278
30787
31588
30890
31502
31157
31434
31478
30844
30898
30747
31230
32188
31187
31414
31442
31129
31443
30752
30781
32839
30754
31309
31002
30756
31848
33297
30758
30759
32240
31449
30761
30762
32539
32750
31097
31469
31356
31450
31450
31457
31197
31338
30768
30769
32102
31561
31257
31484
30772
30773
32107
31464
31547
30776
30777
32149
31267
30805
31093
31537
30781
31135
31958
31072
31488
30784
30785
33437
31478
30929
31212
32649
31389
31493
31491
31494
30791
31858
31225
31263
31286
30915
31502
31021
31472
31460
31504
31459
31505
30950
31454
31302
31447
30800
31262
31445
30802
31662
32138
31252
31769
31037
31038
31520
30807
32143
32329
31058
31523
30810
31516
32083
31349
31508
30957
31372
31283
31525
30904
31172
30816
31527
31241
31534
31726
31275
31606
31233
31535
30821
31167
31272
30823
31576
32156
31426
31543
31076
31106
30935
31691
31259
31414
31102
31371
31226
31314
31405
31558
31402
31563
30833
30834
32838
33362
31189
31385
30837
31321
32181
31460
31218
31084
31198
30896
31039
31210
31269
31583
31585
31829
31040
31494
31523
31132
31374
30849
31774
32024
30851
30852
31378
32037
30854
30855
33191
32869
31243
31818
30858
31840
31600
31005
31563
31724
31323
31609
31503
31615
31616
30865
31052
32207
31505
31763
30868
30869
32897
32623
31084
31128
30891
31624
31066
31381
31419
30875
31311
32020
30899
30878
30879
32501
32922
31387
31419
31041
31550
31646
30884
31864
31082
31089
31651
30887
30888
32778
31801
30890
31709
32345
31431
31435
31676
30989
31659
31266
31667
31221
31348
31043
31256
31678
31044
31436
31552
31637
31006
31094
31285
31686
30904
31042
31978
30906
30907
31853
32078
30909
30910
32816
32768
30912
30913
32670
32451
30915
30916
32942
32617
31029
31142
31697
31809
31493
31694
30921
30922
32734
33061
30924
31027
31605
30926
30927
31333
31713
30929
31324
31940
31075
31242
30932
30933
32968
33081
30935
31064
32316
30937
31330
32271
30939
31317
31612
30941
30942
31134
30960
30944
30945
32126
33076
31151
31649
31438
31748
31211
31357
30950
30962
32265
30953
31506
30953
30954
33108
31964
31131
31462
30957
31867
32283
31205
31758
31760
31133
30962
31473
32303
31732
31767
31045
31602
31639
30967
30968
31062
33118
30970
31238
32250
31582
31440
31619
31459
31776
30975
31860
32309
31095
31399
31692
31767
31265
31784
30980
30981
31347
31974
31261
31421
31101
31542
31259
31556
31258
31581
31250
31395
31984
30989
30990
33024
31174
31063
31668
30993
30994
32059
33148
30996
30997
32512
32889
31332
31646
31000
31177
32338
31089
31362
31480
31004
31865
31557
31006
31007
32980
33171
31480
31680
31010
31011
32760
33173
31474
31734
31304
31345
31015
31016
32392
32214
31018
31019
32628
32540
31145
31232
31826
31128
31535
31776
31823
31340
31748
31191
31715
31027
31406
31943
31029
31462
33190
31171
31475
31032
31047
31181
31103
31399
31035
31036
32337
32492
31038
31103
32275
31420
31534
31576
31042
31587
32140
31420
31565
31048
31046
31047
32707
33045
31107
31828
32239
31099
31868
31873
32260
31054
31055
32184
32367
31409
32325
31429
31875
31292
31874
31877
31061
31062
34489
33118
32307
32158
31286
31878
31162
31296
32073
31815
32373
31070
32565
32177
31684
31702
31880
31366
31881
31293
31883
31297
32305
31077
31885
31394
31079
32744
32382
31264
31889
31082
31083
32154
32481
32201
31086
32251
32384
31088
32985
32117
32284
31795
32032
31092
31110
32387
32017
32115
32242
32199
32057
31939
32866
31301
31894
31895
32353
32333
31968
32038
31106
32468
32413
32159
31303
32198
31110
31304
32417
31298
31900
31113
32422
32412
32248
31116
31253
31871
31305
32042
31119
33070
32426
31712
31901
31122
32433
31302
31307
32035
31125
32410
32022
31127
32437
32769
31906
31503
31902
31131
33238
32439
32352
31134
31135
31980
32444
32116
31138
32516
32288
31946
31342
31761
31650
31904
31908
32111
31752
31910
31309
31912
31369
31913
31148
32139
32447
31310
32317
31915
32145
31442
31916
31311
31875
31155
32110
32442
31338
31917
31783
31993
31312
31918
31313
31532
31162
31163
32474
32406
31294
32068
31314
31923
31167
32480
32397
31268
31924
31315
31890
31299
31925
31926
32358
31174
31175
33025
32489
31177
33172
33146
31691
31927
31317
31929
31930
31318
33046
31316
31932
31184
31742
32394
31186
32831
32500
32359
31438
31936
31938
31608
31941
31192
32926
32503
31320
32347
31195
31948
31638
32081
32141
32213
32099
31656
31949
31201
32603
32515
31203
32375
31321
31205
32165
32521
32147
31208
32524
32522
32230
32052
32193
31323
32506
31322
32233
31215
32529
32525
31217
31218
32204
31324
31996
31813
31951
31953
31331
31325
32545
31236
32407
32534
32121
32066
32331
31230
32837
32542
31232
32870
32863
31234
33004
32544
31642
31959
31960
31301
31954
31962
31240
33044
32551
31935
31983
31244
32855
32553
31898
32259
31248
31249
32324
31326
32013
31252
31253
32681
33311
31516
32070
31256
32133
32557
32192
31327
32055
31969
31562
31970
31972
31808
31509
31973
31977
32123
32069
32151
32746
32152
32187
32487
31272
31273
32398
32571
31276
32904
31556
31754
31979
31981
32074
32238
31282
31441
32576
31284
32799
31773
31330
32311
32579
31288
31905
32112
31308
31985
31328
32584
32465
32073
32251
31295
32678
32371
32227
32211
31300
33038
32391
33308
31961
31834
32131
31899
31306
32965
32420
32323
32018
32114
31370
32044
31914
32217
31418
31920
31921
32173
32124
32350
31319
33047
32206
32166
32223
32185
32014
32203
32175
31836
32326
31966
31329
32612
32136
32308
31714
31866
31596
32104
31721
31989
31337
31990
31509
32062
31765
31992
31995
31342
32322
33335
31838
31998
31487
31991
32000
31347
33155
31975
32332
31483
32003
31653
32598
32011
32736
31747
32012
31355
32604
31839
32263
32518
32276
31627
32016
31361
32613
32608
31903
31551
31546
32019
32022
31797
32023
32025
31833
32348
32027
31909
31373
32364
32629
31375
32570
32634
31377
32989
31629
31682
32036
31380
31381
32639
32631
31999
31384
32257
31741
32247
31719
32039
31388
32997
32647
31933
32043
32699
31570
32349
31393
32652
32368
31395
32996
32653
31430
32335
32049
31416
31447
32050
31401
32137
32657
31733
32327
31404
32661
31744
31675
31897
31722
31529
32208
31409
33098
33054
31446
32058
31412
31893
32556
31708
33184
32065
31416
31417
32872
32676
31775
32170
32196
32219
31423
33012
33437
31567
32071
31426
32842
32690
32465
31429
31661
32696
31876
31730
32075
31540
31826
31623
32701
31435
32952
32688
31437
31530
32703
32015
31440
31441
33007
33401
31966
32357
32112
31446
31810
32716
31947
31468
32084
31841
32241
32086
32089
31453
32320
32722
31455
33089
32724
31510
32087
32095
31482
32096
32100
32159
31467
31843
32101
31845
31936
31465
32108
31573
31467
31477
32106
32751
31745
32113
31471
33153
32740
31473
31957
32747
31475
32971
32749
31477
32436
32752
32546
31788
32427
32114
31482
31594
32757
32098
31485
32847
31618
31487
32010
32763
31489
33106
32764
31778
32119
31492
32404
32759
32253
32254
31496
31518
32771
31499
32310
32190
31501
32578
32776
31945
32256
31632
32291
32127
31855
32130
31685
32125
32782
32801
31603
31847
32186
31513
32132
32134
31515
32013
32786
32315
31518
31524
32790
31589
31671
31521
32589
32789
31870
32280
32343
31616
32144
31849
32120
31817
32142
31529
31530
32804
33423
31532
31533
32471
32665
32072
32197
31537
32301
32807
31539
32531
32331
31934
31542
32088
33499
31544
32334
31587
32076
32157
32028
31827
31987
31550
32526
32705
31793
31982
31554
32167
32820
31853
32169
32163
32222
31568
32171
31672
32168
31575
31851
31562
32103
32817
32161
31565
31781
32832
31567
32577
33522
31882
31771
31795
32179
31736
32183
31573
31574
33532
32836
32773
32174
31578
31579
32040
32843
31581
32457
32859
31792
31854
31589
32194
31701
31799
31586
32857
31887
32209
31697
32155
32195
32190
31780
32054
31593
31594
32861
33537
31635
32346
32196
31988
31599
32987
32475
32164
31602
31603
33139
32877
31768
32160
31606
31944
33543
31608
32033
32882
31610
32606
32070
31612
31613
32351
32885
31734
31803
31984
32881
32206
31618
31619
33653
32893
32328
31622
33017
32895
32246
31625
32686
32735
31627
32182
32902
31629
31630
33985
33460
31632
32523
32637
31645
32314
31640
32212
31636
33008
32900
32258
31639
33049
33010
32246
31642
32845
33014
31644
31872
33016
31922
32216
31648
32342
32935
31650
32958
33021
31811
31907
31653
32886
33018
31858
32004
31656
33150
32990
32002
31659
32592
33030
31661
31666
33032
31791
32228
31664
32788
32921
31666
32278
33034
32237
31669
33157
33039
31671
31672
33001
33040
31674
32330
33455
32090
31677
32663
32319
31707
32007
31859
32452
31784
32193
31682
32299
33036
31684
31685
33020
33050
31770
31879
32245
31689
33145
32261
32249
33132
32344
32307
31695
32430
32913
31861
32189
32252
31699
32677
33071
31701
31702
32508
33072
31704
31919
32841
31706
32730
33192
32048
32235
32063
31711
31712
32979
32920
31714
31715
32794
32438
31717
33189
32586
31719
32482
33084
31721
31722
32411
33087
31762
31986
32269
31726
32006
32943
31728
32585
33090
31730
33226
33476
31732
32355
33091
32279
32660
31736
33078
33095
31738
32896
33097
31838
32270
31741
31742
32977
33646
31744
31745
33271
32644
31747
32647
32642
32021
31750
32852
33102
31752
32462
33100
31754
32887
33463
31756
32047
31831
31790
31805
31759
32949
33101
31761
31762
32431
33112
32056
31765
32091
33115
31852
32232
32302
31769
33202
33119
32339
32766
31773
31774
33716
32916
31911
31997
31778
32658
33684
31780
31781
32478
33685
31855
31976
32259
31996
31864
32234
31787
33063
33135
31856
31790
31791
32755
33459
32176
31818
31865
32064
32340
31797
32443
33162
31799
32552
33164
31801
31802
33535
33167
31965
31805
32385
33169
31807
32094
33174
31809
31810
33065
33717
32162
31813
33461
33178
31815
32541
33180
31817
33187
33182
32071
31866
32029
31821
31822
31891
32914
31863
31884
31825
32805
33186
31955
31833
31829
32292
33002
31831
31832
33839
32294
31835
32627
32669
31837
33013
32409
32361
31840
33099
32562
31842
32924
32602
31844
32738
32718
31846
33080
32733
31848
32999
33879
31850
32830
32093
31852
32933
32800
32366
31867
32178
32191
31857
32726
32313
32535
31860
32774
33026
31862
32939
33042
32336
32153
32221
32713
32146
31869
32400
32098
31871
31872
33313
33747
32162
32428
32281
32365
32077
31934
32459
32369
33185
32286
32370
32362
32561
32376
33105
31882
32621
33066
32377
32741
32378
32874
32414
32819
31887
31888
32380
31994
32360
32808
31891
32383
33214
31893
33101
33218
32399
32672
32401
32698
32078
32218
32172
33086
32226
32415
32416
32811
32419
32901
32421
33069
32432
32650
32440
33009
31905
32441
32743
32202
32448
32450
33120
33107
33204
32453
33142
31911
32454
32464
32519
32862
32615
33103
32455
32616
31984
32180
32405
32947
32458
32853
32461
32822
32469
32464
32470
32449
32472
32295
32473
32249
32905
32479
32574
32483
33093
32485
32917
31928
32486
32317
31931
32495
31931
32496
33635
32497
33104
32085
33068
31956
32142
32415
31937
32502
33079
32504
33053
32465
32205
32505
31942
32507
32467
31944
33087
33278
32509
32878
32453
33083
32510
32966
32118
33055
32514
32739
32517
32864
31952
32530
32851
32393
32532
33297
31956
31957
33250
33882
32446
32944
32267
32538
32548
33011
32510
32549
32477
32550
31964
31965
33110
32894
32079
32029
32030
32051
33043
32554
32559
31971
32563
32436
32564
32806
32566
32580
31975
31976
33317
32865
32597
32724
32567
32568
31980
32569
32445
32395
32440
32574
32840
32306
32595
32888
33144
31987
32583
32009
32573
32585
32123
32911
32080
32994
32046
32982
31993
32590
32298
32076
32533
32593
32081
32378
33462
32591
32762
32595
32815
32236
32416
32002
32372
32805
32793
32959
32388
32463
32006
32890
33493
32558
32599
32009
32010
33325
35276
32578
33168
32600
33340
32654
32605
32783
32502
32607
32610
32777
32611
32775
32060
32547
32712
32772
32211
32616
32593
32607
32619
32150
32408
32622
32754
32625
32720
32027
32028
32626
32710
32555
32834
32032
32033
32633
33355
32035
32494
32389
32037
32662
32346
32264
32867
32040
32646
32844
32042
32425
32648
32148
32649
32715
33123
32046
32047
33470
33839
32273
32814
32356
32785
32051
32244
33353
32532
32656
32054
32536
32708
32659
32860
32128
32504
32061
32664
32059
32667
33149
33042
32347
32215
32673
32671
32674
32668
33175
32554
32687
32124
32277
32068
32402
32679
32682
32754
32685
32200
32692
32803
32693
32194
32488
32686
32695
32381
32455
32697
32366
32405
32659
32105
32123
32243
32594
32160
32702
32085
32714
33343
32491
32499
32088
32719
33616
32090
32091
32700
33413
32093
32094
34167
34218
32499
33057
32097
32728
32424
33023
32729
32822
32129
33420
32732
33203
32103
32735
33322
32105
32779
33426
32737
32753
32108
32739
33533
32110
32357
33428
32460
32594
32742
32582
32664
32745
32634
32756
32117
32118
34104
33923
32120
32513
32386
32449
32767
32609
32765
32614
32126
32675
33077
32128
32129
32953
33107
32731
33109
32780
33450
32133
32289
33328
32287
32136
32137
33306
34128
32139
32229
33314
32210
32568
32911
32588
32286
32798
32976
32797
33368
32792
32802
32767
32784
32934
32974
32150
32151
32932
32773
32496
32656
32154
33199
33494
32810
32907
32520
32769
32531
32812
32527
32813
32290
33127
32537
32821
32823
32559
32684
32165
32562
33502
32167
32962
33509
32169
33196
32909
32632
32825
32172
33067
33287
32367
32826
32520
32692
32512
32829
32177
32178
33519
32498
32180
33177
32880
32182
32224
33523
32184
32511
33526
32898
33029
32218
32835
32704
32189
32543
32484
32483
32666
32849
32846
32853
32854
32912
32694
32856
32293
32448
32868
32294
33166
34040
32855
32884
32202
32729
33263
32204
32205
32447
33546
32721
32208
32262
32891
32210
33138
33550
32456
32640
32770
32214
32215
33771
34219
32705
33131
32665
32906
32910
32435
32806
32295
33556
32222
32969
32887
32224
32575
33566
32226
32227
33251
32963
32229
33188
33742
32652
32879
32232
32233
32993
33028
32624
33117
32236
33041
33596
32539
32683
32274
32457
32435
32995
32241
32279
32434
32243
32244
34065
34046
32550
32655
32296
33053
33143
32529
33056
32718
32477
33057
33058
32848
33064
32429
33068
32282
32403
32285
32490
32379
33005
32437
32727
32374
32840
32297
32261
32262
34414
34357
32491
32809
32699
32304
33088
32267
32268
33642
32524
32537
32988
32271
32311
32273
32274
34109
34374
32589
33043
32277
32278
34114
34379
32706
32281
32282
34326
34390
32363
32792
32450
33009
32300
33137
32288
32289
33285
33751
32291
32292
32961
33812
32779
32833
33482
33572
32770
32972
32298
32299
33913
34201
32301
32941
33500
33092
33111
32304
32748
33631
32306
32638
33673
32360
32655
33131
32310
33027
33282
32361
32313
32314
33706
32936
32702
32871
32527
33133
33121
32319
32320
33373
34403
32322
33000
33600
32390
32674
32325
32326
33128
33125
32636
32821
32329
32330
33137
33842
32828
32393
32809
32625
33142
32691
33138
32720
32930
32337
32876
32493
33147
33154
32560
32723
32396
32983
32342
32515
33369
32991
33124
32401
33111
32671
32878
33159
32635
32349
32615
33176
32351
32651
33722
32953
33107
33166
33569
32355
32428
33643
33368
32650
32369
32567
32687
33104
33157
32362
32761
32364
34226
34075
32824
33205
32908
33526
32411
32911
33206
32581
33755
32372
33388
33491
32596
32693
32861
33207
32575
32913
32914
33732
33059
33211
32732
32432
33808
32381
32858
32812
32730
33396
32827
33756
32385
33060
33933
32830
33299
32388
32418
33920
32390
33948
33769
32392
33594
33771
33724
32395
34025
33772
32633
33539
32398
33262
32572
32400
34019
33321
33667
32866
33556
32404
34024
33417
33438
32407
32476
32918
33163
33223
32410
33562
32620
33233
32661
33727
32414
33932
33786
33213
33270
32418
32811
33790
32456
33227
33226
33228
32920
33225
32921
33220
32424
32425
33412
33778
32427
34200
32725
33497
32430
33845
33797
33113
33458
33229
32549
32598
32923
33231
33232
33527
33542
32796
32925
32732
32875
33234
33022
33235
32443
33429
33802
32445
32446
35634
34501
33614
33447
33557
33489
32452
33661
32928
33604
33075
33244
33245
33399
33216
32673
33255
32930
33249
32617
33248
32906
33536
32935
33242
32927
33257
33258
32467
32468
33277
33930
32764
33630
32471
33834
33431
32905
33260
32936
33259
32475
32476
34111
34366
33254
32709
33686
32937
33541
33136
33261
32482
33494
33830
33282
32938
33893
32749
33264
33122
33134
32488
34044
34099
32490
33555
32940
33626
32493
32494
34062
33848
32651
33495
33266
32614
33976
32802
33521
33268
32501
33518
33591
33695
32838
34126
33274
32506
33376
32945
32883
33276
33073
33165
32942
33279
33280
33096
33587
33281
33691
33868
32946
33241
33869
33156
33284
32518
32519
32854
32745
33246
32948
33504
32523
33240
34067
33239
32526
34360
33872
32528
33874
34196
33680
33179
33291
33215
33733
32556
33296
32535
32536
32927
33293
33371
33015
33887
33265
32541
32630
33890
32543
34172
33892
32545
33464
32950
32951
33437
32888
33300
32918
33298
33302
33230
32552
33829
34558
32867
33407
33309
32618
33310
33219
32558
33329
34563
33699
32561
34303
33908
33208
32818
33528
32565
33911
33520
32915
33315
33316
33424
33320
33453
32953
33274
32572
32573
34560
33907
33664
33650
32577
33403
33925
33617
32580
32581
34036
33601
32645
33540
33114
33324
32954
33341
33326
32587
33735
33152
33183
33327
33330
33116
33331
32592
33937
33918
33676
33349
33430
33181
33336
32808
33338
32955
32814
33212
32643
33332
32954
33340
32603
33796
34178
32947
32956
32606
33955
33389
33547
32609
33289
33959
32903
33345
32807
33344
32957
33305
32828
33288
33348
33267
33688
33607
32772
32620
32621
34654
33972
32916
33222
32624
32899
33974
33290
32711
32715
32781
33351
32629
32630
34076
34613
32632
32641
33983
33356
33217
32962
33375
32706
33361
32960
33988
32963
33354
32640
32641
34467
34608
32643
33366
34223
32645
33272
33991
33085
33363
33365
32964
33779
32907
33440
33720
33466
32654
34250
32787
33342
33678
32658
34130
34639
33740
32894
32970
33374
33037
33160
32689
33372
33375
33431
32865
33379
32717
33377
32969
33382
32670
33352
33661
33221
33158
33383
33384
34240
33052
33385
32677
32873
33947
32680
33387
32680
33571
33575
33200
33312
32683
34399
33468
32904
34026
32871
33389
33390
33395
32689
33895
34029
32691
34180
34031
33700
32824
32912
33393
33392
33394
32697
33033
34033
32816
33741
32973
33086
33414
32815
32972
33398
32704
34072
34043
33530
33231
32900
33404
32709
33295
34050
32711
32712
34102
34052
32795
32834
32975
33405
33408
32717
33719
34059
33380
32877
33409
33410
32976
33048
32723
34405
34061
33712
32726
34438
33707
32977
33551
32758
33411
33419
33545
32849
33421
32734
33805
33062
33391
32901
32978
32738
34080
34016
33669
32741
34048
34082
32743
32744
33236
34037
32854
32922
32937
32748
33884
34387
33672
32751
33265
32975
32753
33529
34093
33256
33170
33433
32980
33434
32758
33538
34090
32760
33416
33173
32762
33908
34100
32981
33939
33435
32766
33696
32983
33451
32984
33397
33439
33623
32791
32988
33441
32931
32929
33443
32989
33445
32986
33446
32778
33951
33535
33598
32781
33488
34121
32813
32959
32945
33448
32785
33847
33998
32787
32788
34634
34127
32967
33592
32791
32991
33454
33565
33023
33456
32795
32796
34138
34134
32958
33999
32799
34142
34141
32992
33825
32915
32994
33485
32943
34146
32892
33422
33490
33730
33501
33346
33334
32848
34230
33498
33736
33209
33449
33339
33397
32818
33323
34154
32996
33508
32995
33511
33505
33579
33120
33507
33336
32997
33513
32827
33588
34158
33215
32950
33514
33516
32917
33517
32833
33687
34165
33899
32998
33966
32837
33534
34171
33473
32944
33000
33531
32842
33630
34179
32844
32845
33364
34181
32847
34443
33987
33603
34015
32851
32852
33292
34183
33729
33560
33001
33639
32858
33002
33286
32860
33763
34190
33552
32863
32864
33619
33003
33319
33652
33004
34520
32870
33193
33620
33400
32873
32966
34197
32875
32876
33694
34063
33141
33618
33859
34040
32881
33692
33005
32883
33357
34207
33522
33544
32886
33722
34203
33589
33698
32890
33281
34212
32892
34358
34213
33006
33654
33549
32896
34232
34216
32898
32899
33996
34769
33350
33358
32903
33524
34221
33570
33337
33655
32934
32909
32910
34482
34629
33927
33606
33214
34454
33427
34406
32919
33767
34366
33301
33634
33591
32924
33760
33795
32926
34311
34388
33294
32929
34436
33813
33484
32932
32933
33224
33823
33563
33370
33708
33679
32939
34088
33841
32941
33584
34522
33607
33638
34367
33269
32990
33275
33283
32949
34313
33658
33662
32952
33964
33894
33019
33303
33099
33867
33333
33341
33347
33608
32961
33946
33979
33452
33253
32965
33590
33228
33721
32968
34337
33082
34163
32971
33971
34007
33647
32974
33652
34027
33469
33432
33656
32979
33360
33301
33723
32982
34441
33487
33612
32985
33792
34105
32987
34307
34110
33632
34164
33668
33564
32993
34463
34133
33595
33624
33602
33559
32999
33994
33715
33645
33436
33731
33156
33382
33237
33007
34350
33402
33161
33548
33558
33140
33663
33012
33881
33964
33126
33561
33015
34182
34193
33017
33749
34231
33019
34205
34234
33051
33074
33022
34115
34797
33321
33025
33031
33555
33027
33444
33682
33029
34133
34242
33031
33919
33583
33033
33035
34246
33035
34380
34248
33037
34201
34251
33094
33593
33056
33739
33195
33436
33194
33525
33599
33711
33455
33601
33046
33404
33197
33048
33198
33605
33055
33611
33051
33052
34327
34175
33479
33129
34378
33615
33702
33568
33059
33060
34402
34805
33062
33063
34479
34393
33065
34255
33718
33067
33973
34339
33512
33070
33785
34288
33124
33800
33073
33074
34344
34341
33100
33273
33077
33078
33386
34346
33080
34418
34120
33082
33083
34701
34355
33085
33831
34000
34458
33233
33089
34353
33713
33143
33770
33092
33644
34361
33094
33683
34370
33096
34348
34372
33098
34217
34377
33381
33243
33657
33103
34185
34125
33247
33106
34427
33765
33109
33110
33970
33549
33307
33113
33114
33581
35224
33116
33415
33798
33199
33457
34489
33200
33758
33677
33122
33123
34423
34301
33367
33126
33130
34407
33201
33725
33129
33130
34409
34503
33625
33133
33134
34277
34411
33136
34394
34085
33842
33710
33140
33141
34262
34260
33709
33701
33145
34420
34415
33147
35667
34316
33149
33150
33378
33668
33152
33153
34786
34047
33155
34089
33318
33621
33737
33308
33715
33160
33161
34324
34315
33163
33803
34011
33165
33885
34429
33746
33168
34177
34431
33170
33934
34432
33172
33723
34421
33184
33175
34003
33660
33177
34385
34241
33179
33554
34439
33181
33891
34444
33183
34451
34447
33194
33189
33425
33187
33492
34450
33210
33728
33734
33203
33204
33192
33193
36296
35384
33418
33196
34097
33968
33198
33705
34186
33627
33496
33202
34191
34259
33462
33420
33814
34457
33750
34079
33754
34299
33381
33503
33610
34196
33459
33629
34083
34461
34308
34474
33252
33327
33764
33622
33763
34376
33274
33434
33219
33659
34300
33727
33906
33780
33952
33781
33822
33224
33783
33824
33784
34282
34489
33359
33861
33476
33793
33989
33799
33981
33465
33801
34153
33466
33773
33804
33236
33806
34516
33693
33807
33460
33694
33240
33642
34863
33670
33915
33243
34006
34412
33258
34589
33689
34034
33816
34113
33817
34135
33818
33965
33250
34331
33883
33252
33253
34579
33819
33981
34389
33820
33821
33822
34398
33922
34395
33828
33576
34078
33832
33944
33262
33837
34836
33481
33775
33840
34464
33467
33636
33888
33850
34384
33851
34343
33853
34236
33597
34149
33272
33374
34824
34413
34534
33768
33914
33277
33856
33931
33466
33859
33855
33860
33304
34351
33515
33681
33866
34124
33285
34542
33752
33870
34364
34340
34460
33289
33875
34808
33876
34068
33292
33877
34184
33294
33295
34469
34551
33809
34051
33879
33880
34057
33868
33878
33599
34335
33897
33303
33304
34071
34677
33306
34540
34129
33900
34362
33879
33902
34244
33442
33898
33312
33313
33903
33748
33614
33744
33910
34562
33750
33912
33318
33319
34685
34155
33481
35634
33916
33323
33777
34575
33325
35161
35276
33770
33949
33929
33329
33753
35052
33592
33967
33913
34267
33333
33936
34727
33938
34329
33458
33578
33472
33380
33863
33714
34143
33648
33945
33341
33799
33926
33406
33953
33445
33769
33950
33958
33738
33961
33962
34115
33963
34114
33965
34107
33548
33704
33352
33977
34435
33978
34020
33674
33980
33356
33357
34318
34660
33359
33360
35325
34487
33506
33788
33461
33473
33364
33990
34618
33366
33559
34627
33992
34256
33997
33370
33886
34005
33633
34008
33373
34009
34404
34359
33471
33546
33853
33378
34013
34400
33901
34014
34016
34161
33464
33943
34018
34017
34021
33386
34022
34347
33388
33941
34651
33757
33391
33917
33777
33475
33917
33640
34286
33474
33476
33817
33902
33993
34037
33477
33725
33982
33690
33986
33982
34042
33402
33403
34814
34657
33703
33406
33858
34667
33560
34054
34055
34206
34049
34058
33876
34136
33412
34066
34574
33414
33415
33794
34673
33417
33418
34586
34038
33775
33815
33462
34073
34298
33423
34074
34072
33912
34137
34069
34079
33595
34081
33716
33896
33429
33440
34544
33675
33945
33836
33833
34087
33459
33478
33479
33765
34098
33480
34035
34124
34112
34113
33793
33442
34053
34693
33444
34270
34696
34583
33617
34116
33481
33838
33956
34118
34108
34119
33470
33482
33846
34123
33510
33849
33463
33838
33827
34131
33755
33609
34284
33826
33975
33483
34294
33553
33589
33660
33759
33788
33468
33469
34729
33857
33486
33540
33849
33814
34445
33573
33475
33590
34623
33791
34369
33629
34433
34092
33641
34096
33839
33536
33580
34136
34330
34117
34144
33487
33488
34893
35212
34095
34170
33491
33492
34652
35271
33638
34319
33628
33637
34148
33865
33904
33507
33810
34010
34149
33569
33585
33501
34726
34494
33503
33504
34735
34152
33506
34008
34844
34381
33787
34160
33510
33511
34737
34156
33844
33953
33984
34162
33515
34004
34590
33862
34167
33518
34168
34493
33520
33521
34706
34169
33852
33524
33567
34743
34039
34045
33586
33528
33529
34253
34747
33873
33909
33666
33754
33533
33534
33671
34568
34177
33577
33538
33552
34759
33613
34192
34293
33665
34397
34112
34189
33570
33859
34202
34752
34173
34209
33614
34023
34056
34211
33969
34137
34422
34189
34215
34220
33554
33574
34773
33582
33571
33944
34123
33804
34170
34227
34659
33562
33954
34655
34028
34229
33992
34131
34117
34225
33567
33651
34703
33851
34389
34239
33726
33572
33576
33574
34309
34692
33576
33940
33578
33579
33600
33815
33581
33655
35089
33583
33584
35487
35038
33616
34244
33587
33588
34150
34716
34163
34264
34233
33854
33594
33935
34788
34459
33597
34045
34790
34081
34166
33841
33889
33829
33928
34250
34254
34322
34238
34356
33833
34187
33797
34245
33745
33609
33610
35258
35369
33663
33761
33613
33697
34798
33924
34210
34049
34410
33860
33952
33620
33621
35384
34334
33736
33875
33649
34338
34153
34157
33909
33926
34329
34343
33628
34349
34785
33782
34305
34352
34354
33633
33827
34817
34127
34275
33636
33637
35230
35401
33843
33640
33641
34926
35836
34278
33644
33810
34826
33889
34368
33656
34025
33648
33649
35428
35411
33651
34245
34704
34237
33654
33987
34382
34147
34320
33658
33659
35267
35444
33662
34434
34002
33774
33665
33666
35268
35456
33900
34195
34400
33670
33671
35481
34569
33811
34007
33674
33675
35033
35459
33809
34056
34095
34401
33888
34386
34233
34396
33871
34360
33682
33683
34697
35449
33691
34325
33686
33687
34333
34853
33689
33690
35290
34997
34041
33693
34241
34857
34174
34023
34417
33697
33960
34860
34336
34419
33746
34239
33816
34257
34092
34421
33871
34456
33704
33705
35454
35445
33707
33708
34840
34077
34068
34238
34032
34422
33967
33978
33713
33714
35400
35439
33942
34141
33718
33719
35354
35468
33762
34151
34198
34351
33762
34092
33938
34446
34449
34026
34040
34452
33743
33776
33820
34442
33801
34283
34271
34363
33766
34426
34386
34446
33735
34070
34834
33870
33738
33739
34894
34455
34035
34252
34195
34369
33743
33744
35004
34529
33818
33855
34026
33748
33749
33905
35477
34600
33752
33753
34918
34925
34475
33842
33764
34132
33957
34042
33864
34259
33760
34929
34927
34210
34930
34204
34890
33766
34473
34708
34057
35244
34261
34477
34258
34468
34585
33773
35254
34945
34262
36939
34368
33782
34484
34485
33779
34574
34263
34240
34486
33896
34483
34488
34012
34876
33785
34952
34942
33787
35076
34953
33789
34956
35279
33921
34010
33792
35409
34937
34881
34472
34674
33796
34928
34905
34598
34266
34675
34491
33947
34268
34492
33803
34545
34970
34835
34120
34480
34188
34495
33808
34497
34265
34593
34539
33840
34816
33979
34271
34269
34983
34506
33889
35314
34058
35134
33980
34896
34510
34017
34511
34941
33824
33825
34875
34272
34349
34753
34515
33835
34819
34036
33831
34785
35584
33863
34517
34518
33835
33836
34658
34147
34084
34993
34520
34811
34498
33868
34146
33845
35000
34999
33847
35191
34631
33948
34064
34525
34125
34526
34527
33925
34273
34529
34274
34642
34531
34208
34535
33858
34731
35360
34766
33986
34538
33878
34537
34541
33865
35093
35015
33867
34723
34276
33886
34178
34543
34751
33873
34823
35041
34277
34719
34547
34763
34440
34548
34319
33881
35194
34604
33883
33884
35341
35047
34558
34571
34554
34145
34278
34556
33891
34615
35132
33893
35289
34279
33895
34605
34955
34903
34281
34487
33899
34557
34139
34907
34086
34155
34049
33904
33905
35157
35477
34275
34720
33949
34559
34564
34889
34471
34571
34283
34567
34572
34682
33915
35418
35066
34284
34546
34573
33919
35151
35488
33921
33922
35245
35072
33924
34106
34960
34657
34784
34099
34285
34160
34580
34448
34578
33931
33932
34536
35074
33934
34807
35010
34371
34800
34224
34591
34101
35064
34592
34287
35276
33941
35091
35054
33943
33995
35092
34828
34845
34296
34594
34199
34583
35592
33951
35612
34649
34700
35484
34408
34599
33956
33957
35101
35098
34222
34792
33960
34809
35104
34143
34601
34289
34597
34602
35020
34603
34764
34290
34629
34607
34482
34871
33970
33971
34073
34606
33973
34656
35222
33975
34771
35115
34135
34602
34122
34611
34617
34595
34502
34509
34782
33984
34609
34780
34164
34294
34621
34802
34067
34295
34265
34622
34001
34619
34292
35129
34626
34209
35019
33995
34291
35118
34243
34770
33998
33999
34630
34289
34001
35829
35199
34003
34004
34218
34633
34006
34555
35209
34919
34750
34030
34637
34640
34012
34971
35138
34060
34478
34015
34643
34297
34724
35193
34019
35241
34546
34046
34647
34219
34646
34176
34644
34650
34392
34587
35150
34028
34831
35147
34030
34955
35152
34032
35298
35153
34034
34247
35155
34508
34562
34516
34039
34588
35159
34146
34257
34663
34044
34681
34947
34524
34746
34048
34787
35165
34332
34553
34300
34665
34053
34103
35376
34237
34688
34301
34664
34669
34762
34260
34060
35468
35174
34302
35277
34063
34064
34174
34365
34107
34746
34091
34915
34865
34843
34070
34982
35185
34235
34676
34679
34606
34214
34680
34076
35334
34614
34078
34842
35091
34507
34094
34686
34687
34083
35166
35196
34085
34086
34933
34643
34142
35056
34280
34499
34304
34683
34091
34761
35183
34094
34749
35322
34895
34097
35461
34872
34305
34793
34691
34101
34566
36993
34103
34206
35226
34105
34106
35024
35719
34514
34109
35217
34375
34111
35207
34874
34521
34765
34859
34830
34306
34839
34698
34236
34699
34308
34695
35221
34122
35214
35538
34616
34776
34847
34309
34388
34636
34129
34130
35730
35728
34795
34159
34707
34709
34140
34310
35731
34851
34837
34139
34140
35046
35733
34848
34739
34850
34169
34713
34194
34712
35638
34151
34519
34722
34373
34717
34725
34312
35274
34728
34314
34577
34732
34157
34738
35283
34159
34718
35284
34778
34276
34734
34227
34736
34520
34670
34166
34855
35260
34532
34428
34740
34742
34867
34172
34570
35288
34334
36296
34317
34176
34328
35294
34649
34904
34180
34690
35297
34182
34618
35300
34184
34185
34549
35302
34187
35446
35382
34308
34797
34496
34252
35205
34470
34754
34318
34758
34194
35301
35303
34714
34898
34198
34199
35364
35238
34288
34437
34682
34273
34767
34204
34205
35014
35315
35163
34208
34662
35317
35210
34628
34228
34768
34319
34590
34214
35407
35319
34320
34610
34217
35346
34931
34532
34585
34299
34760
34222
34745
35327
34224
35547
35058
34226
35086
35333
34866
34315
34777
34230
34783
34321
34232
35750
35345
34493
34235
35316
35347
34897
34831
34668
34244
34258
34833
34243
34711
35349
34908
34247
34249
35351
34249
35433
35352
34635
34323
34912
34789
34314
34748
34255
35532
35353
34268
34794
34325
34494
34755
35731
34400
34478
37896
34264
34916
34624
34862
34267
35127
34911
35087
34270
35472
34967
35060
34462
34877
34513
34337
34812
34530
34821
34582
34864
34280
35527
35049
34282
35028
35051
34849
34883
34286
35202
35067
34581
36090
34943
34632
34291
34873
35108
34293
35130
35001
34317
34296
35906
35124
34298
35022
35126
34678
34856
34424
34303
35463
34565
34316
34561
34690
34307
35156
35206
34884
34311
35521
34886
34313
35321
35266
34852
34756
35592
34365
34661
34550
34322
35520
35326
34324
35541
34756
34639
34391
34457
34328
34342
35355
34671
34331
35373
35342
34333
34987
34854
34542
34336
34500
35239
34801
34467
34528
34340
35262
35379
34342
34345
35387
34796
34345
34430
35391
34347
34348
34645
35395
34957
34383
34813
34815
34353
35044
35399
34387
34818
34356
34702
35143
34358
34416
35406
34453
34820
34822
34362
34827
35332
34364
35237
35410
34670
34874
34368
34501
34825
34371
35451
35381
34373
35397
35422
34375
34376
35835
35424
34378
34932
34465
34380
34859
35431
34401
34829
34383
34804
35426
34385
35470
35660
34653
34846
34885
34490
34391
34392
35492
35442
34394
34481
34934
34469
34523
34397
35286
35447
34399
35367
34730
34641
34461
34806
34404
34405
34638
35624
34428
34464
34408
34505
35464
34466
34504
34431
34838
34425
34582
34413
35261
35455
34415
34416
35474
35901
34418
35253
35385
34420
35088
35473
34468
34888
34424
34425
34869
34878
34427
35264
35216
34899
34430
34775
35490
34832
34433
35011
35389
34435
34436
34612
35215
34438
35026
34841
34440
34774
35497
34581
34891
34443
34976
34803
34445
35133
35501
34533
34448
35503
35504
34470
34584
34451
35273
35502
34453
34721
35509
34459
34471
34456
35270
35495
34870
34460
34472
34900
34596
34810
34463
35158
34710
34882
34466
35308
35181
34733
35667
34552
34476
34757
35095
35216
35362
34495
34563
35053
35458
35081
35452
34938
35417
34913
34480
34481
35140
35957
34629
34940
35533
34944
35018
34573
34576
35220
35739
34949
34950
35110
35003
35211
34959
34965
34951
34966
34741
35281
34868
34715
35607
34858
34972
34499
34500
34974
35566
35634
34978
35475
34504
34505
34979
35574
35466
35467
34981
34984
34977
34985
34959
35211
34512
34975
34512
34988
35969
34986
34989
34936
34990
34991
35403
34868
34994
35414
35146
35383
35234
35402
34591
35058
34726
34996
34995
35073
35160
35357
35001
35112
35002
35470
35003
35368
35412
35437
35004
35005
35009
35595
35783
34633
35007
35084
34589
34917
34536
35008
35075
34590
34633
35123
35421
34829
35416
34727
35415
34724
35413
34918
34547
35410
34545
34881
35823
35518
34958
34549
35016
35602
34781
35255
34552
34553
35583
35999
34555
34906
36099
35048
35148
34694
35045
34562
34560
34561
34836
34684
35052
34565
34566
36599
35851
34706
35309
34569
34570
35483
36056
34775
35063
35453
34625
34914
34576
34577
35692
35069
34579
35374
34896
35006
35420
34819
34672
34670
34782
35080
34788
34587
34588
35128
35625
34689
34765
35084
35287
34666
35169
34595
35090
35060
35094
35380
35012
35096
34999
35083
35100
35149
34984
35063
34894
35107
37780
34604
34605
35581
35785
34919
34642
35114
34609
34733
35608
34715
34736
34612
35113
35651
34614
34615
36165
36107
35190
35419
34648
35114
34620
34620
35141
35661
34998
35122
34992
35537
34624
34625
35546
36071
34948
35062
34866
35547
34961
35617
34631
34632
35771
35390
34635
34636
35006
35009
34638
35257
36080
35462
35136
35275
35135
35137
35139
34935
34645
35198
35396
34922
35142
34648
35131
35682
34832
35097
35145
34652
35055
35272
35007
35148
34655
34656
35149
35671
35348
35638
36090
34752
34920
34661
34662
35528
35688
35099
35313
35162
35164
34666
35167
35788
35361
35524
35121
35144
35097
35169
35071
35287
34879
35176
34674
34675
35177
35171
34677
35535
34963
35053
35187
34680
34681
35188
35619
34910
34684
34685
35078
34732
34724
35065
34901
35195
34920
35192
34819
34892
35339
34947
35201
35208
35329
34694
35378
35591
34923
35217
34697
34968
35450
35218
35265
35102
35515
35220
35668
34702
34801
35875
34705
34744
34705
34909
35614
34742
34708
35170
35263
34710
34711
35697
36255
35471
35530
35031
35265
34962
35077
34866
34717
34718
34973
35570
35176
35197
34721
35039
35735
34791
35275
35219
35278
35014
35057
35281
36013
34966
35013
34730
34731
36278
36276
34993
35536
34735
35111
35274
34779
34738
35112
35748
34848
35299
34741
35500
35286
34969
34744
34745
36054
36291
34772
34748
34749
35517
35755
35061
35358
35296
35496
34921
35116
35168
34755
35304
35223
35375
34902
35306
34799
35305
34760
34761
35259
35753
35204
35228
35180
35312
34990
35249
36013
35595
35668
34921
35029
35331
35454
34770
34771
35324
35741
34936
35131
34774
35329
35776
35306
34977
35278
35330
35336
34954
35280
34780
34781
35610
36273
35313
35147
35340
34965
35344
35030
34787
34834
35794
34800
34985
35082
34791
35357
35797
35293
35801
35338
35362
35062
35363
34948
34991
35071
35368
34923
34799
34861
35811
34922
35085
34803
34804
35978
36361
34806
34807
35434
35921
34809
34958
35878
35106
35386
35017
35371
35231
35337
34814
35393
35348
34963
35398
34924
35370
35061
35403
35043
35404
34824
35189
35219
35243
34823
35296
35830
35129
35077
35408
34827
35416
35833
34994
35419
35232
34923
35012
35706
35511
35660
35837
35186
34946
35269
35078
35203
35453
34839
35539
35435
34841
34842
35952
36342
35121
35180
35279
35358
35429
35460
35047
35432
35109
35302
34903
34951
35310
35242
35441
35312
35372
35070
35516
34854
34855
35579
36004
35359
35444
34858
35837
35887
35021
34861
35105
35897
34972
35469
34864
34865
35471
35896
35079
35269
35032
34880
35164
35467
35493
34872
34873
36437
36176
35117
34876
34877
35251
35478
34879
34880
36482
35970
34992
35017
35485
35173
35486
34887
35208
34886
34887
35926
36457
35154
35203
35042
35344
35205
35425
34892
34893
34917
35213
35270
35079
35137
35512
35018
35513
35197
35519
35485
35499
34901
34902
36485
36345
35335
34905
34906
36357
36489
34962
35059
34909
35083
35937
34911
34912
35725
35522
34938
35175
34915
34916
34939
35544
35931
35210
34924
34980
35034
35282
35126
35019
35210
35068
35855
34928
35543
36356
34956
35542
35020
36939
34932
35950
35307
34934
34935
35604
35022
35652
35024
35930
35548
35184
35545
34941
35549
35366
34943
35554
35025
34950
35514
34946
35961
36516
36067
35699
35027
35325
35552
35637
35051
35553
34954
36074
35966
35784
35605
34964
35030
35557
35684
34961
36002
35943
36126
36260
35168
35563
35564
35662
34968
35936
35983
35031
35311
34971
35824
35981
35759
35423
35569
35050
35567
34976
36216
35977
35922
35033
35678
35182
35573
35034
35558
34982
35998
35974
35035
35215
35577
35628
35348
35394
35036
35578
35037
35555
35029
35822
35582
35751
36005
35078
35598
35583
35867
35038
36007
34998
35292
36006
35588
35523
35587
35589
35109
35590
35593
35018
35039
35932
35594
35620
35318
35596
35594
35011
36143
36022
35895
35283
35599
35600
35040
35551
35498
35842
35601
35032
35021
35617
35023
35604
35639
35716
35026
36455
35951
35028
36038
35958
35717
35603
35792
35052
35905
35877
35229
35712
35575
35999
35193
35572
35489
35724
35157
36267
35042
36029
36011
35044
36393
36031
35046
36466
35850
35343
35230
35874
35050
36060
36035
35571
35635
35055
35641
36042
35146
35233
35234
35734
35607
35332
35611
35235
35631
35891
35616
35151
35647
35323
35613
35482
36061
35068
36062
36048
35070
35693
36065
35884
35073
35924
36068
35075
35076
35597
36072
35831
35768
35081
36125
36078
35227
35623
36081
35939
35337
35632
35218
35629
35238
35438
35239
35621
35224
35638
35125
35236
35640
35120
35240
35223
35550
35095
35642
35178
35390
35643
35644
35099
35103
36095
35465
35646
35102
35103
36097
36570
35105
35879
36128
35196
35649
35242
35648
35119
36100
35650
35389
35653
35243
35507
35655
35476
35656
35658
35116
35743
36109
35244
35800
35119
35120
36113
36040
35709
35123
36151
36116
35125
35942
36118
35639
35172
36122
35443
35626
35246
35248
35666
35669
35133
36108
36130
35249
35783
35232
35674
35245
35675
35676
35250
35982
35231
35677
35252
35565
35200
35556
35193
35679
35144
36144
35962
35253
35703
35685
35913
35813
35672
35254
35255
36152
35256
35615
35154
36154
36148
35291
35793
35436
35686
36159
35480
35696
35160
35627
36146
35224
36090
35163
35698
35225
35806
35166
35796
36168
35359
35700
35701
35758
35285
35704
35172
35179
36172
35258
35864
35175
36453
36163
35808
35178
35179
36092
36637
35705
35182
36313
36177
35184
35754
36179
35186
35975
35795
35259
36300
35320
35618
35247
35510
35191
36641
35772
35559
35706
35228
35580
35260
35710
35711
35868
35295
35713
35200
36189
36186
35202
36140
36063
35828
35405
35718
35227
35207
35687
35800
35861
35261
36460
35825
35213
35214
35931
35870
35651
35916
35909
35729
35633
36211
35252
35385
35262
35673
35761
35226
36246
35377
36197
36196
35472
35775
35576
35832
35818
35299
36142
35606
35236
35237
36456
35561
35365
35568
35241
36373
35767
35923
35817
35405
35924
35247
35248
36378
36115
36106
35251
36493
35479
35720
35722
35810
35780
35257
36942
37131
35727
35890
35765
35476
35899
35264
36388
36200
35691
35267
35770
35665
35448
35457
35732
35866
35272
35273
36043
36263
35506
35747
35624
35740
35737
35781
35420
35871
35739
35381
35680
35746
35285
35989
36283
35744
35869
35289
36419
35526
35291
35292
36736
36690
35328
35694
35295
35356
36294
35819
35298
36336
36301
35707
35301
35661
36302
35602
35529
36304
35452
35760
35528
35763
35764
35308
36488
36312
35310
35311
36085
36314
35721
35883
35462
36210
35316
35600
36317
35318
35690
36324
35320
36402
36328
35508
35769
35323
35757
36440
35350
35742
35421
35531
35807
35328
36293
36315
35586
35331
36052
36247
35834
35334
35630
36166
35533
35707
35375
35779
35782
35339
36231
36336
35520
35715
35342
35343
36337
36010
35774
35346
36212
36214
35534
36319
35350
36257
36348
35525
35793
35525
35799
35354
36309
35908
35356
35388
36346
35752
35907
35872
35361
36277
36353
35636
35438
35805
35365
35398
35802
35367
35956
36279
35670
35519
35727
35371
36359
36355
35373
36500
36360
35505
35814
35816
35377
35378
36717
36370
35380
35900
36433
35911
35383
36421
36381
36296
35920
35434
36448
35388
35392
36384
36023
35773
35392
35491
36229
35394
35427
35820
35396
35397
35714
36394
35917
35400
36032
35440
35402
35576
36226
35585
35432
35826
35827
35407
35902
36401
35409
36272
36403
35560
35412
35430
36156
35414
35613
36221
35730
36210
35857
35418
36409
36225
35815
35860
35738
35423
36396
36412
35425
36753
36254
35427
36363
35821
35429
35430
36499
36765
35433
35845
35863
35927
35910
35436
36387
36416
35536
35695
35803
35440
35441
36850
36418
35443
35494
36398
35665
35446
35893
36420
35448
35745
36422
35450
35451
35984
36423
35928
35762
35893
35538
35870
35457
35458
36427
36400
35460
35905
36258
35838
35876
35728
35659
35791
35465
36330
36429
35501
35885
35886
35908
35537
35919
35881
35896
35935
35474
35622
36199
35512
35903
35538
35750
35479
35480
36564
36449
35482
35483
36508
36056
35523
35524
35912
35518
35914
35488
35489
36152
36213
35491
35764
36070
35493
35494
36435
36832
35496
36414
36415
35498
35778
36127
35500
36030
36320
35749
35503
36265
36472
35505
36473
36474
35507
35508
36369
36476
35510
35736
36288
35539
35612
35814
35514
35515
36094
36479
35517
36194
35756
35767
35929
35809
35787
35925
35540
35726
36470
35645
35702
35527
36510
36059
35689
35530
36160
35941
35532
36242
36308
35804
35535
36104
36333
35609
35708
35723
35541
36431
35816
35543
36224
36844
35545
35546
35947
36512
35607
35949
36164
35954
35955
35551
36377
35948
35654
35964
35554
35965
36454
35968
35988
35972
36111
35562
36120
35559
36269
36446
35561
35562
36635
36708
35766
35973
35976
35979
35957
35980
35567
35568
35985
36340
35570
36323
35989
35959
35990
35681
35987
35574
35992
36330
35994
36192
35996
35997
36046
35579
35995
36688
35581
36441
36540
35659
35839
35999
35603
35829
36009
36057
35777
35862
35588
36014
36390
35666
36015
36016
36133
36371
36467
35667
36018
36397
35840
36993
35597
36322
36073
36017
36021
35663
36282
36027
36028
36321
35841
35766
35957
35993
36037
36034
36041
35609
35610
36121
36273
36358
36462
35801
36183
35938
36053
35786
36050
36046
36058
35845
35619
36093
36066
36075
36181
35622
36076
36562
35971
36077
36080
35626
35627
36507
36575
36077
36119
35630
36208
36578
36057
36082
35875
36365
36033
36083
36150
36299
36086
36087
35664
36084
36359
35641
36342
36586
36091
36434
35895
36590
35960
36173
36354
36469
36096
36132
36993
37391
35866
36098
36411
36447
35843
36327
35657
35873
38169
35654
36102
36810
36015
36103
35657
36998
35712
35677
35683
36106
35880
36111
35663
35664
36948
37031
36089
36238
37391
35991
36101
36018
36391
35672
35673
36132
36123
36112
36290
36134
36135
36112
36136
36137
35904
36138
35680
35681
36139
36607
35683
35991
36680
35976
35986
36141
36382
35687
36145
36606
35689
35690
36505
37054
36341
36439
35693
36071
36623
35848
35946
36155
36438
35697
36158
36256
36161
36343
35892
36367
35789
36169
36170
36219
36055
36171
36173
36209
36174
36388
36175
36198
35846
35865
36184
36464
35963
36175
36503
36509
36168
36410
36185
35714
36497
36395
36001
36188
35719
36190
36191
36406
36195
36253
36002
35980
36355
36198
36399
35920
36028
35849
36387
36204
36259
35726
36122
36741
35933
35730
36207
36439
37896
36088
36787
35787
35850
36027
36223
35736
36259
36666
36083
36182
36038
36117
36007
35791
36521
35742
35743
36275
36662
35745
36320
37169
35748
36281
35798
36135
36103
36130
36286
36159
36009
36367
36147
36383
35754
35890
36737
35756
35757
37090
37142
35790
35960
35889
36047
35761
36307
36376
36058
36205
35812
36350
36310
36004
36311
35854
36044
36088
36136
35770
36326
36671
35772
35773
36796
36710
35979
36012
36250
36331
35777
35778
37176
37038
36051
36305
36713
36716
35993
36334
36270
36364
35851
35785
35786
36540
36526
35844
35789
35790
37536
37188
35839
36274
36341
35852
35795
35796
37319
37194
35798
36383
36639
35927
36600
36344
35847
35803
35918
36351
35954
36405
36295
36352
36217
36343
35809
36131
36153
36339
36251
35961
36716
35812
35898
36594
36075
36335
35853
36021
37043
36366
36033
36368
35858
36372
36008
36389
35821
35822
36743
36297
35824
36005
36763
35986
36397
36392
36408
36201
36344
36149
36205
35854
36008
36029
36240
36271
36244
36270
35834
35859
36461
35909
36753
35838
35855
35856
35894
35873
35860
35932
35842
35843
36019
36552
36024
36203
35943
35913
36442
35848
35849
37071
36938
36202
36599
36055
36720
36206
36475
36189
35944
35882
35888
35858
35859
37135
37235
36404
35862
36459
36759
36010
36407
35915
36003
36245
36405
36414
36069
36192
36153
36424
36020
36425
35931
35967
36426
36089
36110
36436
36000
36335
36144
36437
36444
36268
36406
35879
36120
36618
35881
35882
36133
36788
36039
36125
36391
36425
36266
36287
36262
36266
35888
35889
37284
37105
36306
35892
36295
36798
36162
35945
36443
35909
35906
35898
36129
36800
35900
36124
36801
35902
36199
36805
35904
36206
36808
36105
35940
36082
36334
36451
35921
36445
36236
36423
36030
36209
36001
35915
36045
36827
36087
36200
35918
36261
36819
36047
36463
36321
36143
36119
36182
36234
36471
36243
35926
36025
36458
36026
36079
36483
35934
36424
36190
36403
36235
35934
36003
36853
35936
36332
37357
35938
36230
36855
36020
36181
35941
35942
36629
37206
36026
35945
36049
36567
36316
36698
36180
36513
35953
36876
36409
36515
36214
36487
35952
37140
36792
36267
36725
36517
35956
37258
36887
35959
36559
37161
36674
36157
35963
36849
36896
36094
36643
35990
36518
35967
36964
36893
35969
36656
36215
36217
36701
36218
36892
36187
36770
36219
36648
35975
36539
37318
36529
35978
36883
36362
36659
36359
35982
36764
36220
35984
37362
36774
36036
36530
36531
35988
37048
36911
36541
36769
36527
36178
36532
36534
35995
37087
36915
36000
36536
35998
36537
36538
36557
36783
36824
36654
36688
36184
36151
36636
36211
36679
36723
36338
36012
37174
36923
36210
36481
36545
36926
36327
36547
36221
36544
36548
36127
36551
36553
37011
36023
36762
36222
36025
37085
36933
36824
36318
36209
36657
36632
36032
37227
36937
36728
36223
37322
36036
36943
36940
36224
37012
36558
36095
36560
36114
36374
36226
36556
36043
36587
36264
36045
36375
36949
36568
36823
36049
36064
36953
36525
37409
36052
36881
36928
36054
37356
36292
36676
36419
36610
36755
36060
36700
36957
36225
36227
36063
36064
36960
37411
36193
36625
36067
36589
36140
36069
36838
36961
36228
36310
36514
36073
36074
36703
36962
36522
36504
36571
36573
36079
37066
36967
37131
36230
36390
36574
36585
36085
37291
36699
36231
36971
36580
36828
36671
36092
37028
37067
36329
36588
36591
36520
36430
36991
36480
36592
36234
36584
36460
36491
36176
36232
37409
38169
36222
36595
36596
36285
36597
36138
36582
36599
36108
36167
37002
36170
36664
36169
36601
36303
36816
36114
36233
36603
36237
36380
36117
37029
36941
36239
37119
37032
36707
36438
36713
36249
36124
36609
37033
36731
36240
36358
36608
36129
36619
37041
37003
36241
36841
36609
36834
36243
37024
36611
36682
36244
36706
36612
36236
36613
36614
36142
36569
36245
36760
36848
36417
36615
36147
36577
37049
36149
36627
37164
36400
36620
36621
36920
36829
36301
36626
36156
36157
36767
36858
36450
36756
36212
36289
36628
36246
36630
36247
36622
36164
37327
37046
36166
36167
36579
37451
37195
36645
36581
36190
36600
36248
36638
36632
36284
36633
36634
36642
36178
37152
37075
36180
36739
37065
36511
36856
36465
36528
37079
36250
36998
36187
36649
37077
36251
36523
36647
36298
36631
36651
36194
37262
37089
36201
36652
36252
36253
36218
36254
36655
36563
36748
36768
36203
36468
37098
36235
36658
36661
36684
36208
37354
37103
36213
37240
36920
37240
36216
37223
36882
36535
36727
36735
36492
37270
36528
36758
36712
36672
37068
36536
36494
36750
36229
36852
36385
36922
36733
36233
36867
36976
36660
37653
36775
36238
37331
36999
36456
36667
36604
36242
37358
37039
36838
36842
36751
36718
36549
36249
37181
36873
36605
36715
36441
36890
36650
36754
36256
36257
36757
37092
36498
36582
36668
36261
36333
36673
36435
36980
36264
36265
37487
37108
36583
37240
36269
36773
37116
36524
36272
37184
36869
36713
36314
36678
36349
36663
36277
36280
37117
36279
36280
36888
37497
36282
37125
37208
36284
36543
37130
36478
36683
36287
37026
37129
36379
36797
36501
36675
36372
36687
36292
36293
37503
37114
36347
36496
36691
36298
36745
37330
36300
36813
36502
36734
36303
36304
36729
36501
36366
36602
36502
36738
36483
36692
36309
37040
36452
36345
36503
36822
36313
37351
37151
36699
36316
37115
37153
36318
36319
36793
36478
36714
36355
36325
36702
36413
36542
36325
37056
38031
36477
36705
37084
36329
37234
37167
36533
36332
37030
37364
36598
36742
36818
36732
36338
36360
36721
36482
36689
36504
36530
36724
36792
36780
36606
36486
36347
36386
36726
36349
37094
37201
36505
36987
36352
36820
37197
36354
37118
37203
36357
36846
36490
36791
36802
36362
36363
37574
36744
36365
37288
36905
36432
36789
36369
37271
37193
36371
36719
37216
36550
36374
36375
37001
37557
36377
36693
36936
36379
36380
36891
37368
36382
37269
37401
36617
36385
36386
37638
37220
36825
36746
36415
36740
36546
36843
36393
37299
37226
36395
36396
36951
37228
36711
36506
36833
36500
37016
36428
36402
36807
37233
36676
36426
37239
36752
36771
36408
37183
37246
36749
36411
37305
37253
36413
37230
37255
36704
36795
36417
36826
37260
36471
36786
36508
36421
36622
37267
36484
37256
36774
36821
36847
36790
36428
36484
36776
36430
37185
37272
36432
36665
36777
36434
36972
37274
36840
36521
37400
36642
36716
36555
36465
37144
36794
36446
36784
36444
37339
36866
36495
36761
36799
36448
36646
36495
36450
36566
37324
36452
36453
37425
37326
36455
36519
37139
36635
36458
36459
36934
37310
36998
36462
37237
37333
36464
37187
37336
36681
36467
36468
37308
37654
36470
36685
36481
36857
36473
37109
37340
36475
37341
37342
36477
37193
37344
36837
36480
36591
37345
36593
36701
36722
36697
36486
36509
36851
36488
36725
37349
36490
36491
37526
36605
36493
36994
36565
36510
36700
36561
36497
37192
36950
36499
37286
36766
36803
36730
36694
36695
36644
37055
36507
37175
36576
36510
36554
36902
37113
36513
36514
36874
36624
37047
37147
36787
36858
36884
37257
36519
36886
37599
36570
36895
37131
36899
37113
36785
37266
36901
37231
36526
36527
37371
37122
36859
36906
37078
36860
36906
36909
36533
36910
37185
36913
37123
36781
36914
36861
36917
36955
36539
36918
37513
36903
36542
36543
37312
37379
36879
37157
36546
36990
36921
36835
37294
36919
36927
36928
37141
37133
37134
36552
36929
37083
36902
37110
36696
36900
36931
37353
36932
37335
36907
36935
36559
36941
37663
36944
37010
36945
37249
36563
36572
36806
36565
36566
37394
37746
36954
37338
36955
36956
36958
37232
36592
36572
37309
37413
36965
37695
36966
37052
36576
36577
37529
37876
36579
37295
37452
36970
37036
36969
36978
36862
36979
37213
36704
36981
36982
37053
36587
36983
37642
36589
36947
36984
36710
36754
36985
37155
36686
36989
36986
36992
36811
36995
36996
37125
36598
37205
37111
36824
36868
37004
36779
36880
36977
37000
37027
37279
37030
36616
36613
37037
36952
37038
37022
36966
37102
36640
36997
36809
36916
37044
36960
36984
36616
37045
36768
37050
37051
36619
36709
37603
36814
37060
37029
37057
37058
36624
36625
36875
37448
36627
37160
37636
36629
37212
37434
36782
37062
36772
37064
36864
36747
37238
36897
37091
37069
36690
37070
36638
37067
37251
36640
37051
37455
36863
37043
36865
36812
37080
37081
37245
37005
37572
36945
37254
36648
36649
37128
37565
36653
36889
37017
37086
36653
37088
37561
36959
37082
36946
37091
36912
37222
37096
37174
36669
37097
36924
37078
36925
37217
37100
37215
36663
36664
37101
37006
36677
36741
36670
36797
37107
37210
36669
36670
37858
37821
36868
36845
37518
37111
37219
36864
37112
37166
37211
36869
36778
37138
37120
37190
37096
37121
36706
37122
37059
37124
36988
37126
36878
37204
37196
37343
36686
37306
37542
36817
37132
36870
36831
37136
36872
37104
37198
36693
37180
37540
36815
37145
36696
37146
37530
36930
37148
37072
37149
37156
36973
36871
36703
37352
36963
36795
36868
37348
37163
36708
36709
37069
37408
36727
36909
36927
36793
37170
36864
37405
36841
37173
36718
36719
37063
37545
36736
36839
36804
37183
36968
37179
37102
37189
36931
37190
37008
37191
37221
36796
37053
37207
36730
36770
37165
36944
37066
36733
36734
37019
37158
36969
37127
36872
36738
36739
37259
38000
37121
37315
36873
37052
37123
36744
36745
37575
38005
36747
36748
37384
37036
37068
37300
36974
37074
37225
37232
36884
37225
36754
36956
37215
36757
37242
37093
37023
37241
37177
37244
36761
36762
37248
37241
36764
37079
37406
36766
36767
37478
37332
37061
36908
37162
37263
36772
36773
37815
38045
38162
36885
37214
37060
37148
36778
36779
37917
38048
36781
36782
37706
37872
36784
36785
37314
37372
36850
37285
37278
36836
37280
37189
37281
36894
37276
37027
37334
36983
36837
36903
36904
37282
36863
37199
37104
37281
37116
37283
36992
37042
36972
37035
36803
36804
37320
37410
36806
36807
37414
38013
36809
37196
37659
36811
36812
37777
38082
36814
36815
37786
38094
36817
36988
37446
36899
36935
36820
37219
37633
36830
36854
36870
37146
37106
37303
36826
36938
37398
37015
37082
37126
37313
36830
36831
38103
37910
36833
36840
37328
36835
36836
37882
37945
36877
37323
36869
37150
37289
37186
36901
37172
36919
37247
36845
36846
37363
37652
37110
37247
36849
36905
37667
36937
36852
36900
37639
36854
36959
37674
37013
37355
36982
37463
36925
37316
37332
36879
37059
36898
37081
36907
36932
36916
37317
36892
36866
36867
37861
37793
36915
36914
37136
37150
37137
36875
37065
37472
36936
37007
36878
37171
37991
37474
36881
37728
37688
36883
38010
37689
37432
37476
38162
36908
37366
36888
38042
37498
36890
37524
37009
37200
37367
37695
36894
37754
37696
37010
37515
36897
37668
37690
36940
37369
37370
37412
37440
37665
37371
37009
37694
37373
37669
37539
37666
37587
37076
37374
36912
37931
37704
37012
37214
37376
37893
37491
36918
38098
37708
37377
37391
36922
37648
37013
36924
37948
37713
37481
36996
36999
37387
37520
36952
37388
37390
37537
37392
37525
36934
37461
37454
37437
37541
37626
37073
37780
37397
37721
37400
37409
36957
37396
37402
37562
37016
37724
37168
37403
37209
37395
37015
37558
36951
37968
37229
37651
36954
37744
37749
37643
37584
36975
37401
37734
37502
37475
37017
37445
36963
36964
37436
37752
37011
37032
37416
36968
37804
37761
37538
36971
37592
37018
37594
36974
36975
38066
37763
36977
37794
38021
37006
37418
36980
37419
37020
37217
37420
37682
37670
37727
37080
37346
36987
37423
37021
37495
36990
37975
37649
37014
37022
37428
37095
37393
37023
37430
37433
37024
37386
37521
37001
37851
37783
37003
37453
37025
37005
37422
37770
37459
37008
37826
37350
37287
37618
37157
37476
37586
37273
37382
37385
37321
37570
37019
37955
37159
37289
37739
37404
37417
37034
37799
37243
37026
37803
37782
37500
37275
37549
37438
37526
37290
37395
37439
37034
37035
37383
37789
37629
37048
37443
37178
37040
37679
37426
37042
37605
37797
37695
37214
37443
37261
37442
37047
38088
37772
37415
37050
37796
37807
37675
37415
37658
37055
37056
37404
38154
37070
37500
37141
37268
37447
37551
37088
37442
37063
37818
37546
37330
37449
37450
37457
37548
37074
37210
37279
37072
37073
37940
37820
37552
37076
37928
37823
37264
37567
37458
37218
37660
37596
37647
37084
37389
37293
37099
37460
37087
37998
37944
37543
37090
37590
37143
37378
37093
37094
37577
37837
37292
37578
37477
37479
37553
37099
37656
37839
37164
37480
37202
37459
37482
37295
37950
37483
37106
37622
37855
37296
37484
37109
37488
37833
37591
37795
37188
37864
37486
37115
37505
37866
37661
37118
37499
37875
37206
37296
37156
37489
37492
37466
37443
37224
37493
37496
38058
37128
38100
37566
37213
37462
37238
37381
37133
37806
37699
37135
37722
37236
37582
37138
37182
37894
37140
37601
37671
37365
37143
37144
37811
37224
37259
37624
37509
37300
37632
37511
37154
37512
37184
37152
38115
37927
37154
37867
37929
37347
37515
37516
37439
37159
37160
38296
37936
37162
37664
37755
37287
37694
37637
37166
37265
37943
37168
38026
37892
37256
37405
37171
37301
37973
37287
37524
37266
37517
37527
37329
37528
37177
37178
37951
37920
37180
37907
37970
37182
37252
37956
37644
37279
37375
37302
37571
37303
37532
37535
37608
37610
37192
38127
37967
37607
37195
37555
37304
37620
37198
37635
37977
37200
37822
37979
37202
37838
37981
37306
37852
37205
37985
37908
37434
37271
37613
37209
37788
37986
37407
37212
38076
37468
37506
37602
37307
37547
37556
37337
37406
37559
37221
37640
38004
37223
37899
38009
37813
37508
37227
37854
37627
37229
37230
38247
37924
37288
37431
37569
37234
38015
38025
37236
37237
38317
38027
37609
37277
37653
37250
37325
37576
37323
37579
37310
37573
37309
37583
37298
38036
37585
37249
37250
38113
38038
37252
37550
38116
37254
37963
38039
37311
37829
37390
37258
37768
38041
37544
37261
37399
38043
37444
37589
37264
37265
38125
38291
37702
37268
37269
38241
38051
37292
37406
37606
37273
37988
38054
37275
37595
38056
37277
37742
37685
37297
37313
37284
37673
37614
37315
37421
37314
37619
37622
37316
37628
37317
37478
37519
37657
37291
37958
37516
37490
37294
38061
37810
37563
37469
37332
37478
37299
37881
37853
37621
37322
37510
37358
37523
37534
37305
37996
37962
37676
37308
37890
37655
37615
37454
37312
37960
37380
37593
37646
37680
37441
37593
37319
37514
37555
37321
37625
37630
37335
37445
37325
37748
38085
37327
37427
38087
37329
37657
38089
37560
37464
37641
37334
38028
37919
37617
37337
37533
37490
37339
37904
37862
37341
37834
38108
37343
38109
38110
37361
37888
37346
37347
38112
38101
37361
37422
37350
37351
38363
38114
37359
37435
37354
38120
38119
37356
37966
37504
37360
37362
37678
37501
38031
37363
37645
37568
38325
37364
37652
37939
38330
37600
37692
37368
37465
37464
37597
37733
37698
37758
37466
37646
37701
37519
38099
37375
37703
37988
37705
37926
37707
38037
37691
37880
37380
37381
38139
38073
37383
37883
37790
37629
37938
37711
37715
37456
37580
37707
37717
37389
37718
38060
37864
37612
38105
37394
38129
37747
37588
37397
37764
37732
37399
37820
38149
38169
38052
37716
37736
37726
37737
38154
37864
37408
37485
37604
37625
37750
37475
37743
37531
37740
37414
37616
38014
37931
37760
37787
37424
37759
37719
37765
37507
37738
37421
38002
37984
38070
37424
37429
38166
37426
37427
38370
38430
37429
37798
38178
37776
38093
37774
37778
37767
37779
37522
37723
37467
37436
37817
37753
37758
37784
37623
37720
37463
37684
37778
37792
37849
37470
37448
37554
37471
37805
37879
37494
38331
37472
37814
37961
37681
38193
37452
37453
37564
37801
37729
37456
37725
38199
37716
37804
37697
37714
37473
37461
37835
37730
37782
37830
37474
38121
37980
38130
37694
37468
37469
38229
37700
37976
38044
37581
37781
37681
37765
37982
38331
37884
37518
37832
37841
37845
37859
37846
37847
37842
37849
37787
37850
37819
37978
37485
37700
38281
37698
38077
37488
37642
38266
37611
37857
37869
37686
37983
37841
37877
37494
37878
38201
37809
37879
37723
37788
37498
37499
38522
38402
37623
37759
37889
37693
37891
37504
37505
38536
38525
37507
37831
38371
37766
37779
37762
37918
37922
37972
37687
37828
37925
37941
37514
37709
37995
37631
38065
37571
37901
37645
37836
37688
37939
37522
37641
38233
37946
38024
37684
37757
37964
37652
37832
37948
37529
37949
38212
37531
37762
38245
37533
37751
37870
37751
37856
37536
37537
37572
37828
37719
38053
37784
37964
37541
37969
37825
37677
37974
37976
38008
38000
38252
37546
37547
38255
38029
37549
37550
38032
38187
37687
37785
37621
38067
37653
37685
37990
38019
37994
37842
38001
37558
37783
37827
37634
37745
38007
38011
37684
38008
37999
38012
37564
38123
37802
37566
37567
38194
38016
37935
38071
37735
37766
37781
37997
38023
37683
37731
37952
37575
37689
38006
37577
38017
38283
37871
38033
37580
37581
38655
38620
37800
37926
37598
38034
37865
37933
37816
38037
37650
37965
37717
38040
37957
37987
37590
38020
37812
37816
37923
37954
37989
37686
37595
37791
38299
37597
37598
38905
38671
37600
37601
38659
38378
37846
37933
37604
37605
38282
38457
37607
37914
37888
37850
38062
37938
38059
37611
37612
38510
38673
37868
38107
37819
38062
37616
38035
38226
37757
37922
37736
38018
37662
37886
37885
38111
38069
37915
37919
38096
38314
38078
37627
37628
38171
38079
37989
37712
38081
38018
38102
37773
38080
37634
37635
38476
38694
37637
37937
38003
37639
37640
37740
38263
38092
37672
37865
38097
37750
38036
38325
37887
37711
37891
37649
37650
38593
38724
37775
37921
37655
37656
38221
38611
37848
38107
38196
37885
37983
38084
38106
37662
38047
38351
37664
37902
38353
37923
38077
37710
37756
37668
38099
38238
37697
38040
37671
37672
38785
38267
37895
37945
37693
38118
37725
37808
37677
37913
38347
37679
37947
38369
37877
37984
37990
38196
38331
37769
37828
37843
38058
37771
38313
38136
37691
38563
38374
37710
38131
38132
37741
38422
38133
38253
37722
38467
38135
37702
38513
37900
37824
38294
37760
37897
37706
38388
37873
38170
37709
38445
38389
38230
38359
37724
38142
37714
38394
38391
37827
38143
38144
38151
37775
38145
38146
37721
38155
37902
38198
38134
37880
38279
37727
38348
37884
38050
38148
37730
37731
38204
38791
37733
38585
38494
37735
38532
38404
38278
37892
38152
37739
38153
37905
38261
37742
38561
37844
37744
38528
38414
37795
38157
37747
37748
38368
38411
37903
38415
38158
38323
37753
37754
38191
38420
37756
38355
38439
38358
38237
38303
37931
37906
38137
38163
37764
38068
38423
38311
38186
37768
38437
38425
37770
37771
38072
38427
37773
38710
38441
37836
38468
38167
37777
38587
38083
38181
38174
37896
38326
38447
38211
38269
37786
38428
38095
37898
38197
37790
37791
38218
38449
38079
38285
37794
37863
38453
37908
37876
38175
37798
38457
38455
37909
38038
37910
38173
37802
37803
38461
38446
38357
37806
38615
38466
37808
38176
38470
38058
38182
37882
38477
37812
37813
38183
37911
37815
38590
38046
38258
37889
38190
37874
38256
38192
37942
37822
37860
38488
37824
38552
38491
37826
37971
38364
38265
37924
37932
37831
38762
38492
38250
37834
38268
38496
37840
38203
38206
37838
38283
38502
37840
38613
38504
38315
38251
37844
37845
38975
38506
38306
38003
38208
37905
38090
38209
38287
38022
38210
37875
37912
37854
38511
38443
37856
38231
38512
38065
38213
37859
37860
38515
38846
37862
37863
38398
38853
38327
37867
38526
38516
37914
38168
37870
37871
38518
38727
37873
37874
38943
38582
38403
38212
38345
37911
38214
38273
38352
38064
38215
38200
38055
38217
38219
38272
37887
38700
38530
37934
38270
38030
38220
38222
38329
37918
37944
37916
38223
37915
38224
37898
37899
38289
38380
37901
38783
38683
38164
37904
38693
38397
38344
37907
38633
38408
38177
38093
38338
38104
38185
37913
38755
38464
38366
38231
37917
38434
38049
38236
38895
37921
37953
38429
38286
38310
38249
37930
38228
38546
37928
38744
38551
37930
38517
38554
37959
38138
38232
37935
38366
38556
37937
38298
38424
38302
38301
37941
37942
38543
38400
38075
38292
38234
38200
37947
38774
38565
38320
38091
38239
38119
38122
37952
37953
38573
38874
37955
38663
38297
38117
38223
37958
38577
38318
37960
38742
38140
38011
38246
37963
38706
38560
38225
37966
38626
38586
37968
38581
38248
37970
37971
38409
38893
37973
38478
37992
37975
38736
38592
38356
37978
38610
38594
37980
38489
38601
37982
38503
38603
38182
38343
37993
38254
37987
38482
38604
38293
38718
38495
37992
37993
39018
38618
37995
37996
38390
38704
37998
38741
38235
38113
38202
38193
38002
38596
38623
38165
38126
38280
38006
38007
38136
38385
38181
38010
38382
38384
38161
38039
38274
38014
38015
38227
38634
38124
38195
38086
38276
38277
38020
38691
38184
38022
38454
38639
38024
38684
38641
38026
38636
38642
38028
38519
39774
38030
38257
38646
38154
38057
38188
38129
38284
38035
38654
38644
38063
38322
38319
38290
38324
38042
38749
38523
38044
38150
38662
38046
38047
38825
38664
38049
38050
39004
38578
38052
38335
38531
38100
38682
38055
38295
38669
38057
38300
38676
38074
38309
38061
38680
38679
38242
38064
38160
38685
38318
38067
38068
38260
38965
38080
38259
38071
38072
38974
38972
38074
38141
38527
38076
38776
38545
38264
38081
38159
38172
38373
38540
38083
38084
39007
38701
38086
38412
38435
38088
38432
38709
38090
38091
38472
38711
38128
38156
38321
38095
38096
38816
38715
38098
38723
38444
38207
38362
38102
38312
38730
38104
38118
38328
38120
38180
38112
38342
38216
38109
38748
38737
38111
38739
38628
38312
38319
38115
38365
38743
38117
38189
38650
38205
38244
38243
38128
38130
38123
38609
38462
38125
38767
38567
38127
38668
38580
38703
38367
38147
38733
38753
38376
38401
38392
38638
38379
38486
38229
38750
38383
38357
38386
38387
38745
38140
38141
39046
39225
38541
38564
38360
38393
38395
38734
38680
38689
38396
38717
38602
38714
38313
38399
38150
38400
38978
38377
38406
38349
38407
38372
38695
38810
38895
38233
38544
38413
38475
38159
38160
38416
38797
38555
38697
38325
38418
38558
38354
38810
38410
38424
38179
38304
38429
38688
38333
38681
38406
38562
38172
38443
38438
38547
38698
38436
38448
38176
38452
38992
38254
38413
38179
38456
38962
38458
38675
38332
38271
38184
38185
38921
38473
38405
38448
38188
38189
38479
38823
38191
38625
38421
38483
38584
38340
38195
38362
38485
38201
38482
38486
38317
38782
38487
38656
38490
38216
38275
38337
38204
38497
38839
38401
38498
38207
38499
38568
38307
38678
38507
38597
38211
38851
38265
38240
38509
38557
38333
38474
38511
38520
38333
38218
38778
38450
38350
38528
38221
38529
38612
38361
38376
38334
38538
38576
38539
38631
38227
38645
38635
38543
38772
38545
38440
38549
38550
38308
38553
38379
38235
38236
38801
38558
38591
38666
38563
38568
38240
38569
38452
38330
38335
38288
38483
38244
38459
38608
38262
38419
38574
38607
38248
38249
38888
38387
38588
38667
38595
38597
38314
38339
38572
38591
38606
38256
38257
38481
38902
38480
38707
38260
38752
38966
38262
38263
38640
38280
38572
38687
38622
38267
38268
38785
38747
38539
38666
38305
38624
38272
38273
38627
38614
38275
38617
38793
38637
38760
38630
38731
38395
38630
38471
38487
38640
38282
38781
38821
38637
38652
38729
38507
38653
38559
38658
38288
38289
39031
38381
38560
38616
38292
38567
38661
38294
38295
38769
38949
38297
38298
38947
38812
38300
38451
38932
38484
38670
38501
38719
38304
38305
39041
39280
38307
38308
39204
39307
38501
38651
38480
38687
38396
38690
38692
38670
38316
38346
38667
38599
38716
38519
38469
38336
38394
38588
38571
38708
38562
38707
38643
38721
38377
38638
38417
38740
38553
38722
38498
38698
38500
38642
38341
38356
38468
38433
38508
38533
38337
38338
38968
38570
38340
38598
38495
38484
38534
38575
38702
38521
38623
38460
38695
38346
38521
38999
38465
38735
38349
38350
39295
39335
38665
38699
38375
38564
38354
38355
39032
39584
38426
38734
38631
38658
38360
38361
39038
39360
38648
38364
38365
39315
39363
38621
38368
38660
39012
38370
38566
38431
38372
38493
39013
38442
38751
38375
38987
39125
38994
38861
38659
38785
38786
38381
38382
39746
38956
38384
38385
38955
38555
38632
38918
38890
38548
38944
38390
39088
38705
38392
39036
39047
38622
38787
38788
38984
38892
38398
39056
38854
38579
38790
38792
38870
38403
38524
38754
38405
39119
39059
38989
38500
38794
38409
39063
39061
38678
38807
38412
39012
39334
39002
38415
38820
38756
38542
38798
38620
38800
38419
39070
38991
38421
38422
38980
38757
38585
38967
38811
38749
38869
38662
38808
38428
38972
38817
38876
38431
38432
39167
39079
38434
39139
39005
38759
39227
38437
39244
39081
38653
38922
38440
39431
39078
38442
39322
39086
38796
38445
39331
39087
38447
38463
38761
38929
38450
38451
39248
39090
38878
38454
38855
39092
38456
39026
39094
38821
38459
39391
39100
38472
38881
38462
38463
39102
39096
38465
39137
39397
38467
39649
38763
38514
38557
38885
38471
38993
39105
38712
38474
39439
38988
38476
39148
38973
38679
38764
38559
38824
38677
38822
38829
38583
38903
38830
39450
38880
38649
38766
38832
38919
38489
38848
39122
38576
38765
38768
39124
38493
39083
39117
38809
38838
38600
38733
38748
38505
39116
38843
38514
38844
38845
38866
38503
38819
39134
38505
39211
39135
38732
39131
38849
38650
38850
38510
39146
38674
38963
38721
38865
38530
38770
38808
38732
38847
38517
39277
39158
38643
38728
39471
38686
38852
38856
38523
38524
38842
39155
38526
38537
39275
38651
38910
38858
38647
38859
39161
38532
38535
39162
38534
38535
39186
39477
38537
38586
39236
38550
38931
38862
38541
38542
39345
39165
38792
38780
38863
38864
38547
38548
39310
39173
38738
38753
38865
38552
39350
39128
39010
38771
39159
38957
38867
38914
38868
38803
38913
39111
38758
38872
38873
38986
38934
38566
39178
39168
38804
38948
38713
38877
38571
38970
39187
38985
38875
38900
38697
38879
38692
38883
38884
38605
38885
38579
39006
39183
38581
38953
38889
38583
38945
39195
38594
38886
38887
38917
38708
39008
38589
39049
39202
38607
38826
38894
38593
39341
38725
38908
38596
39274
39208
38940
38599
38600
38939
38691
38602
39123
39308
38690
39054
38605
38831
39214
38619
38899
38901
38609
39101
39103
38694
38907
38612
38613
38860
39209
38615
38629
39649
38617
39126
39229
38619
39154
39231
38657
38681
38914
38915
38784
38625
39389
39237
38726
38916
38628
38629
39240
39645
38912
38923
38633
39385
39242
38635
38636
39142
38927
38819
38961
38924
39093
38696
38773
39011
38926
38990
38645
38938
39143
38647
38904
39259
38649
38779
38930
38958
39003
38660
38857
38936
38672
38937
38656
38657
39270
39266
38837
38747
38925
38775
38806
38942
38720
38946
38665
38827
39271
38909
38960
38696
38952
38777
38951
38959
38672
39028
39284
38674
38675
39429
39288
38677
38933
39133
38828
38795
38983
38988
38717
38779
38684
38836
39293
38686
38799
39298
38982
38689
39254
39304
38789
38898
38896
38756
38971
38973
39015
38991
39255
38882
38700
39332
39316
38702
39009
39317
38714
38780
38705
38706
39540
39279
38891
39019
38710
39080
39321
38712
38713
39326
39323
38941
38716
38818
39574
38976
38719
38720
39175
39327
38815
38723
39377
39330
38725
38726
39434
39333
38728
38729
39346
39206
38731
38896
39151
38920
38747
38954
38736
39352
39340
38738
38739
39078
39240
38741
39068
38802
38746
39001
38744
39365
39349
38746
39198
39356
38753
38841
38781
38814
38752
39367
39302
38755
39157
39136
39014
38758
38981
39066
38760
39272
39338
38762
39097
39082
38782
38840
38765
39282
39058
38767
39258
38805
38769
39246
38950
38783
38964
38772
39147
39399
38774
39245
39177
38776
39379
39256
38778
39383
39249
38996
39239
39025
38911
38835
39120
39208
38833
38863
39037
39039
39036
39049
39050
39089
38959
39052
38839
38900
39020
38969
39230
39057
39294
38983
39281
38922
38963
38798
38799
39064
39609
39067
39289
38802
38803
39420
39065
38805
38806
39443
39217
38813
39109
39021
38887
39071
39069
38812
38813
39404
39638
38864
39043
39074
39075
38817
38818
39730
39734
39337
38858
39084
39024
38823
39262
38958
39018
39306
38826
38827
39219
39408
39110
39203
39112
39113
38831
38834
39426
38833
38834
39733
39687
38836
39297
39602
39121
39247
38905
39027
39127
38897
39431
38842
39129
39156
38871
39130
38948
39023
38928
39291
38847
38848
39132
39590
39055
39180
39138
39140
38915
38924
39145
39292
38854
38855
40036
40221
39053
39120
39153
39207
39160
38860
39387
39210
39107
39228
39163
39226
39164
39256
38935
39174
39354
38974
39481
39170
39171
39081
39176
38871
38995
39585
38975
39342
39045
39182
38875
38876
39099
39252
38878
39201
39051
38906
39189
39185
39438
39017
39325
39130
39311
39042
39318
38931
39058
39029
39115
39492
39196
38889
38890
39465
39197
39045
39113
39089
39181
39061
39314
39205
39313
39774
39073
39645
39649
38921
38939
39002
39216
39030
39189
39218
38903
38904
39376
39500
39028
39031
39450
38908
39222
39114
39163
39313
39220
39225
39032
39069
39062
39152
39121
39305
39033
38977
38917
39393
39235
38954
39238
39223
39234
39172
39241
39439
39213
39226
39247
39034
39141
39251
38927
38928
39144
39804
39060
39243
38998
39257
39260
38933
39091
39530
39076
39265
39075
39261
39180
39267
38938
39268
39552
39513
39055
39273
39269
39309
38979
39022
38944
38945
39374
39544
38947
39150
39404
39287
38950
38951
39523
39278
38953
39394
39466
39290
38956
38957
39746
40408
39179
39436
39000
39202
39048
39228
39040
39095
39292
39296
39372
38966
38967
39301
39283
38969
38970
39897
39790
39056
39192
39108
39077
39108
39131
38997
39181
39035
39039
38979
39020
39560
38981
39237
39568
39112
39319
39320
39062
39290
39205
39319
38987
39287
39558
39490
39107
39182
39074
39347
39336
38993
39051
39594
38995
39106
39595
38997
38998
39801
39944
39000
39053
39564
39046
39396
39353
39212
39354
39005
39006
39713
39947
39008
39009
39402
39603
39200
39351
39293
39358
39251
39016
39118
39085
39357
39016
39017
39871
39913
39154
39188
39401
39400
39022
39023
39562
39628
39025
39026
39044
39548
39072
39190
39191
39170
39215
39098
39194
39255
39584
39490
39513
39035
39233
39510
39565
39038
39829
39428
39787
39041
39852
39566
39073
39551
39044
39507
39549
39455
39512
39048
39950
39619
39546
39199
39406
39494
39184
39410
39411
39134
39199
39413
39470
39291
39414
39415
39060
39685
39632
39456
39497
39242
39417
39166
39610
39070
39418
39343
39569
39068
39837
39621
39471
39563
39072
39485
39639
39542
39403
39586
39125
39424
39149
39222
39425
39080
39169
39647
39464
39083
39668
39652
39085
39474
39654
39366
39933
39088
39659
39650
39405
39091
39250
39661
39093
39570
39233
39095
39550
39666
39097
39104
39667
39099
39692
39253
39101
39834
39670
39103
39104
39869
39998
39223
39547
39360
39440
39445
39730
39110
39857
39680
39279
39300
39446
39486
39115
39608
39576
39127
39371
39118
39653
39684
39162
39448
39449
39516
39123
39592
39693
39128
39368
39559
39300
39451
39194
39686
39176
39452
39454
39193
39172
39591
39263
39709
39339
39370
39779
39137
39727
39700
39139
39708
39712
39179
39457
39153
39579
39143
39144
39554
40009
39299
39529
39171
39462
39362
39432
39149
39353
39422
39329
39468
39152
39542
39641
39514
39458
39156
39157
39453
39725
39159
39663
39361
39335
39473
39316
39372
39476
39419
39224
39478
39166
39489
39732
39168
39169
39742
40042
39483
39482
39463
39312
39373
39175
39739
39328
39421
39178
39525
39741
39264
39527
39555
39495
39184
39949
39749
39186
39760
39731
39188
39791
39750
39441
39191
39859
39285
39357
39488
39241
39344
39696
39375
39545
39283
39484
39198
39467
39747
39557
39377
39412
39324
39493
39498
39204
39842
39447
39521
39207
39348
39772
39472
39210
39211
39814
39778
39221
39475
39267
39503
39215
39427
39775
39232
39504
39378
39444
39219
39577
39644
39221
39583
39759
39606
39423
39239
39511
39512
39600
39334
39380
39515
39230
39691
39796
39232
39460
39797
39593
39270
39665
39236
39846
39276
39777
39384
39538
39269
39425
39596
39487
39244
39854
39718
39359
39524
39369
39522
39526
39249
39250
39794
40096
39496
39253
39254
40188
39674
40408
39505
39258
39826
39675
39386
39502
39261
39813
39808
39263
39264
39821
39817
39345
39943
39289
39520
39532
39286
39533
39534
39520
39332
39409
39381
39535
39274
39967
39669
39276
39277
40048
39812
39382
39722
39539
39388
39566
39282
39737
39629
39303
39285
39286
40061
39839
39499
39390
39430
39543
39531
39572
39503
39587
39295
39957
39416
39297
39835
39906
39299
39611
39907
39528
39302
39303
39681
39909
39320
39442
39306
39892
39459
39351
39447
39309
39694
39822
39311
39312
39827
39918
39556
39315
39874
39364
39517
39318
39605
39924
39491
39573
39322
39648
39932
39324
39616
39934
39326
39769
39616
39328
39329
40037
39936
39331
39509
39738
39461
39392
39435
39496
39416
39394
39563
39338
39339
39536
39912
39341
39598
39640
39343
39344
39904
39939
39489
39347
39348
39705
40023
39350
39963
39762
39479
39398
39597
39599
39355
39719
39866
39395
39537
39601
39359
39679
39955
39428
39362
39676
39960
39364
39365
40028
39962
39367
39951
39681
39369
39873
39658
39371
39802
39695
39519
39374
39635
39728
39376
39828
39501
39508
39379
39863
39506
39381
39580
39771
39383
39824
39793
39385
39968
39751
39387
39885
39815
39389
39849
39811
39391
39865
39833
39393
39965
39845
39588
39396
39902
39582
39398
39701
39952
39400
39433
39561
39402
39881
39604
39764
39766
39469
39407
39617
39407
39618
40166
39409
39644
39622
39437
39883
39624
39763
39480
39710
39625
39966
39626
39958
39629
39813
39630
39456
39754
39420
39614
39627
39636
39621
39634
39637
39607
39985
39643
39867
39893
39937
39645
39427
39688
39993
39781
39430
39462
39656
39584
39433
39702
40250
39435
39640
39660
39437
39438
40111
39664
39490
39672
39803
39492
39575
39671
39674
39444
39675
39657
39623
39782
39651
39677
39682
39685
39770
39624
39689
39492
39642
39691
39453
39698
39726
39703
39758
39633
39704
39706
39631
39707
39459
39460
40293
40367
39518
39850
39714
39612
39717
39634
39718
39466
39467
39589
40153
39469
39765
39638
39615
40036
39774
39669
39689
39474
39724
40034
39697
39719
39477
39888
39731
39733
39785
39480
39683
40136
39574
39734
39745
39903
39745
39776
39485
39748
40130
39633
39677
39751
39753
39615
39752
39755
39651
39819
39494
39673
39690
39623
39704
39578
39767
39860
39699
39768
39628
39761
39501
39502
40069
39757
39720
39599
39895
39506
39507
40229
40319
39509
39711
40066
39646
39786
39784
39789
39581
39574
39773
39792
39620
39782
39780
39795
39518
39519
40082
39735
39571
39799
39819
39523
39744
39722
39525
39931
40089
39795
39838
39625
39805
39541
39756
39729
39807
39662
39709
39538
39767
39805
39818
39553
39820
39789
39822
39536
39887
40083
39747
39823
39825
39540
39541
39650
40115
39806
39723
39836
39545
39728
39929
39699
39847
39594
39832
39549
39550
40588
40556
39613
39925
39553
39554
40251
40194
39617
39800
39636
39799
39716
39912
39559
39761
39788
39561
39562
40795
40073
39567
39763
39768
39848
39950
39920
39614
39923
39569
39891
39916
39926
40221
39723
39861
39740
39900
39736
39868
39576
39577
40722
40207
39579
39580
39783
40011
39582
39583
40470
40280
39758
39938
39764
39809
39602
39678
39589
39923
40170
39591
39592
39721
40033
39646
39928
39690
39672
39938
39612
39941
39598
39942
39987
39985
39627
39838
39655
39798
39954
39604
39605
40314
40489
39607
39608
40309
40722
39610
39611
39879
40177
40014
39806
40173
39971
39927
40124
40155
39716
39972
39620
40200
40197
40078
39850
39990
39973
40008
40160
39740
39975
39976
40073
40316
39724
39959
39817
39977
39853
39979
39980
40147
39919
40025
39982
39698
40133
39855
39858
40132
39986
39860
40099
39756
39981
39832
39974
39989
40084
39648
40044
40233
40113
40117
39653
40202
40243
39655
40035
40245
39715
39864
39862
40102
39743
39995
39738
40114
39964
39988
39662
40098
40237
39810
39812
39760
40112
39861
39867
39851
40254
39668
40000
40201
40049
39869
40405
39868
39997
40001
39935
40002
40004
40100
39810
40005
40007
39679
40176
40263
39843
40283
39970
39683
39844
40267
39870
40244
40010
39762
39872
39688
40041
40260
40137
40003
40174
39841
40015
39694
40279
40276
39696
40088
39841
39759
40016
40017
39983
39701
40308
40285
39961
40019
39827
40020
40021
39766
40022
39874
40288
39708
40475
40271
39910
39711
40415
40290
39713
40272
39948
39715
39903
40027
40186
39721
40077
40294
40092
39729
39818
40032
39875
40141
40046
39726
39727
40018
40306
40024
40127
39734
39992
39878
40055
40041
39835
40085
39737
40317
40315
40067
39866
40038
40045
39742
40090
40043
39744
40217
39876
40086
40408
40154
39909
40053
39882
40330
39880
40331
40056
39798
40057
39754
40334
40321
39905
40055
40058
39884
40071
40059
40120
40075
39991
40143
40159
40185
39856
39936
40064
40189
40106
39915
40125
39888
40065
39886
40013
39773
40247
40342
39776
39994
40301
39811
39891
39779
39816
39889
39892
40103
39803
39831
40074
39792
40012
39785
40359
40311
39787
40040
39830
39893
40187
40076
39791
40365
40361
40091
39794
40105
40097
40139
39896
40378
39894
40080
40081
40180
39801
40419
39945
39890
40087
40093
39899
40009
40094
40099
39908
40095
39809
40383
40380
40161
39996
40048
40121
39815
39816
40327
40385
40068
39978
40031
39840
40107
39911
40068
40108
39901
40140
39877
40104
39898
40116
39946
40101
40119
39930
40070
39830
39831
40401
40384
40072
39834
40242
40404
40054
39837
40472
40362
39984
39840
40063
40409
40223
39843
39844
40282
40671
39846
40446
40171
39848
40204
40338
39922
40128
40129
39852
40464
39921
39854
40441
40295
39856
39857
40436
40210
39859
40461
40062
40150
40169
39863
40523
40228
39865
40216
40241
40467
40182
40172
39999
39871
40462
39914
39873
40492
40268
40029
39876
39877
40740
40275
39879
40509
40178
39881
40346
40313
39883
40494
40322
39885
40515
40326
39887
40501
40339
40110
39890
40387
40350
40050
40146
40142
39895
40230
40360
39897
40486
40365
39968
40145
39900
40497
40289
39902
40525
40520
40123
39917
39940
39943
40109
39954
40138
39908
40179
40352
39970
39911
40238
40425
40083
39914
39915
40729
40431
39917
40052
40256
39919
40119
40440
39921
39922
40575
40444
40144
39925
40491
40449
39927
39928
40305
40451
39930
40026
40476
39956
40151
39933
40234
39969
39935
40126
40455
40039
39943
40156
40162
39940
39941
40471
40466
39953
40134
39945
39946
40696
40416
39948
39949
40664
40374
40165
39969
40181
39953
40286
40292
40175
39956
40264
40481
39958
39959
40569
40484
39961
40006
40487
39963
40030
40143
39965
40439
40447
39967
40459
40428
40118
40079
40149
40078
40196
40167
40528
40199
40287
40183
40205
40206
40682
40208
40219
40209
40474
40211
40379
40010
40473
40213
40403
40299
40465
40208
40214
40203
40218
40219
40328
40192
39987
39988
40135
40542
39990
40207
40363
40187
40220
40075
40110
39994
40232
40703
40235
40268
40051
40128
40252
40421
39999
40000
40257
40549
40163
40255
40003
40258
40072
40227
40252
40006
40259
40577
40261
40403
40262
40270
40194
40347
40012
40013
40376
40269
40351
40356
40188
40274
40265
40278
40018
40430
40307
40212
40284
40060
40253
40213
40287
40023
40345
40247
40025
40026
40527
40570
40215
40368
40029
40030
40505
40574
40396
40420
40033
40297
40279
40035
40047
40581
40221
40038
40039
40303
40300
40318
40371
40310
40043
40044
40645
41089
40289
40320
40047
40485
40590
40171
40324
40428
40051
40052
40669
40878
40131
40442
40138
40329
40332
40118
40333
40305
40335
40298
40600
40060
40164
40543
40062
40063
41010
40894
40344
40479
40347
40348
40067
40349
40224
40122
40070
40071
40391
40353
40226
40220
40198
40199
40355
40231
40358
40354
40356
40362
40266
40366
40367
40399
40246
40336
40085
40369
40195
40371
40452
40372
40302
40373
40088
40519
40222
40090
40152
40643
40343
40375
40265
40468
40255
40377
40379
40407
40127
40517
40097
40098
40653
40918
40193
40101
40102
40434
40382
40248
40388
40105
40503
40652
40218
40364
40390
40925
40231
40277
40158
40402
40394
40112
40323
40395
40114
40115
40539
40600
40191
40239
40261
40396
40397
40337
40280
40393
40383
40398
40209
40426
40368
40373
40125
40126
40411
40654
40211
40406
40249
40369
40131
40132
40677
40413
40148
40429
40135
40507
40679
40291
40414
40262
40325
40417
40248
40328
40412
40423
40370
40424
40157
40551
40427
40196
40433
40240
40341
40293
40389
40148
40296
40604
40181
40442
40190
40453
40152
40454
40602
40154
40170
40423
40168
40457
40157
40158
40685
40839
40270
40364
40407
40458
40357
40443
40163
40164
40836
40832
40200
40338
40167
40168
40792
41041
40184
40424
40433
40443
40317
40422
40225
40450
40378
40465
40176
40418
40586
40178
40179
40856
40904
40214
40420
40478
40183
40184
40991
41023
40381
40479
40195
40480
40680
40227
40190
40191
40950
41065
40340
40360
40225
40453
40251
40339
40748
40198
40911
40758
40706
40620
40202
40997
40762
40204
40774
40764
40226
40532
40320
40531
40756
40553
40721
40283
40438
40533
40488
40534
40535
40552
40216
40877
40775
40236
40741
40537
40660
41283
40223
41046
40273
40539
40753
40540
40541
40635
40229
40837
40838
40400
40545
40546
40260
40547
40234
40785
40266
40236
40843
40786
40238
40920
40787
40240
41066
40789
40242
40776
40744
40244
40763
40495
40246
40582
40773
40631
40614
40363
40550
40284
40795
40497
40637
40337
40808
40554
40556
40557
40498
40879
40499
40548
40456
40541
40357
40538
40312
40650
40663
40264
40587
40810
40616
40648
40291
40544
40561
40500
40658
40562
40272
41055
40665
40274
40760
40636
40502
40742
40277
40566
40813
40393
40563
40564
40281
40470
40567
40483
40568
40493
41076
40286
40866
40834
40749
40321
40504
40851
40349
40910
40572
40506
40815
40573
40295
40296
40820
40857
40354
40565
40299
40861
40859
40304
40437
40302
40705
40847
40304
40469
40585
40536
40307
40308
41043
40865
40340
40558
40311
40312
40868
40867
40314
40607
40490
40316
40733
40398
40612
40401
40737
40588
40838
40592
40767
40323
40755
40709
40325
40782
40880
40327
40884
40386
40747
40372
40593
40374
40512
40361
40510
40402
40508
40334
40889
40864
40336
40597
40599
40618
40555
40672
40550
40397
40605
40343
40633
40892
40345
40935
40632
40511
40606
40608
40394
40609
40611
40518
40852
40466
40601
40516
40613
40392
40514
40617
40395
40619
40621
40921
40359
40807
40869
40625
40629
40595
40558
40698
40627
40478
40639
40573
40714
40951
40472
40675
40634
40676
40715
40666
40376
40886
40658
40384
40646
40521
40723
40381
40926
40944
40435
40522
40651
40624
40386
40387
41078
40953
40389
40995
40882
40410
40956
40392
40477
40659
40615
40619
40708
40716
40752
40603
40400
40806
40962
40624
40589
40596
40405
40743
40499
40445
40668
40670
40410
40895
41008
40432
40655
40524
40688
40460
40678
40415
40850
40968
40463
40948
40418
40594
41200
40457
40695
40697
40422
41030
40928
40560
40720
40426
40788
40984
40492
40574
40700
40430
41033
41044
40432
40731
40986
40560
40435
40463
40702
40437
40438
40863
40983
40583
40657
40526
40618
40473
40701
40711
40448
40445
40576
40993
40447
40448
40584
40994
40450
41063
40840
40452
40536
40998
40662
40482
40717
40456
40656
41000
40559
40459
40967
40985
40461
41036
41009
40496
40730
40726
40681
40728
40732
40738
40468
40469
40909
41047
40520
40498
40738
40739
40899
40475
40923
41054
40477
40571
41056
40661
40626
40528
40674
40482
40811
41060
40493
40751
40485
40667
41058
40529
40628
40488
40579
40684
40490
40491
41267
41062
40736
40699
40513
40754
40496
40822
41067
40925
40638
40580
40501
40831
40673
40503
40941
40817
40505
40826
40630
40507
41014
41018
40509
40976
40855
40511
40914
40871
40513
40932
40876
40515
40955
40883
40517
40929
40766
40519
40946
41070
40640
40529
40649
40523
41175
41040
40525
40828
40641
40527
41007
40846
40746
40530
40902
40940
40693
41022
40761
40990
40724
40766
40551
40683
40772
40793
40598
40774
40980
40578
40777
40600
40778
40800
40686
40657
40679
40781
40842
40671
40971
40625
40784
40814
40873
40704
41019
40549
40907
40997
40901
40680
40797
40981
40796
40797
40681
40798
40765
40961
40588
40647
40801
40756
40803
41042
40687
40736
40812
40816
40982
40768
40819
40565
40566
40934
41197
40615
40642
40671
41115
40667
40682
40571
40846
41192
40849
40853
40689
40630
40576
40728
41123
40578
40579
41513
41624
40745
40906
40582
40591
41126
40584
41004
41128
40862
41049
40587
41129
41121
40799
40975
40591
41059
41134
40860
40874
40594
40875
41156
40739
40885
40793
40872
40598
40888
41188
40773
40890
40622
40770
40644
40718
40735
40891
40858
40959
40790
40958
40607
40916
41268
40610
40898
40610
40988
41183
40753
40809
40734
40900
40904
40942
40905
40936
41158
40768
40908
40623
40933
40691
40707
40911
40961
40622
40623
41326
41405
40690
41027
40917
40945
40628
40629
40903
40912
40965
40632
40633
41110
41420
40897
40999
40636
40637
41167
40927
40802
41021
40930
40937
40641
40642
41282
41541
40644
40645
41567
41203
40647
40794
41146
40829
40937
40732
40939
40872
40938
40891
40926
40653
40818
40919
40655
40656
40947
41170
40719
40780
40954
41057
40796
40952
40712
40957
40778
40949
40816
40881
40665
40666
41189
40931
40694
40669
41039
41138
40725
40966
40673
40674
41112
40783
40805
40924
40951
40973
40678
40713
40970
40972
41076
40750
40692
40684
40685
41681
41137
40761
41001
40688
40748
40771
40806
40882
40794
40854
40835
40979
40693
40694
41401
41435
40696
40804
40948
40981
40992
40980
40982
40977
40983
40782
40985
40820
41069
40727
40960
40704
40705
41354
41424
40759
40779
40710
40988
40709
40710
41271
41423
40712
40713
41490
41368
40969
40974
40848
40974
40938
40992
40718
41002
41162
41003
41037
40924
41005
40922
41006
40756
40724
40725
41548
41511
40727
41032
41099
41053
40730
40731
40964
41245
40845
40734
40735
41438
41520
40896
40854
40897
40757
40841
40741
40742
40824
41050
40744
40745
41290
41581
40791
40833
40905
40952
40885
40772
40779
41052
41216
40978
41201
40889
41034
40861
40755
41025
41270
40769
40802
40759
41400
41507
41071
41072
41074
40763
41085
40821
40765
41297
41280
41095
40825
40864
41075
40770
41453
41284
40827
41187
41077
41260
41091
40776
41132
41289
40996
41081
41082
41181
40830
40887
40832
41086
41087
40833
41114
40875
40963
40829
41089
40823
41298
40788
41412
41309
40790
41476
41299
40792
41385
41301
41244
41143
41283
41116
41179
40837
40838
40839
41094
40840
41092
40836
41097
41098
40804
41327
41311
40841
41218
41100
40873
41102
40835
40842
41028
41090
40811
41122
41551
40843
41150
40814
41199
41521
40834
40844
41106
40818
41173
41318
41107
41177
41108
40822
41550
41322
40824
41569
41279
40826
41481
41196
40828
41274
41282
42021
40831
41371
41113
41159
41133
41262
41117
41159
41040
41137
41136
41213
41253
41266
41013
41242
40859
41104
41295
40848
41425
41333
40850
41494
41335
40860
41064
40953
41011
40971
41096
41120
40856
41523
41164
40858
41108
41341
41152
41017
41119
40863
41543
41223
41182
40866
41045
41263
40870
41019
40869
40870
41103
41349
40915
41307
41130
41176
41022
41249
40973
41024
41287
40969
41131
40879
41138
41020
40881
41292
41366
41184
40884
41455
41079
41187
40887
40893
41141
40890
41142
41144
41178
41243
40893
41422
41376
40895
41505
41382
40965
41149
41151
40899
41234
41026
40928
41154
40951
41027
40903
41391
40913
41164
41256
40907
41528
41084
40909
41381
41048
40968
41028
41160
40913
40914
41657
41408
40916
41463
41373
40935
41153
40919
40920
41319
41410
40994
40996
40923
41504
41413
41231
41064
41230
41029
41259
41426
40943
41165
40957
41168
40932
41191
41415
40934
41337
41198
41109
40995
41161
41171
41174
40940
41105
41436
41051
41172
40943
41417
41434
40945
41484
41336
41012
41227
40987
41169
41031
40950
41536
41447
41145
41080
40955
41339
41454
41015
41064
41180
41034
41163
41033
41185
41175
41186
41195
40963
41101
41156
41068
41246
41196
40967
41479
41346
41250
41157
41035
41365
41202
41018
41037
41027
41135
40976
41305
41524
40978
41480
41477
41007
41261
41220
41248
41225
41223
41006
41229
41224
40987
41247
41485
40989
41442
41482
40991
41390
41073
41111
41038
41125
41128
41127
41210
41083
40999
41188
41498
41001
41386
41500
41061
41237
41004
41398
41209
41023
41239
41241
41222
41016
41383
41010
41458
41505
41012
41362
41509
41014
41571
41526
41016
41017
41344
41315
41316
41118
41021
41207
41352
41221
41073
41025
41535
41357
41069
41155
41194
41030
41314
41472
41032
41311
41418
41139
41265
41036
41539
41457
41219
41039
41558
41206
41216
41042
41301
41514
41044
41045
41140
41638
41070
41071
41048
41049
41740
41517
41051
41279
41399
41053
41186
41124
41055
41488
41190
41057
41193
41529
41059
41435
41531
41061
41552
41533
41063
41269
41359
41066
41447
41475
41068
41323
41546
41088
41226
41148
41167
41379
41275
41277
41489
41278
41380
41283
41285
41345
41079
41080
41576
41361
41369
41474
41093
41288
41084
41085
41582
41549
41254
41348
41292
41294
41320
41452
41203
41119
41467
41297
41302
41093
41303
41763
41291
41304
41165
41527
41308
41493
41147
41394
41310
41453
41419
41444
41101
41312
41443
41103
41495
41597
41105
41627
41598
41313
41367
41278
41317
41320
41110
41372
41421
41328
41329
41113
41114
41606
41387
41201
41202
41330
41331
41255
41356
41353
41559
41152
41296
41338
41122
41212
41621
41124
41125
41800
41343
41260
41496
41184
41450
41208
41200
41211
41350
41409
41132
41393
41609
41355
41540
41496
41532
41334
41468
41347
41359
41324
41205
41140
41461
41637
41370
41377
41360
41446
41338
41375
41182
41351
41257
41330
41147
41375
41709
41228
41378
41150
41646
41471
41296
41499
41649
41336
41384
41388
41438
41236
41451
41204
41392
41468
41177
41214
41215
41400
41465
41258
41449
41238
41414
41300
41395
41416
41166
41340
41673
41259
41427
41432
41170
41428
41386
41414
41430
41173
41566
41661
41328
41409
41216
41439
41522
41217
41321
41445
41331
41448
41456
41491
41345
41508
41459
41235
41482
41312
41342
41460
41444
41213
41360
41190
41191
41721
41688
41193
41429
41752
41251
41466
41281
41464
41682
41198
41199
41614
41954
41204
41233
41252
42021
41443
41206
41207
41788
41802
41209
41210
41586
41473
41212
41433
41730
41272
41363
41541
41348
41394
41317
41364
41232
41273
41397
41470
41286
41302
41332
41519
41295
41538
41483
41294
41346
41286
41313
41227
41228
41487
41719
41309
41440
41469
41484
41232
41240
41704
41462
41478
41235
41236
41932
41915
41238
41389
41431
41240
41276
41733
41441
41503
41264
41501
41469
41506
41285
41350
41246
41247
41516
41696
41329
41448
41315
41518
41251
41335
41625
41308
41462
41254
41255
41986
41829
41257
41258
41817
41889
41402
41306
41356
41537
41263
41264
41859
42037
41351
41396
41298
41542
41268
41269
41374
41715
41271
41358
41687
41273
41274
42012
41750
41276
41655
41921
41390
41665
41574
41658
41281
41927
41775
41654
41325
41993
41575
41737
41415
41553
41536
41579
41290
41610
41760
41324
41580
41293
41782
41855
41708
41429
41611
41648
41502
41300
41965
41785
41670
41660
41347
41589
41305
41781
41789
41321
41728
41408
41555
41591
41896
41352
41592
41593
41769
41693
41404
41600
41601
41470
41526
41603
41319
41662
41411
41666
41767
41323
42048
41804
41681
41326
41850
41406
41515
41594
41605
41685
41738
41645
41401
41639
41334
41814
41812
41634
41746
41407
41613
41615
41530
41616
41434
41612
41342
41666
41818
41557
41827
41563
41601
41623
41743
41701
41726
41559
41597
41626
41699
41644
41354
41992
41840
41385
41724
41632
41358
41909
41845
41717
41756
41362
41578
41851
41364
41751
41853
41368
41560
41367
41855
41848
41492
41513
41580
41371
41860
41607
41384
41640
41374
41695
41716
41768
41377
41912
41868
41379
41847
41403
41381
41773
41741
41383
41669
41562
41712
41672
41628
41540
41608
41564
41652
41534
41650
41655
41437
41656
41393
41995
41874
41631
41396
41979
41887
41398
42001
41587
41565
41659
41663
41619
41403
41404
42092
41892
41406
41407
42119
41870
41686
41590
41411
41412
42207
41895
41488
41786
41567
41688
41417
41525
41907
41419
41595
41908
41421
41422
41641
41910
41442
41687
41425
41840
41844
41472
41564
41456
41913
41486
41629
41674
41431
41432
41651
41914
41443
41947
41675
41618
41437
41599
41917
41572
41495
41705
41441
41923
41918
41727
42172
41446
42043
41930
41642
41691
41450
41953
41937
41452
41832
41938
41585
41455
41617
41577
41707
41458
41759
41668
41481
41739
41461
41835
41944
41700
41556
41694
41465
41776
41949
41467
41831
41683
41633
41729
41725
41542
41602
41706
41474
41588
41963
41476
41643
41964
41478
41703
41966
41512
41711
41483
41702
41714
41692
41545
41713
41486
41698
42006
41510
41718
41720
41500
41722
41491
41492
41962
42003
41494
41826
41635
41731
41497
41728
41922
41499
41756
42014
41630
41570
41604
41568
41732
41504
41988
41980
41667
41520
41735
41508
41886
42019
41510
41852
42024
41512
41664
42025
41624
41515
41671
42028
41547
41697
41544
41742
41519
41903
42010
41573
41522
41956
41958
41524
41525
41790
42214
41969
41548
41596
41583
41676
41530
41754
42033
41532
41620
41991
41534
42050
41977
41554
41755
41757
41538
41778
41924
41561
41758
41761
41654
41766
41544
41545
41960
42044
41547
41805
42026
41664
41550
41584
42047
41552
41879
42049
41554
42041
42051
41556
41920
41779
41558
42013
41787
41647
41561
42005
41836
41563
41900
41854
41622
41566
42023
41880
42021
41569
41809
41901
41571
42055
41999
41573
41653
42202
41772
41794
41774
41833
41577
41578
42182
42355
41765
41940
41677
41676
41760
41583
41584
41877
42065
41968
42035
41587
41588
42269
42191
41764
41890
41783
41791
41792
41825
41863
42035
41594
41595
41793
42074
41673
41807
41678
41599
41690
42078
41706
41971
41679
41680
41799
41794
41801
42039
42040
41784
41916
41607
41608
42083
42031
41610
41875
41905
41777
42015
41810
41816
41614
41819
41955
41777
41820
41617
41821
42180
41619
41620
41857
42102
41864
41879
41822
41824
41774
42020
41681
41636
41830
41791
41833
41689
41838
41629
41630
41841
41934
41710
41897
41815
41843
41813
41933
41635
41636
42338
42459
41638
41945
41859
41856
42011
41641
41861
41911
41643
41757
42121
41802
41862
41865
41929
41680
41682
41872
41928
41873
41926
41683
41838
41651
41878
42152
41653
41823
42128
41749
41952
41657
41941
41686
41659
41901
41885
41873
42018
41662
41881
42208
41886
41950
41808
41723
41894
41898
41668
41669
42105
41899
41671
41672
42161
41858
41811
41753
41924
41842
41907
41684
41781
41963
41731
41872
41797
41902
41771
41714
42171
41876
41906
41867
41916
41919
41770
41948
41690
41951
42158
41865
41867
41891
41931
41849
41925
41695
41974
42217
41697
41698
41866
42124
41739
41985
41792
41967
41828
41957
41703
42046
42088
41734
42030
41803
41958
41824
41798
41961
41745
41782
41710
41888
42142
41744
42058
41748
41806
41747
41970
41771
41716
41717
42216
41957
41719
42060
41846
41721
42053
41948
41723
41936
42185
41762
42008
41998
42000
41893
41897
41891
42009
41975
41736
41970
41864
41997
41982
41766
42016
41734
41990
42126
41736
42236
42203
41925
42018
41839
41929
41883
41741
41742
42212
41989
41744
41745
42492
42354
41747
41748
42376
42444
41750
41751
42012
42141
41753
41754
42486
42522
41909
42036
41994
41996
41759
41796
42106
41904
41762
42032
42231
41764
41765
42373
42509
42002
41780
42042
41820
41888
41937
41947
41845
42009
41882
41773
42286
42451
42115
41776
42410
42255
42167
41815
42063
41973
42260
41975
42062
42068
42072
41784
42363
42265
41978
42082
41976
41980
41788
42195
42080
41790
42069
42275
42174
42170
42029
42073
41795
42277
42282
41837
42076
41854
42071
41981
42225
41884
42002
41827
42172
41853
42215
42080
41982
42227
41805
42438
42495
41861
42187
41808
42331
42210
42017
42177
41811
42305
42330
41813
42091
42300
41844
42090
42095
41842
42096
41839
42114
41834
42098
41871
42086
42100
42034
42101
41823
42313
42297
42184
41826
42439
42315
42061
41890
42221
41843
42110
41831
42320
42248
41959
42111
42113
41835
42519
42324
41837
42454
42326
41972
42155
42097
41935
42007
42116
42149
42108
42150
41847
42482
42093
41849
42440
42339
41946
42118
41852
42357
42335
42362
42288
42077
41857
42406
42103
42008
42162
42038
41869
42084
42120
41863
42296
42346
42075
42132
42027
42123
42125
41869
42394
42349
41871
42341
42351
42099
42147
41875
42229
42359
41877
42397
42066
41977
42243
42127
41881
42403
42479
41883
41884
42135
42365
42022
42178
42130
41985
42268
42133
41984
42114
42136
42109
41971
42094
41986
42139
41952
42140
41896
42209
41983
42222
41939
42098
41900
42107
42289
42176
41903
42261
42387
41905
41906
42360
42627
42169
42146
42153
42148
41911
41912
42342
42393
41914
41981
42152
41959
42183
42154
41942
42079
41987
42144
41920
41943
42343
41990
42129
41991
42145
41983
42143
42064
42230
41927
42390
42409
41992
42309
42157
41994
42483
41932
42317
42183
41995
42199
41935
41936
42414
42352
42484
41939
42112
42418
41996
42189
41942
41943
42421
42597
41945
42325
42401
41993
42160
41997
42041
41950
42256
42426
41972
42165
42129
41984
42431
41955
41956
42087
42423
42218
42179
42213
41989
42045
41962
42379
42004
42190
41965
42122
42294
41967
42089
42443
41993
42168
41998
41999
42175
42197
42138
41974
42512
42449
42164
42053
42193
42070
41979
42532
42267
42441
42196
42117
42201
42156
42134
42110
41988
42545
42477
42205
42211
42104
42226
42232
42228
42131
42487
42200
42461
42001
42273
42270
42206
42004
42005
42694
42453
42007
42310
42435
42151
42188
42011
42388
42462
42030
42056
42194
42015
42232
42464
42017
42263
42469
42137
42020
42368
42475
42023
42547
42402
42059
42336
42057
42210
42027
42496
42318
42029
42163
42488
42141
42032
42085
42490
42034
42524
42493
42234
42052
42219
42038
42039
42401
42497
42054
42081
42233
42043
42526
42515
42045
42046
42428
42516
42048
42067
42437
42050
42279
42369
42052
42252
42520
42233
42055
42385
42542
42061
42344
42058
42383
42506
42060
42507
42481
42146
42473
42525
42064
42254
42485
42066
42067
42629
42718
42069
42192
42601
42262
42369
42261
42264
42276
42283
42074
42278
42153
42280
42517
42281
42474
42283
42440
42079
42159
42471
42513
42291
42498
42285
42294
42084
42085
42295
42570
42087
42541
42424
42089
42433
42577
42091
42514
42580
42093
42094
42554
42302
42337
42407
42304
42306
42108
42226
42237
42117
42308
42311
42371
42181
42312
42103
42104
42590
42452
42106
42107
42474
42604
42386
42299
42316
42238
42112
42458
42595
42321
42328
42239
42328
42476
42332
42505
42334
42119
42417
42341
42342
42457
42122
42131
42591
42124
42537
42310
42345
42398
42241
42348
42279
42280
42253
42361
42240
42368
42427
42293
42345
42370
42371
42419
42135
42530
42366
42372
42500
42374
42413
42171
42173
42224
42307
42186
42323
42241
42223
42419
42144
42380
42411
42164
42405
42172
42389
42413
42150
42220
42391
42407
42392
42396
42408
42242
42400
42266
42398
42319
42395
42399
42404
42370
42395
42159
42166
42617
42284
42416
42162
42163
42422
42611
42420
42166
42287
42656
42311
42412
42235
42284
42214
42332
42358
42430
42247
42249
42287
42322
42363
42204
42375
42177
42178
42447
42432
42298
42425
42181
42182
43114
42356
42258
42198
42313
42186
42353
42675
42446
42456
42299
42392
42292
42511
42191
42192
42271
42736
42251
42548
42195
42465
42679
42244
42442
42198
42303
42557
42301
42466
42272
42468
42257
42455
42236
42253
42204
42246
42672
42212
42429
42263
42367
42208
42209
42478
42455
42381
42333
42348
42451
42259
42458
42275
42282
42535
42217
42218
42450
42364
42220
42504
42973
42364
42499
42223
42224
42957
42955
42377
42378
42501
42298
42434
42229
42467
42692
42340
42374
42408
42491
42508
42250
42235
42347
42704
42245
42418
42518
42307
42391
42319
42404
42323
42333
42362
42243
42244
42314
42623
42246
42274
42610
42248
42249
42594
42871
42251
42252
42827
42763
42684
42337
42682
42256
42716
42728
42380
42911
42259
42717
42922
42343
42527
42550
42314
42705
42551
42290
42552
42266
42726
42835
42268
42699
42529
42270
42271
42939
42737
42273
42998
42940
42684
42929
42600
42354
42559
42286
42560
42489
42553
42561
42659
42327
42562
42563
42690
42706
42531
42607
42565
42558
42289
42290
42606
42739
42384
42664
42293
42743
42742
42613
42350
42569
42513
42567
42361
42574
42575
42584
42301
42581
42748
42303
42556
42752
42305
42751
42753
42505
42582
42583
42309
42647
42502
42708
42609
42494
42586
42587
42624
42338
42573
42317
42765
42717
42536
42855
42592
42460
42593
42322
42770
42759
42670
42325
42978
42771
42327
42899
42772
42329
42770
42934
42331
42754
42382
42576
42652
42434
42596
42336
42778
42538
42631
42655
42340
42762
42779
42614
42703
42599
42400
42465
42608
42347
42568
42789
42534
42350
42833
42792
42540
42616
42353
42415
42790
42677
42356
42357
43208
42786
42439
42603
42360
42693
42713
42688
42533
42654
42669
42366
42367
42722
42799
42685
42686
42711
42644
42373
42908
42510
42633
42376
42965
42445
42442
42622
42379
42805
42695
42666
42382
42383
43000
42818
42385
42905
42996
42503
42514
42388
42823
42820
42390
42853
42825
42680
42707
42394
42703
42832
42697
42422
42634
42628
42630
42632
42543
42659
42553
42671
42403
42851
42841
42691
42452
42638
42463
42637
42641
42651
42410
42826
43097
42544
42817
42464
42642
42648
42415
42436
42854
42417
42794
42615
42626
42673
42473
42639
42472
42598
42650
42424
42425
42775
42860
42427
42729
42787
42429
42658
42868
42443
42661
42484
42543
42448
42546
42516
42635
42663
42436
42710
42877
42438
42720
42882
42572
42674
42477
42548
42625
42578
42445
42446
43138
42892
42448
42470
42621
42450
42620
42669
42566
42687
42454
42696
42898
42480
42457
42926
42865
42678
42460
42655
42914
42468
42542
42463
42820
42912
42640
42646
42467
42782
42921
42698
42470
42886
42924
42472
42618
42927
42649
42605
42476
42907
42933
42888
42479
42480
42842
42936
42482
42702
42555
42515
42549
42487
42486
42683
42523
42517
42489
42612
42944
42491
42733
42947
42506
42677
42494
42983
42942
42496
42883
42949
42498
42671
42950
42500
42891
42952
42502
42503
42807
42956
42521
42585
42700
42579
42539
42701
42549
42640
42510
42511
43119
42959
42528
42619
42679
42571
42821
42658
42543
42519
42761
42977
42521
42764
42980
42523
42524
43098
42982
42526
42885
42918
42528
42903
42984
42530
42917
42721
42532
42810
42699
42534
42535
42653
42735
42537
42874
42709
42539
42988
42767
42541
42990
42774
42881
42545
42876
42964
42547
42809
42850
42668
42665
42823
42856
42801
42886
42725
42856
42712
42555
42556
43059
43176
42588
42849
42730
42873
42731
42837
42564
42724
42686
42979
42734
42783
42564
42735
43024
42566
42732
42869
42568
42894
43021
42570
42791
42733
42744
42909
42573
42796
43101
42589
42745
42862
42974
42602
42727
42578
42636
42971
42749
42819
42581
42744
43155
42750
42900
42755
42970
42756
42812
42757
42995
42758
42931
42588
42589
43211
43207
42637
42687
42613
42742
42766
42923
42594
42768
42872
42626
42932
42647
42769
42598
42599
42776
42901
42601
42602
42738
43310
42662
42795
42605
42606
42783
42740
42824
42857
42784
42785
42643
42777
42672
42930
42612
42650
43111
42824
42615
42616
43038
42803
42618
42657
43081
42620
42814
42890
42808
42925
42804
42811
42624
42625
42813
42802
42887
42630
42713
42629
42840
42719
42645
42822
42834
42785
42835
42780
42815
42836
42893
42636
42806
43105
42747
42639
42723
42843
42660
42681
42822
42643
42845
43073
42777
42846
42839
42848
42712
42715
42838
42816
42852
42844
42884
42859
42797
42836
42653
42863
43018
42726
42760
43085
42657
42730
43086
42667
42979
42830
42845
42662
42972
43089
42875
42974
42867
42951
42830
42879
42817
42880
42806
42870
42828
42997
42889
42676
42863
42771
42946
42846
42895
42762
42896
42676
42897
43060
42714
42910
42948
42715
42681
42970
43125
42683
42967
43134
42689
42788
42906
42935
42831
42689
42746
43141
42837
42896
42923
42938
42693
42954
43080
42695
42696
43175
43391
42766
42969
42958
42961
42962
42727
42963
42702
42966
43058
42864
42916
42968
42935
42937
42798
42968
42756
42976
42709
42710
43128
43253
42784
42969
42945
42847
42731
42749
42894
43097
43329
43076
42719
42720
43216
43164
42722
43293
42800
42831
43007
42732
43010
42741
42999
43014
43084
42729
43330
43172
43023
43145
43046
43003
42773
43186
43018
42737
42738
42941
43187
42740
42741
43053
43429
43011
42960
43012
43026
42746
43206
43197
42913
43028
42781
43156
43031
42751
43250
43204
42849
43178
42754
43205
43001
42955
43032
43033
42981
43034
42943
43019
42760
43209
43183
42887
43036
43041
42764
42829
43219
42812
43042
43043
42966
43272
42915
43017
42875
43015
43048
43049
42773
43351
43227
42775
43247
42861
42902
42928
43051
42786
42986
42780
43233
43225
42782
43301
43234
43053
43055
43151
43208
42788
43173
43241
42916
43022
42897
43054
42793
43052
42793
43288
43236
42798
43039
42796
43318
43199
42947
43056
43057
42800
42801
43467
43257
42811
43009
42989
43040
42805
43262
43174
43068
42838
43062
42809
43267
43263
42858
43063
43065
43117
42937
43009
42985
43066
42816
43226
43170
42919
42819
43002
43275
43130
42879
42918
43069
43075
43013
42826
43303
43281
42828
42829
43230
43490
43108
43028
42833
42866
43287
42967
43378
43071
43240
43083
43088
42840
43422
43217
42842
43283
43157
42844
43008
43295
43078
43090
42848
43080
43297
43077
42851
43264
43284
42853
43171
43302
42878
43054
42949
42993
43079
42858
43395
43309
42893
43112
42861
42862
43514
43296
43029
42865
42866
43136
43517
42904
43072
42869
42870
43047
43315
42872
42873
43331
43188
42994
43127
43091
42920
43092
42878
43255
43324
43153
42992
43095
42961
42996
42883
43165
43322
42885
43320
43332
43005
43123
42964
42997
42890
42891
43260
43338
42991
43140
43107
43147
42957
43387
43110
43146
42899
43393
43350
42963
43215
42902
42903
43352
43347
42905
43235
43423
42907
43242
43536
42953
43118
42956
43115
42932
43121
42936
42992
42913
43132
43334
42915
43313
43361
43045
42962
43124
43333
42920
43096
43364
42954
43223
42948
43129
43133
42925
43006
43368
42991
43135
42928
43082
43228
42930
43142
43363
42987
43114
43137
42934
43344
43374
43249
43157
43122
42979
43152
42940
42941
43312
43187
42943
43407
43345
42945
43113
43148
42965
43162
43004
43027
43323
42951
43049
43382
42953
43327
43385
43144
43120
43062
43120
42963
42998
42960
43311
43389
43215
43064
43109
43093
43143
43044
43070
43158
43159
42972
43106
43397
42976
42995
42975
43321
43402
43030
42978
43037
43224
42981
43220
43185
42983
43099
43406
42985
43348
43408
42987
42988
43020
43410
42990
43415
43246
43163
43094
42994
43425
43278
43016
43376
43050
43084
43305
43366
43001
43002
43593
43749
43004
43052
43194
43006
43258
43431
43008
43182
43433
43067
43025
43167
43012
43013
43169
43166
43184
43195
43088
43427
43030
43035
43180
43331
43102
43020
43289
43443
43022
43149
43189
43191
43371
43025
43192
43735
43116
43193
43196
43299
43103
43061
43102
43200
43201
43276
43160
43203
43200
43259
43035
43413
43459
43037
43179
43450
43039
43040
43401
43210
43233
43261
43076
43356
43221
43360
43222
43367
43190
43280
43047
43168
43582
43209
43375
43224
43229
43306
43074
43319
43232
43277
43150
43245
43304
43239
43248
43238
43251
43059
43252
43177
43061
43294
43479
43100
43064
43404
43265
43270
43328
43260
43271
43273
43328
43316
43339
43126
43381
43251
43280
43195
43394
43243
43384
43074
43292
43576
43131
43231
43129
43212
43214
43292
43298
43231
43305
43307
43082
43087
43509
43308
43370
43312
43101
43313
43087
43191
43570
43256
43317
43398
43314
43319
43321
43388
43109
43326
43139
43269
43202
43379
43096
43380
43558
43282
43099
43134
43548
43256
43337
43104
43192
43181
43335
43199
43512
43106
43339
43551
43340
43399
43298
43342
43306
43261
43308
43112
43113
43341
43501
43208
43116
43337
43539
43259
43355
43119
43357
43311
43154
43299
43358
43273
43359
43137
43349
43266
43293
43126
43161
43498
43128
43274
43254
43290
43131
43132
43716
43772
43152
43360
43367
43136
43336
43518
43343
43139
43140
43542
43372
43142
43198
43566
43252
43291
43307
43418
43201
43370
43294
43377
43148
43149
43503
43769
43325
43377
43304
43394
43249
43342
43426
43203
43396
43156
43193
43286
43202
43221
43245
43160
43161
43813
43719
43268
43363
43373
43405
43165
43218
43839
43395
43434
43168
43597
43699
43390
43434
43171
43643
43690
43173
43740
43602
43175
43659
43392
43177
43178
43474
43411
43349
43579
43362
43437
43182
43743
43688
43184
43696
43610
43412
43713
43277
43439
43310
43371
43555
43190
43771
43682
43453
43480
43585
43248
43457
43445
43290
43446
43198
43614
43618
43802
43461
43449
43285
43526
43205
43471
43601
43207
43448
43213
43496
43414
43454
43212
43213
43718
43793
43411
43508
43416
43217
43218
43676
43867
43220
43492
43712
43556
43400
43451
43234
43417
43383
43226
43647
43642
43419
43681
43353
43510
43230
43721
43491
43557
43237
43457
43458
43656
43244
43460
43237
43698
43649
43401
43574
43240
43463
43399
43242
43603
43652
43244
43829
43654
43452
43247
43613
43515
43447
43359
43428
43469
43473
43506
43254
43255
43487
43661
43738
43258
43468
43664
43565
43488
43534
43270
43481
43264
43483
43668
43266
43628
43672
43369
43482
43269
43674
43667
43525
43409
43484
43403
43410
43485
43279
43486
43276
43680
43666
43429
43279
43730
43684
43541
43282
43724
43686
43284
43285
43669
43692
43300
43587
43288
43519
43697
43346
43493
43702
43403
43495
43497
43575
43561
43320
43549
43402
43516
43421
43505
43507
43616
43301
43768
43722
43303
43691
43723
43560
43573
43572
43505
43553
43420
43569
43312
43440
43511
43387
43476
43316
43582
43785
43318
43679
43830
43472
43581
43500
43323
43810
43424
43325
43663
43733
43365
43523
43338
43521
43529
43330
43687
43739
43555
43333
43533
43426
43335
43766
43742
43405
43530
43532
43488
43524
43341
43599
43502
43538
43358
43535
43536
43604
43346
43816
43753
43348
43354
43754
43568
43351
43799
43758
43353
43354
43832
43939
43356
43788
43703
43386
43441
43540
43444
43444
43362
43513
43761
43438
43365
43559
43764
43489
43545
43546
43369
43432
43773
43544
43550
43373
43543
43779
43375
43605
43741
43416
43423
43554
43381
43400
43380
43694
43777
43527
43383
43384
43450
43789
43386
43522
43638
43396
43427
43520
43390
43442
43794
43392
43393
43873
43798
43466
43578
43430
43398
43552
43807
43435
43456
43454
43462
43499
43420
43583
43584
43407
43625
43815
43409
43755
43817
43443
43475
43413
43627
43607
43415
43821
43612
43428
43418
43827
43633
43439
43564
43455
43422
43757
43675
43436
43425
43648
43729
43751
43504
43436
43489
43478
43594
43432
43665
43963
43549
43689
43588
43465
43598
43460
43592
43725
43567
43796
43489
43441
43442
43635
43847
43494
43537
43611
43620
43615
43622
43464
43623
43614
43624
43617
43626
43580
43547
43631
43636
43732
43637
43710
43589
43640
43791
43528
43630
43590
43646
43806
43461
43608
43470
43600
43632
43748
43464
43465
44048
44044
43621
43760
43468
43575
43882
43470
43471
43655
43886
43477
43577
43657
43658
43475
43506
43819
43477
43478
44078
44064
43480
43562
43781
43659
43727
43483
43670
43893
43563
43671
43537
43644
43487
43677
43662
43563
43491
43492
44115
43999
43494
43822
43499
43701
43836
43695
43705
43651
43706
43707
43737
43711
43632
43700
43502
43503
44111
43770
43776
43934
43591
43701
43660
43706
43717
43840
43510
43571
43715
43512
43513
43645
43922
43515
43516
43981
43747
43518
43519
43531
43883
43700
43775
43522
43606
43926
43572
43708
43728
43786
43726
43736
43594
43678
43528
43737
43972
43644
43736
43531
43838
43884
43714
43744
43581
43811
43746
43805
43568
43750
43653
43556
43660
43837
43586
43744
43759
43792
43658
43683
43543
43667
43950
43617
43634
43731
43763
43547
43548
43858
43625
43782
43595
43637
43552
43728
43863
43634
43746
43734
43767
43592
43732
43752
43784
43559
43778
43953
43636
43760
43562
43767
43943
43606
43673
43763
43600
43787
43567
43619
43942
43609
43578
43790
43571
43710
43958
43720
43731
43752
43596
43657
43801
43577
43651
43966
43709
43580
43800
43789
43629
43745
43628
43641
43780
43809
43586
43587
43979
43803
43709
43795
43596
43820
43623
43650
43633
43756
43595
43601
43952
43841
43932
43920
43797
43843
43599
43986
44163
43969
43888
43603
44016
43989
43605
44050
43991
43984
43608
43852
43995
43800
43879
43611
43998
43993
43613
44213
43982
43917
43616
44014
43759
43925
43619
43919
44006
43621
43994
44010
43704
43854
43855
43793
43856
43857
43666
43860
43834
43851
43861
43782
43862
43631
44221
44002
43967
43881
43876
43639
43848
43871
43956
43639
43927
44030
43641
44161
44032
43643
44037
44034
43987
43812
43923
43647
44212
44036
43814
43877
43650
44099
44029
43872
43653
43990
44049
43655
44054
43887
43722
43826
43889
43965
43874
43895
43662
43663
43903
44061
43665
44046
44223
43842
43944
43669
43894
43693
43774
43896
43818
43892
43801
43899
43825
43891
43796
43890
43676
44156
43868
43685
43902
43813
44081
43808
43880
43749
43866
43758
43825
43683
44088
44021
43685
44123
44089
43687
44118
44091
43689
44141
44043
43691
44035
44093
43693
43694
44290
44095
43696
44059
44318
43698
43885
44098
43745
43844
43910
43898
43703
43704
44152
44103
43741
43870
43913
43719
43914
43765
43911
43915
43962
43824
43835
43713
44000
43833
43916
44134
43831
43959
43784
43853
43718
44073
43907
43865
43721
43912
44114
43948
43724
44094
44117
43762
43921
43727
44119
44116
43929
43730
43878
44122
43933
44162
43734
44063
44128
43781
43797
43931
44135
43934
44134
43740
44092
44016
43992
43743
44160
44140
43846
43938
43909
43748
43983
44144
43952
43792
43935
43811
43837
43936
43823
44206
43755
43941
44142
43757
44009
44155
44120
43908
43850
43762
43924
44452
43976
43765
43954
44164
43772
43945
43946
43804
43947
43770
43771
44111
44324
43853
43774
43964
44170
43776
44199
44172
43778
44096
44174
43780
43951
44176
43975
43783
44043
44181
43973
43786
43938
44196
43788
44210
44153
43828
43791
44169
44193
44086
43907
43795
43849
44121
43957
43901
43799
43875
44298
43949
43845
43812
43830
43804
43980
44207
43806
44198
44211
43808
43864
44214
43838
43906
43814
43839
43971
44150
43865
44025
43816
43859
44217
43818
44143
44226
43840
43898
43821
44057
44258
43823
43824
44020
44132
43960
43827
44147
44023
43829
43949
44052
43937
43832
44126
43940
43834
44179
44101
43836
44017
44108
43961
43904
43869
43900
44069
44225
43866
44218
43844
44071
44216
43882
44047
43997
44112
43848
43849
44001
44237
44011
44026
43852
44004
44240
43928
44008
44097
44005
44012
43918
44013
43858
43859
44003
44315
44167
44219
43899
44033
43971
44018
43864
43930
44362
43970
44195
43868
43869
44231
44024
44059
44139
44026
44027
44022
44028
43874
43875
44187
44359
44039
44087
43878
44183
44256
43935
44041
43937
44042
44023
44180
44046
43884
43885
43905
44264
43887
43888
44351
44201
44051
44202
43944
44058
43977
44060
43984
44065
43894
43897
44291
44067
44158
43897
44068
44346
43985
44110
44015
44072
44070
44074
43903
44075
44062
43905
44077
44283
44076
44177
44082
43988
44085
44087
44367
43968
44194
43912
44100
44332
44028
44067
44105
44136
44106
44168
43997
44192
43918
43919
44482
44474
44051
44056
43932
44113
43923
43924
44189
44524
44038
44167
43927
44124
44299
43974
44055
43930
44228
44311
44019
44125
44130
43978
44133
44138
44185
44133
44149
44151
44222
43940
43941
44303
44521
43957
44007
43975
44157
44159
44055
44160
44129
44157
43948
44166
44146
44040
43951
44159
44330
43955
43954
44175
44338
44195
44201
44131
44173
44197
43959
44066
44203
44186
44200
44158
44205
44066
44173
43964
44224
44308
44107
44202
44022
44079
43968
44145
44305
43996
44209
44105
44127
44205
44137
44220
43974
44149
44295
44074
43977
43978
44556
44586
43980
44112
44266
43982
43983
44417
44589
44124
44015
44109
44045
44238
44019
44162
44014
44364
43990
44383
44584
43992
44433
44139
43994
44531
44385
43996
44242
44387
44286
44318
44530
44000
44278
44178
44031
44236
44003
44578
44389
44102
44239
44048
44243
44007
44394
44381
44014
44517
44180
44234
44011
44386
44439
44029
44245
44084
44312
44244
44366
44132
44249
44181
44248
44404
44230
44251
44107
44253
44254
44354
44025
44233
44182
44270
44162
44405
44255
44471
44031
44300
44413
44033
44478
44415
44035
44421
44418
44037
44572
44420
44039
44495
44422
44041
44053
44259
44215
44260
44261
44045
44263
44357
44276
44110
44262
44263
44050
44585
44432
44306
44053
44054
44505
44434
44314
44057
44494
44436
44197
44268
44269
44200
44271
44062
44063
44281
44424
44069
44080
44227
44272
44274
44310
44171
44277
44279
44071
44487
44447
44073
44377
44083
44294
44090
44280
44077
44453
44449
44079
44080
44520
44454
44127
44225
44083
44084
44661
44455
44086
44247
44184
44343
44238
44324
44090
44493
44457
44092
44480
44459
44094
44419
44461
44096
44292
44464
44104
44284
44099
44265
44488
44165
44285
44102
44547
44443
44104
44154
44469
44349
44121
44287
44288
44109
44250
44393
44350
44163
44329
44148
44293
44115
44334
44278
44187
44297
44118
44462
44479
44125
44296
44186
44298
44301
44123
44257
44492
44322
44337
44204
44302
44304
44129
44426
44498
44131
44293
44500
44251
44368
44190
44136
44137
44553
44502
44172
44191
44307
44141
44384
44503
44143
44523
44506
44145
44591
44509
44147
44326
44510
44452
44597
44321
44151
44188
44313
44153
44154
45303
44861
44156
44235
44232
44282
44320
44328
44336
44193
44323
44324
44165
44339
44536
44208
44325
44327
44169
44396
44473
44171
44309
44540
44361
44370
44175
44465
44542
44177
44331
44544
44179
44379
44546
44317
44352
44183
44567
44402
44185
44428
44410
44375
44372
44189
44625
44525
44191
44192
44682
44513
44289
44199
44491
44340
44228
44252
44341
44367
44429
44344
44335
44345
44360
44204
44275
44559
44319
44217
44229
44208
44267
44561
44210
44388
44570
44212
44430
44571
44258
44416
44215
44363
44573
44222
44448
44316
44219
44549
44575
44221
44601
44577
44252
44224
44569
44579
44353
44227
44507
44581
44273
44230
44535
44550
44232
44233
44766
44566
44235
44602
44767
44237
44399
44301
44253
44241
44596
44241
44242
44789
44786
44246
44391
44392
44393
44246
44395
44606
44365
44397
44319
44398
44250
44400
44760
44371
44342
44356
44407
44408
44407
44409
44257
44403
44619
44437
44401
44410
44313
44427
44504
44558
44276
44564
44431
44265
44283
44636
44267
44467
44639
44328
44568
44438
44518
44412
44439
44477
44555
44322
44440
44441
44456
44275
44442
44725
44569
44347
44605
44379
44445
44481
44281
44446
44425
44294
44499
44450
44463
44603
44333
44466
44435
44514
44396
44468
44358
44390
44473
44541
44291
44292
44348
44719
44527
44487
44451
44486
44297
44533
44374
44359
44300
44747
44683
44539
44303
44376
44522
44475
44485
44490
44496
44489
44497
44438
44594
44309
44580
44674
44409
44529
44380
44456
44483
44508
44626
44486
44515
44316
44389
44534
44355
44516
44518
44528
44528
44529
44369
44451
44710
44478
44554
44326
44411
44715
44495
44576
44538
44435
44467
44331
44538
44712
44333
44334
44979
44696
44472
44476
44384
44515
44406
44532
44339
44543
44706
44378
44548
44382
44519
44441
44552
44423
44511
44361
44557
44351
44378
44347
44348
44958
44720
44444
44475
44415
44563
44434
44558
44565
44445
44485
44355
44510
44692
44357
44358
44693
44982
44372
44390
44497
44756
44363
44380
44757
44365
44583
44762
44383
44460
44512
44369
44588
44749
44442
44501
44400
44551
44373
44374
44375
44677
44472
44560
44675
44392
44609
44608
44695
44650
44382
44615
44778
44731
44764
44386
44915
44738
44388
44795
44753
44630
44700
44431
44804
44612
44607
44474
44614
44592
44613
44616
44428
44728
44565
44611
44414
44610
44618
44505
44689
44403
44963
44781
44405
44406
44412
44624
44729
44520
44673
44621
44698
44562
44622
44623
44414
44684
44805
44617
44417
44835
44590
44419
44813
44810
44421
44968
44812
44423
44799
44814
44425
44426
44652
44816
44574
44647
44628
44430
44794
44821
44693
44433
44785
44593
44629
44742
44437
44664
44834
44740
44737
44582
44643
44645
44705
44595
44771
44553
44648
44649
44458
44651
44448
44783
44552
44450
44654
44637
44656
44526
44545
44653
44481
44655
44508
44657
44658
44458
44880
44853
44460
44867
44855
44462
44811
44857
44470
44665
44465
44721
44830
44537
44667
44668
44539
44670
44470
44861
44634
44488
44592
44678
44874
44484
44708
44477
44870
44864
44644
44480
44858
44866
44722
44483
44484
44836
44868
44717
44694
44755
44638
44494
44662
44491
44681
44599
44493
44620
44879
44663
44680
44509
44685
44687
44499
44818
44825
44501
44679
44787
44600
44642
44504
44765
44884
44629
44507
44910
44895
44770
44641
44714
44512
44815
45000
44514
44699
44898
44672
44602
44889
44583
44603
44701
44568
44736
44655
44522
44523
44676
44908
44525
44526
44627
44881
44598
44679
44709
44769
44531
44894
44914
44533
44945
44802
44535
44632
44917
44537
44707
44919
44744
44610
44604
44751
44554
44718
44543
44831
44921
44545
44713
44928
44547
44697
44929
44549
44690
44930
44551
44918
44911
44772
44642
44646
44556
44939
44587
44599
44733
44734
44560
44727
44950
44562
44640
44953
44564
44977
44703
44633
44567
44768
44962
44730
44702
44752
45303
44572
44822
44967
44574
44759
44969
44576
44931
44937
44578
44876
44631
44580
44704
44971
44582
44896
44973
44901
44585
44900
44904
44587
44588
44988
44975
44590
44591
45323
44641
44820
44594
44933
44792
44596
44892
44827
44598
44883
44841
44711
44601
44873
44875
44748
44635
44605
44852
44905
44926
44952
44761
44784
44629
44688
44661
44808
44774
44709
44927
44784
44807
44788
44952
44615
44791
45102
44671
44912
44644
44976
44797
44964
44620
44782
45088
44801
44946
44803
44943
44624
44739
44944
44626
44627
44800
44882
44698
44956
44631
44632
45202
45179
44735
44936
44754
44823
44666
44902
44637
44638
45004
44819
44640
44669
45018
44957
44732
44775
44916
44833
44659
44773
44832
44838
44800
44840
44829
44842
44724
44809
44660
44758
44652
44843
44817
44654
44942
45005
44691
44750
44849
44661
44844
44659
44660
45367
45252
44847
44850
44664
44851
45025
44666
44824
45026
44826
44980
44669
44743
45016
44671
44924
45027
44859
44890
44837
44860
44751
44972
44676
44865
44909
44678
44802
44869
44863
44799
44839
44686
44871
44699
44756
44684
44776
45049
44686
44947
45037
44847
44877
44689
44690
44848
45040
44723
44837
44716
44888
44982
44849
44890
44696
44697
44981
45230
44848
44897
44877
44978
44741
44894
44703
44704
45330
45269
44726
44787
44707
44922
45056
44842
44886
44796
44747
44775
44871
44893
44713
44746
45038
44715
44716
44943
45064
44809
44886
44862
44925
44720
44721
44960
45208
44723
44724
45186
45159
44726
44727
45166
45216
44763
44955
44801
44860
44745
44949
44856
44900
44829
44872
44777
44940
44735
44885
45034
44778
44948
44738
44739
45283
45197
44741
44793
44986
44743
44899
45090
44745
44746
45187
45293
44776
44891
44913
44750
44966
45072
44906
44753
44754
45053
45306
44783
44825
44777
44758
44759
45213
45317
44761
44964
45083
44763
44903
45098
44765
44859
45099
44767
44768
44891
45103
44796
44946
44846
44961
44929
44965
44773
44798
45097
44806
44924
44779
44780
44878
45066
44780
45062
45111
44782
45291
45112
44798
45017
44904
44932
44790
44795
44990
44887
44991
44790
44828
44985
44868
44993
44793
45275
45315
45000
45117
45052
44987
44911
44994
44995
45107
45036
45008
45075
44954
44999
44926
44935
44806
45050
45131
44808
45219
44845
44984
44811
45142
45139
44813
45299
45141
44815
45310
45143
44817
44818
45015
45022
44820
45006
44887
44822
45118
45148
44824
45304
45150
45021
44920
45003
44828
45045
45110
44992
44831
45210
45155
44833
45245
45157
44835
45162
45341
44961
45009
45010
44862
45011
44937
45007
44970
45002
44923
45012
45013
44854
45014
44845
44846
45362
45130
45215
45040
45041
44851
45312
45173
44907
45024
44854
45212
45171
44856
45190
45177
44858
45140
45181
45063
45096
45303
45054
44923
45030
44938
45196
44951
45028
44867
45182
45189
45009
44870
45077
45199
45220
44873
45297
45203
44912
44925
44876
45204
45201
45043
44897
45051
44880
45089
45211
44882
44883
45036
45163
44885
45100
45135
45087
45251
44889
45060
44934
45078
45104
44965
45044
44940
45046
45047
44896
45248
45231
45048
44899
45048
45236
45055
44902
44903
45170
45242
44983
44959
45101
44907
45308
45152
44909
44910
45029
45246
44996
45080
44934
45059
44915
45137
45254
44974
45061
44918
45180
45127
44920
45057
45257
44922
45156
45259
45058
45001
45082
45205
44936
45068
44941
45039
45074
44931
45070
45271
44933
45224
45274
45032
44978
45042
44998
45273
44939
45311
45115
45067
44942
45329
45225
45086
44945
45198
45076
45093
44957
45085
44949
45280
45279
44951
45217
45281
45033
44954
45020
45286
44956
45403
45114
45309
44959
44960
45276
45209
45071
44963
45105
45290
44997
45106
44975
45091
44968
45149
45298
44970
45319
45301
44972
45270
45307
44974
45232
45313
44989
44977
45158
45320
44982
44980
44981
45123
45335
45128
45223
45109
45147
45110
45227
45185
45316
45069
45094
44989
45115
45321
45030
45116
45120
45195
45121
45296
45122
45145
45129
45285
45023
45288
45127
45284
45129
45264
45035
45191
45133
45134
45144
45132
45184
45138
45355
45146
45263
45005
45006
45226
45249
45168
45433
45095
45154
45108
45160
45300
45161
45245
45163
45240
45121
45164
45015
45165
45386
45019
45289
45084
45218
45019
45020
45515
45563
45022
45023
45386
45512
45101
45126
45162
45174
45151
45169
45081
45184
45029
45188
45247
45031
45176
45374
45124
45193
45195
45206
45035
45136
45364
45342
45221
45233
45039
45295
45200
45070
45073
45119
45043
45207
45214
45045
45305
45384
45222
45228
45137
45185
45229
45050
45111
45391
45067
45234
45053
45227
45363
45175
45235
45128
45178
45057
45260
45338
45176
45241
45125
45194
45065
45124
45062
45255
45402
45079
45256
45065
45086
45332
45102
45261
45262
45069
45192
45406
45114
45265
45322
45073
45092
45407
45230
45266
45076
45077
45541
45798
45079
45119
45413
45081
45082
45377
45175
45084
45264
45382
45167
45233
45134
45147
45164
45089
45113
45416
45238
45289
45092
45292
45410
45094
45095
45589
45599
45154
45300
45288
45368
45244
45429
45100
45256
45427
45183
45145
45104
45105
45125
45444
45239
45268
45168
45310
45122
45265
45159
45441
45331
45351
45113
45634
45457
45272
45420
45166
45357
45118
45490
45460
45401
45327
45333
45334
45393
45263
45335
45468
45445
45153
45336
45340
45398
45430
45322
45424
45132
45392
45474
45287
45343
45344
45136
45428
45481
45375
45302
45347
45140
45488
45484
45142
45636
45487
45144
45573
45489
45345
45258
45348
45350
45149
45461
45492
45151
45641
45494
45153
45648
45495
45399
45156
45501
45499
45158
45570
45390
45389
45186
45387
45235
45353
45472
45689
45381
45172
45358
45359
45324
45360
45361
45170
45664
45243
45172
45632
45516
45174
45619
45521
45365
45412
45178
45533
45527
45180
45545
45528
45182
45485
45529
45277
45337
45370
45405
45389
45279
45294
45282
45371
45190
45530
45532
45192
45519
45537
45194
45523
45538
45396
45199
45325
45198
45373
45540
45618
45328
45660
45202
45548
45545
45204
45535
45547
45206
45207
45551
45549
45209
45210
45278
45718
45212
45417
45631
45253
45318
45215
45550
45437
45217
45359
45560
45219
45614
45513
45221
45222
45469
45566
45224
45498
45555
45226
45544
45250
45352
45262
45394
45234
45237
45335
45232
45592
45554
45376
45418
45388
45237
45238
45506
45582
45305
45380
45241
45587
45585
45243
45244
45804
45588
45438
45247
45248
45372
45590
45250
45251
45649
45327
45253
45369
45574
45283
45366
45314
45397
45400
45258
45339
45600
45260
45500
45603
45280
45395
45404
45267
45443
45447
45267
45268
45349
45520
45270
45419
45576
45272
45273
45453
45409
45275
45556
45622
45277
45278
45467
46010
45383
45354
45282
45562
45624
45373
45285
45598
45626
45287
45565
45628
45346
45436
45291
45446
45633
45321
45425
45294
45295
45770
45668
45297
45558
45534
45299
45493
45635
45421
45302
45659
45638
45306
45440
45431
45363
45308
45577
45647
45323
45324
45434
45326
45435
45437
45620
45314
45554
45637
45316
45623
45655
45318
45319
45459
45657
45330
45390
45439
45356
45341
45473
45326
45652
45462
45651
45329
45569
45543
45419
45385
45496
45344
45546
45463
45479
45464
45571
45337
45674
45666
45339
45604
45684
45470
45528
45471
45355
45689
45466
45477
45466
45395
45456
45465
45480
45483
45665
45349
45486
45758
45442
45491
45402
45502
45448
45496
45497
45644
45383
45503
45504
45505
45606
45374
45642
45508
45593
45510
45511
45617
45451
45608
45424
45513
45448
45482
45518
45379
45578
45524
45610
45368
45369
45525
45716
45378
45475
45372
45531
45591
45609
45542
45507
45524
45511
45536
45378
45379
45889
45881
45520
45646
45464
45491
45614
45662
45559
45385
45432
45736
45593
45423
45572
45557
45578
45449
45663
45392
45502
45741
45456
45476
45568
45579
45745
45479
45552
45594
45602
45498
45527
45422
45597
45415
45605
45408
45414
45602
45429
45453
45418
45580
45507
45656
45589
45607
45408
45411
45744
45433
45452
45411
45426
45743
45586
45613
45414
45415
45953
45916
45417
45458
45771
45783
45595
45435
45439
45422
45423
45922
45954
45612
45426
45630
45790
45428
45605
45792
45454
45627
45640
45432
45645
45794
45450
45573
45608
45671
45584
45653
45676
45570
45644
45654
45641
45677
45442
45514
45787
45640
45661
45445
45446
45539
45780
45476
45505
45667
45514
45572
45451
45455
45805
45453
45454
45455
45588
45739
45458
45971
45816
45575
45658
45461
45842
45864
45670
45767
45672
45784
45679
45525
45748
45682
45478
46010
45509
45546
45536
45567
45598
45683
45472
45473
45522
45615
45475
45742
45859
45789
45629
45690
45666
45688
45693
45512
45694
45482
45793
45828
45639
45695
45485
45896
45903
45601
45697
45488
45973
45895
45490
45993
45841
45680
45493
45865
45844
45664
45766
45673
45848
45700
45557
45701
45702
45500
45703
45851
45703
45718
45704
45705
45746
45526
45665
45707
45583
45795
45708
45517
45694
45523
45709
45561
45643
45711
45593
45723
45732
45564
45653
45517
45960
45866
45519
45829
45836
45758
45522
45621
45616
45686
45696
45720
45587
45689
45713
45755
45530
45904
45875
45625
45714
45533
45876
45868
45535
45729
45878
45678
45607
45826
45539
45687
45781
45541
45611
45798
45613
45721
45544
45769
45650
45756
45752
45548
45879
45893
45550
45553
45675
45552
45553
45832
46059
45726
45556
45847
45897
45801
45571
45728
45727
45730
45561
45562
45902
45927
45564
45565
45941
45861
45567
45568
45998
45867
45581
45768
45733
45776
45809
45799
45575
45717
45909
45577
45596
46067
45777
45580
45966
45913
45669
45740
45583
45584
45918
45911
45586
45985
45856
45699
45681
45761
45591
45592
45715
45892
45637
45724
45596
45663
45931
45599
45754
45759
45762
45601
45685
45936
45763
45604
45852
45938
45725
45612
45773
45774
45719
45610
45611
46016
46074
45803
45808
45778
45616
45617
46107
45952
45652
45798
45620
45621
45958
46109
45623
45898
45980
45625
45929
45962
45627
45760
45964
45629
45862
45967
45654
45786
45632
45772
45959
45634
45782
45970
45636
45845
45972
45779
45639
45989
45974
45738
45810
45643
45722
45978
45710
45646
45796
45797
45648
46088
45915
45650
45651
45872
45672
46074
45712
45802
45656
45981
45986
45658
45659
46007
45988
45668
45669
45662
45907
45950
45731
45753
45698
45706
45677
45692
45811
45948
45671
45940
45802
45874
45674
45984
45820
45676
46069
45843
45800
45961
45997
45818
45884
45788
45818
45804
45822
45691
45752
45757
45994
45685
45939
46129
45687
45977
46014
45827
45885
45691
45870
46033
45700
45833
45785
45831
45747
45837
45860
45830
45839
45812
45840
45699
45837
45985
45737
45823
45849
45846
45850
45827
45765
45853
45730
45854
45820
45869
45821
45855
45839
45987
45858
45976
45734
45849
45863
45961
45912
45942
45850
45868
45715
45871
46054
45717
45720
46045
46010
45806
45880
45924
45722
45947
46053
45778
45803
45764
45887
45917
45930
45892
45946
45749
45770
45729
45945
46080
45932
45735
45900
45899
45901
45734
45735
46223
46190
45737
46180
46118
45906
45965
45750
45910
45919
45991
45742
45853
46039
45791
45914
45914
45925
45746
45750
45751
45748
45866
45923
45814
45933
45894
45854
45905
45858
45886
45996
45921
45934
45756
45757
45893
46071
45812
45760
45995
46076
45762
45775
45934
45764
45765
46208
46251
45810
45877
45807
46082
45769
45920
45873
45811
45772
45817
46086
45855
45969
45775
46000
46084
45884
45944
45882
45935
45949
45926
45946
45781
45782
46015
46237
45795
45813
45785
46004
46110
45835
45957
45788
45899
46065
45821
45910
45791
45957
46064
45793
45930
46115
45838
46116
45815
45838
45883
45888
45908
45880
45992
45834
45982
45935
45979
45983
45819
45886
45806
45822
46131
46016
46074
45857
45947
45901
45956
45982
45814
45888
45824
45913
45948
45825
45918
45817
46283
46320
46117
45951
45969
46141
46023
46037
45979
46009
45825
46304
46146
45836
45999
46012
45829
46179
46155
46016
46092
45832
46156
46089
45834
46119
46159
45983
46017
46018
46030
46021
46101
45937
46019
45842
46314
46164
45958
46008
45845
46182
46162
45847
46219
46168
45915
46001
46174
46026
45852
46012
46176
46105
46068
46070
45857
46257
46186
46035
45890
46040
45975
46024
45862
45943
46183
45952
46025
45865
46165
46181
46062
46005
46122
46029
45885
46044
45968
46028
45963
46094
45873
45874
46041
46003
45876
46216
46192
45996
46048
45879
46081
46199
46011
45882
45891
46203
45908
46049
46051
46057
46036
45926
46055
46020
45890
45891
46289
46362
46054
46072
45905
46075
45896
46296
46210
45898
46168
46213
46103
45931
46113
46063
45928
45978
45904
46211
46215
46124
45907
46212
46224
46121
46006
46047
46066
45912
46056
46374
46027
46126
46091
45917
46022
46230
46056
45920
46263
46042
45922
46254
45955
45924
46284
46046
45953
46052
46073
45928
45929
46269
46242
46079
46096
45933
46218
46246
46060
46078
45937
46130
46247
45939
46178
46249
46013
46083
45942
45943
46255
46379
45945
46291
46265
46061
46123
45990
45950
45951
46225
46262
46108
46022
45955
45956
46498
46272
46135
46114
45960
46087
46217
46194
45963
46243
46278
45965
46077
46222
46005
46112
45968
46184
46276
46038
45971
46238
46282
45973
46163
46295
45975
46308
46297
45977
46322
46299
46120
46134
45981
46214
46305
46106
46083
46002
46142
46032
45987
46306
46256
45989
46188
46307
45991
46246
46309
45993
46268
46313
45995
46245
46315
46125
45998
46200
46122
46000
46151
46318
46002
46153
46149
46004
46043
46172
46111
46007
46259
46188
46099
46226
46175
46302
46133
46267
46058
46082
46102
46015
46300
46328
46136
46235
46155
46400
46020
46161
46121
46050
46166
46169
46171
46229
46031
46185
46271
46290
46189
46378
46112
46303
46034
46191
46189
46192
46031
46032
46343
46257
46034
46035
46417
46317
46037
46125
46132
46196
46294
46040
46197
46195
46042
46043
46392
46489
46143
46233
46046
46047
46353
46198
46106
46240
46050
46202
46356
46205
46206
46128
46170
46120
46312
46093
46207
46275
46209
46058
46234
46177
46069
46089
46085
46264
46095
46236
46217
46284
46154
46221
46127
46137
46227
46258
46075
46171
46088
46096
46218
46228
46097
46196
46229
46072
46244
46199
46236
46241
46260
46077
46316
46382
46204
46248
46144
46232
46081
46266
46351
46092
46104
46085
46319
46384
46087
46321
46386
46090
46098
46091
46140
46152
46100
46094
46095
46193
46341
46138
46098
46099
46158
46672
46101
46102
46256
46261
46154
46227
46235
46261
46197
46253
46160
46108
46109
46270
46114
46157
46173
46148
46273
46274
46139
46190
46281
46144
46179
46167
46180
46206
46258
46119
46287
46331
46220
46327
46147
46187
46311
46228
46293
46359
46127
46128
46547
46603
46130
46250
46393
46132
46133
46359
46606
46248
46301
46136
46137
46609
46607
46139
46140
46511
46444
46142
46143
46145
46325
46423
46150
46324
46209
46326
46148
46201
46434
46150
46442
46438
46400
46567
46153
46445
46441
46390
46396
46157
46158
46449
46672
46160
46332
46569
46247
46448
46163
46468
46446
46165
46601
46450
46167
46338
46286
46405
46170
46231
46329
46346
46173
46491
46458
46175
46280
46334
46177
46178
46454
46463
46410
46285
46182
46451
46467
46184
46381
46469
46298
46335
46187
46472
46466
46427
46342
46372
46277
46337
46339
46279
46340
46239
46290
46288
46482
46347
46366
46259
46354
46350
46201
46239
46492
46327
46355
46204
46364
46485
46291
46349
46360
46208
46504
46252
46383
46211
46556
46502
46222
46365
46214
46505
46500
46216
46503
46507
46420
46402
46378
46539
46269
46591
46272
46369
46371
46280
46372
46225
46452
46421
46281
46404
46373
46412
46425
46231
46232
46594
46521
46234
46617
46453
46538
46407
46238
46328
46527
46323
46292
46477
46275
46377
46243
46375
46524
46245
46352
46533
46330
46422
46395
46250
46465
46541
46252
46253
46655
46543
46264
46361
46380
46385
46387
46345
46401
46406
46293
46348
46389
46294
46421
46310
46391
46394
46266
46416
46560
46268
46689
46562
46375
46271
46333
46566
46336
46274
46370
46398
46397
46277
46470
46571
46279
46526
46574
46461
46333
46283
46528
46579
46586
46286
46287
46582
46554
46289
46623
46363
46414
46415
46359
46476
46376
46426
46296
46447
46555
46298
46590
46583
46300
46368
46714
46302
46443
46588
46304
46399
46576
46306
46501
46388
46308
46429
46589
46310
46437
46596
46312
46557
46598
46314
46563
46600
46316
46534
46602
46322
46419
46319
46568
46553
46321
46580
46614
46367
46475
46517
46325
46433
46616
46436
46576
46430
46678
46440
46605
46403
46437
46332
46455
46650
46559
46460
46624
46344
46462
46471
46473
46418
46474
46358
46581
46496
46508
46341
46478
46408
46479
46496
46344
46345
46649
46472
46348
46595
46481
46483
46484
46456
46487
46351
46352
46561
46703
46354
46587
46532
46357
46520
46357
46358
46802
46799
46456
46523
46498
46499
46363
46364
46805
46785
46452
46497
46482
46544
46368
46593
46653
46506
46577
46435
46494
46382
46564
46432
46514
46578
46383
46385
46518
46519
46531
46409
46550
46480
46380
46381
46535
46684
46457
46431
46394
46515
46548
46420
46615
46388
46389
46691
46537
46506
46578
46392
46551
46490
46422
46542
46529
46486
46558
46411
46545
46536
46565
46399
46495
46683
46546
46514
46523
46403
46413
46676
46570
46634
46505
46540
46428
46585
46408
46409
46632
46818
46411
46424
46711
46413
46519
46720
46475
46573
46416
46488
46716
46418
46419
46708
46592
46552
46549
46509
46424
46522
46734
46481
46595
46483
46599
46428
46429
46790
46891
46448
46516
46436
46613
46510
46512
46439
46727
46435
46493
46777
46664
46625
46439
46747
46749
46594
46665
46442
46744
46746
46558
46627
46445
46513
46743
46447
46771
46755
46620
46459
46922
46451
46899
46757
46729
46454
46910
46464
46554
46633
46635
46602
46636
46459
46798
46926
46461
46736
46510
46584
46638
46464
46465
46934
46811
46557
46726
46468
46758
46770
46470
46686
46773
46498
46640
46643
46577
46642
46572
46639
46780
46606
46722
46569
46637
46575
46631
46480
46857
46752
46682
46530
46660
46531
46733
46486
46786
46791
46488
46904
46794
46490
46491
46667
46796
46493
46517
46851
46495
46742
46800
46706
46564
46654
46529
46641
46501
46803
46692
46503
46855
46808
46536
46656
46659
46673
46508
46809
46816
46620
46648
46663
46512
46513
46815
46952
46629
46553
46668
46520
46670
46671
46525
46612
46674
46702
46522
46662
46830
46699
46525
46526
46885
46829
46528
46739
46825
46669
46622
46843
46681
46585
46652
46534
46705
46828
46618
46685
46687
46538
46693
46610
46540
46753
46840
46542
46812
46784
46544
46657
46842
46546
46712
46848
46604
46608
46613
46618
46599
46731
46565
46690
46597
46666
46619
46695
46698
46707
46556
46756
46854
46725
46630
46566
46570
46561
46717
46704
46563
46741
46859
46658
46713
46573
46568
46849
46831
46651
46783
46572
46774
46869
46645
46575
46829
46871
46647
46718
46644
46580
46826
46874
46582
46862
46707
46584
46879
46876
46732
46587
46619
46652
46624
46628
46590
46893
46878
46598
46612
46593
46710
46873
46662
46626
46597
46882
46894
46694
46661
46601
46860
46898
46675
46604
46605
46905
46900
46689
46608
46611
46902
46610
46611
46745
47015
46646
46723
46615
46875
46696
46617
46728
46909
46688
46679
46621
46670
46834
46623
46889
46806
46715
46677
46882
46733
46748
46628
46917
46762
46700
46775
46792
46911
46632
46760
46819
46761
46865
46672
46922
46701
46903
46658
46766
46722
46767
46768
46787
46709
46769
46641
46642
46772
46896
46649
46726
46764
46775
46781
46886
46779
46884
46683
46821
46784
46872
46787
46651
46761
46788
46680
46740
46881
46730
46801
46656
46657
46836
46972
46945
46803
46841
46804
46810
46804
46888
46867
46737
46814
46821
46868
46866
46901
46667
46822
46797
46669
46883
46823
46776
46782
46852
46719
46764
46754
46827
46824
46828
46677
46721
46957
46714
46739
46680
46697
46850
46827
46908
46748
46810
46833
46685
46686
46838
46966
46759
46835
46724
46837
46738
46820
46847
46692
46693
46974
46750
46725
46779
46696
46697
47117
47113
46831
46897
46700
46701
47120
47119
46751
46765
46704
46705
46986
47121
46817
46856
46863
46709
46710
47072
47133
46712
46735
47011
46759
46813
46740
46763
46880
46717
46795
46985
46719
46858
46995
46721
46754
46999
46738
46724
46868
47095
46839
46912
46728
46915
47003
46730
46731
46975
46887
46789
46850
46890
46735
46832
47009
46737
46880
47010
46741
46844
46845
46793
46778
46993
46744
46954
47138
46750
47016
46747
47139
47100
46931
46914
47101
46918
46802
47125
46753
47123
47021
46992
46756
47169
47027
46758
47161
47029
46938
46871
46924
46927
46763
47106
47035
46951
46776
46929
46824
46928
46788
46793
46877
46920
46870
46960
46771
47030
47168
46823
46937
46774
46968
47155
46987
46994
46778
46853
47046
46943
46781
46782
47068
47048
46886
47018
46939
46786
46807
47051
46942
47014
46790
47188
46892
46792
47052
47055
47026
46795
47159
47058
46797
46798
46950
47185
46861
46932
46833
46944
46941
46945
46932
46919
46946
46806
46807
47006
47225
46809
47091
47273
46978
46812
46936
47045
46847
46947
46815
47078
46953
46817
47040
47081
46819
46820
46925
47083
46982
46895
46949
46955
46921
46826
46846
47092
47000
46962
46963
46832
46961
46959
46981
46958
46872
46964
46836
47043
47103
46838
47067
46967
46913
46969
46841
47022
47023
46843
46971
46916
46845
46846
47002
47251
46930
46849
47012
47097
46980
46852
46853
47179
47255
46855
47028
47090
46857
47082
47122
46896
46979
46860
47127
47115
46862
47080
46864
46864
46865
47283
47128
46867
47146
46961
46948
46870
47156
47131
46933
46991
46881
47061
46875
47093
47137
46877
47143
47140
46879
47145
47142
47013
47001
46988
46897
46998
46885
47150
46963
47008
46888
46977
47152
46916
47005
46908
47007
46892
46893
47276
47144
46895
46990
47054
46937
46940
46899
47116
47160
46901
46907
47162
46906
47017
46904
47187
47158
46906
46907
47112
47280
46923
46910
47004
46935
46917
46956
46913
47057
47108
46915
47049
47172
46965
46970
46974
47171
47023
47077
46942
47024
47025
47166
47018
47031
47107
46925
47032
47084
47018
47105
47014
47034
47063
47167
47037
47134
47085
47130
47007
47038
47019
47039
47065
46935
46936
47275
47210
47075
47042
47096
47045
47149
47041
47050
46976
47053
47057
46969
47060
46993
47109
47062
47047
47153
47073
47096
46984
47094
46950
47175
47213
46997
47086
46953
46954
47365
47368
46998
47074
47056
47087
46989
47089
46983
47110
47050
47097
47071
47098
47099
47025
47121
47065
46994
47147
46973
47066
46967
46968
47270
47331
47044
47088
47106
46972
46973
47103
47247
47077
46976
46977
47317
47399
47038
47047
46996
47124
47114
47136
47111
47126
46983
46984
47412
47385
46986
47059
47234
47086
47135
46989
46990
47421
47330
47149
47170
47020
47118
47177
47222
46996
46997
47380
47395
47148
47020
47089
47031
47118
47002
47181
47272
47004
47173
47274
47006
47151
47226
47076
47069
47129
47111
47154
47078
47157
47012
47154
47216
47036
47157
47102
47016
47017
47189
47164
47033
47079
47204
47022
47406
47290
47387
47141
47191
47192
47102
47127
47028
47457
47293
47030
47448
47301
47207
47039
47197
47125
47196
47128
47195
47036
47306
47363
47200
47268
47201
47253
47273
47432
47148
47325
47043
47315
47313
47104
47208
47209
47176
47230
47212
47070
47178
47184
47203
47214
47052
47227
47327
47064
47215
47174
47217
47056
47328
47453
47235
47059
47446
47336
47150
47233
47133
47180
47063
47064
47338
47326
47451
47151
47241
47182
47269
47069
47070
47343
47340
47072
47351
47254
47130
47224
47075
47228
47124
47107
47244
47231
47245
47080
47438
47352
47082
47433
47353
47084
47085
47198
47356
47202
47088
47411
47362
47190
47091
47294
47370
47093
47252
47462
47095
47267
47182
47434
47264
47132
47238
47126
47239
47101
47378
47183
47260
47248
47108
47243
47129
47185
47246
47263
47229
47110
47292
47388
47236
47165
47281
47114
47256
47389
47116
47410
47402
47137
47256
47257
47186
47250
47135
47250
47234
47123
47354
47405
47193
47134
47199
47296
47194
47286
47240
47132
47440
47415
47254
47219
47223
47188
47258
47418
47139
47369
47420
47141
47427
47424
47143
47429
47426
47145
47278
47428
47163
47239
47170
47261
47271
47206
47461
47218
47153
47401
47435
47242
47156
47333
47439
47279
47159
47384
47445
47161
47403
47447
47163
47282
47449
47165
47205
47478
47167
47444
47375
47169
47302
47456
47237
47189
47232
47173
47417
47458
47175
47475
47285
47177
47355
47291
47179
47468
47318
47181
47394
47321
47409
47184
47372
47341
47213
47187
47320
47383
47277
47205
47413
47460
47235
47295
47259
47404
47298
47374
47283
47335
47260
47299
47221
47437
47198
47303
47357
47297
47304
47220
47305
47244
47308
47309
47339
47310
47417
47311
47413
47360
47211
47312
47314
47396
47233
47323
47210
47211
47554
47684
47308
47436
47284
47266
47324
47316
47466
47265
47329
47330
47407
47334
47344
47220
47221
47626
47668
47262
47268
47337
47339
47377
47470
47226
47227
47344
47509
47271
47298
47345
47504
47255
47442
47232
47471
47359
47430
47259
47504
47304
47366
47312
47361
47350
47373
47287
47358
47376
47249
47349
47329
47366
47322
47346
47486
47365
47431
47306
47381
47248
47249
47313
47497
47288
47252
47272
47524
47307
47477
47392
47318
47348
47311
47396
47391
47397
47336
47296
47262
47441
47379
47300
47314
47265
47266
47702
47687
47386
47408
47289
47270
47473
47332
47382
47347
47371
47275
47459
47554
47277
47278
47398
47558
47364
47431
47281
47282
47452
47562
47352
47285
47286
47485
47343
47297
47450
47319
47337
47305
47379
47455
47545
47292
47575
47716
47294
47740
47576
47425
47572
47410
47518
47565
47335
47484
47483
47486
47302
47733
47580
47307
47487
47489
47542
47529
47498
47528
47395
47492
47342
47491
47494
47531
47514
47526
47476
47601
47317
47603
47400
47480
47320
47677
47607
47347
47627
47323
47610
47605
47325
47496
47463
47465
47501
47328
47511
47596
47500
47422
47332
47333
47693
47616
47349
47550
47499
47561
47532
47375
47501
47628
47467
47493
47342
47513
47624
47493
47510
47346
47573
47636
47523
47390
47419
47505
47351
47743
47393
47502
47354
47722
47644
47443
47507
47357
47358
47488
47750
47360
47522
47527
47441
47495
47381
47536
47364
47642
47638
47530
47367
47589
47620
47369
47530
47651
47371
47577
47653
47423
47512
47416
47508
47380
47516
47517
47377
47739
47656
47420
47423
47519
47539
47503
47463
47525
47384
47608
47663
47386
47540
47666
47455
47471
47412
47671
47390
47391
47673
47634
47393
47394
47795
47640
47539
47552
47398
47747
47559
47400
47401
47758
47679
47403
47568
47599
47444
47490
47406
47645
47681
47474
47544
47409
47533
47472
47484
47454
47535
47540
47414
47604
47661
47416
47727
47696
47515
47419
47462
47700
47609
47422
47460
47543
47506
47425
47712
47709
47427
47714
47711
47429
47560
47713
47469
47606
47553
47433
47654
47721
47470
47476
47436
47680
47707
47438
47598
47649
47440
47617
47726
47546
47443
47482
47730
47537
47446
47664
47578
47448
47600
47732
47450
47564
47734
47461
47477
47478
47563
47454
47597
47728
47479
47457
47581
47824
47459
47588
47741
47555
47469
47592
47464
47593
47744
47466
47585
47611
47468
47615
47481
47541
47548
47520
47473
47675
47694
47475
47723
47557
47534
47541
47527
47521
47706
47481
47482
47839
47980
47613
47648
47566
47493
47557
47569
47488
47665
47749
47589
47647
47561
47582
47591
47602
47579
47629
47586
47661
47594
47595
47593
47688
47514
47658
47635
47738
47502
47567
47620
47703
47570
47649
47619
47632
47571
47639
47660
47614
47641
47575
47643
47646
47742
47510
47511
47551
47812
47513
47614
47831
47601
47588
47602
47652
47655
47538
47587
47647
47735
47546
47698
47521
47522
47994
47920
47524
47718
47592
47565
47672
47613
47650
47787
47633
47708
47632
47642
47678
47595
47662
47630
47676
47667
47674
47549
47622
47536
47683
47618
47538
47583
47800
47574
47691
47736
47699
47701
47544
47556
47690
47681
47705
47547
47594
47801
47549
47657
47809
47551
47682
47810
47586
47650
47689
47717
47685
47556
47604
47814
47615
47559
47560
47879
47968
47578
47563
47564
47590
47753
47652
47567
47568
47857
48158
47631
47633
47584
47587
47572
47573
47621
47819
47579
47655
47781
47577
47895
47835
47828
47822
47581
47977
47837
47583
47830
47840
47585
47897
47842
47776
47813
47777
47779
47752
47784
47625
47751
47715
47825
47780
47806
47597
47933
47855
47670
47756
47600
47858
47853
47623
47770
47612
47759
47762
47606
47802
47737
47608
47930
47863
47641
47651
47637
47761
47612
47843
47859
47816
47785
47725
47617
47695
47872
47619
47799
47874
47767
47710
47820
47623
47911
47659
47625
47832
47877
47669
47701
47640
47719
47629
47630
47881
47869
47648
47935
47769
47791
47746
47783
47665
47771
47637
47821
47882
47717
47768
47682
47772
47796
47755
47765
47731
47773
47645
47871
47889
47697
47774
47775
47804
47757
47818
47678
47786
47654
47836
47903
47827
47657
47764
47906
47659
47660
48039
47885
47797
47686
47782
47664
47864
47829
47793
47667
47692
47919
47669
47670
47939
47921
47716
47745
47744
47788
47748
47783
47675
47993
47915
47677
47985
47929
47689
47680
47760
47931
47817
47805
47729
47798
47685
47686
47741
47792
47688
47704
47966
47755
47724
47815
47692
47745
47944
47694
47695
47916
48055
47697
47946
47923
47699
47905
47949
47715
47748
47803
47703
47704
47848
48059
47706
47899
47995
47708
47932
47926
47710
47971
47956
47712
47959
47957
47714
47970
47958
47720
47754
47826
47719
47720
47937
47954
47722
47904
47870
47724
47725
47960
47839
47727
47873
47945
47729
47856
47972
47731
47988
47974
47733
47854
47976
47735
47846
47978
47737
47738
47912
47884
47763
47766
47824
47894
47778
47743
47965
47951
47823
47790
47747
47850
47878
47947
47750
47794
47766
47844
47892
47753
47845
47846
47781
47847
47833
47757
47880
47857
47759
47760
47942
48006
47802
47987
47860
47861
47764
47862
48081
47768
47868
47865
47866
47900
47867
47868
47875
47844
47896
47884
47983
47885
47963
47886
47908
47891
47964
47962
47979
47887
47893
47778
47896
47792
47900
47962
47808
47952
47908
47807
47928
47834
47787
47918
47833
47909
47788
47943
47920
47789
47927
48045
47847
47925
47926
47934
47928
47794
48001
47917
47796
47951
47936
47861
47887
47799
47941
48048
47813
47841
47905
47953
47913
47948
47950
47902
47997
47811
47955
47807
47808
48191
48145
47907
47910
47811
47812
48064
47933
48078
47815
47860
47990
47902
47967
47890
47898
47893
47967
47820
47821
48000
48034
47851
47876
47888
47927
47838
47888
47981
47852
47982
47851
47943
47829
47830
48220
48092
47832
47909
48020
47852
47849
47998
47836
48143
48226
47838
48153
48087
47961
47841
48207
48089
47843
48033
48090
48018
47883
48002
48003
48026
47866
48097
47850
48098
48095
48054
48028
47854
48228
48104
47856
48146
48106
48075
48158
48280
47942
48091
48112
48052
47938
48010
47864
48169
48221
47917
47938
48015
47982
48044
48017
47984
48023
47871
48150
48246
47873
48057
48121
47875
48130
48123
47881
48014
47892
48021
47879
48096
47969
47922
48022
48023
47986
48019
47918
48004
47914
48041
47975
48027
48029
48067
47890
48109
48136
47924
48030
48031
48005
47895
48088
48142
48076
48032
48080
47899
48137
48004
47901
48115
48199
48047
47904
48227
48149
48072
47907
48082
48038
48035
48073
47911
48148
48040
47913
47914
48119
48117
47916
48204
48056
48025
47995
47992
48024
47994
47922
47940
48161
47924
48189
48163
47944
48129
48046
48062
48076
47930
48219
48168
47932
48008
48170
48066
47935
48166
47996
47937
48013
48053
48133
47940
47948
48177
47973
48049
48007
48009
48024
47946
48122
48188
47954
47998
48058
47950
48116
48195
48011
47953
48234
48197
48053
47963
48061
47999
48043
47971
48187
47959
48206
48186
47961
47989
47980
48077
48079
47965
48216
48012
47981
48060
48069
47969
47970
48305
48205
48042
47973
48107
48210
47975
48141
48308
47977
48105
48315
47979
48103
48213
47988
48063
48068
48001
48016
47985
48127
48218
47987
48139
48118
47991
47990
47991
48120
48141
47993
48182
48203
47995
47997
48238
48174
48194
48000
48236
48190
48074
48003
48094
48103
48093
48071
48099
48007
48008
48108
48241
48045
48173
48110
48111
48012
48013
48337
48320
48156
48176
48113
48115
48117
48155
48044
48124
48083
48102
48034
48159
48021
48209
48125
48075
48157
48084
48051
48074
48132
48037
48128
48036
48134
48068
48073
48100
48184
48135
48215
48101
48138
48033
48140
48303
48190
48036
48037
48359
48373
48147
48224
48040
48041
48272
48151
48043
48240
48154
48201
48167
48165
48171
48070
48175
48050
48130
48050
48172
48276
48181
48231
48144
48184
48293
48173
48176
48056
48057
48441
48443
48178
48196
48060
48097
48192
48065
48185
48200
48202
48183
48193
48065
48066
48267
48146
48183
48200
48412
48070
48071
48364
48366
48116
48198
48208
48131
48158
48083
48199
48225
48080
48085
48152
48212
48086
48082
48110
48223
48180
48126
48156
48089
48217
48140
48217
48088
48418
48446
48299
48091
48304
48229
48207
48222
48094
48323
48251
48096
48245
48306
48114
48194
48244
48100
48329
48325
48102
48439
48253
48250
48105
48318
48331
48107
48268
48333
48230
48242
48246
48327
48310
48214
48247
48120
48144
48114
48341
48330
48255
48270
48281
48119
48263
48281
48254
48122
48445
48349
48124
48302
48351
48138
48344
48127
48372
48347
48129
48314
48231
48300
48155
48256
48133
48257
48214
48258
48261
48164
48249
48137
48328
48323
48269
48160
48262
48264
48254
48143
48447
48369
48484
48233
48248
48266
48148
48429
48273
48150
48461
48376
48152
48274
48378
48315
48417
48235
48401
48275
48290
48162
48280
48160
48289
48395
48162
48179
48317
48164
48416
48399
48166
48260
48237
48202
48282
48169
48455
48387
48171
48243
48362
48211
48284
48286
48175
48383
48405
48283
48178
48179
48414
48514
48191
48253
48182
48409
48407
48277
48313
48212
48291
48187
48413
48239
48189
48350
48415
48287
48248
48193
48330
48402
48293
48196
48271
48420
48198
48356
48422
48265
48309
48294
48295
48296
48204
48408
48440
48206
48307
48442
48298
48209
48426
48430
48211
48334
48419
48279
48225
48252
48353
48216
48340
48427
48312
48219
48348
48454
48221
48222
48388
48457
48224
48311
48342
48259
48227
48370
48460
48280
48316
48230
48381
48458
48232
48322
48424
48234
48398
48355
48236
48463
48288
48238
48346
48382
48240
48537
48400
48242
48243
48453
48517
48245
48338
48473
48377
48324
48335
48319
48339
48525
48251
48252
48466
48433
48456
48278
48357
48448
48257
48375
48352
48358
48360
48321
48361
48345
48362
48308
48449
48263
48365
48390
48367
48451
48321
48448
48267
48268
48292
48511
48386
48438
48271
48423
48491
48273
48274
48554
48593
48374
48391
48285
48301
48363
48385
48308
48484
48379
48392
48389
48286
48343
48384
48450
48285
48403
48501
48384
48288
48289
48604
48612
48371
48450
48292
48393
48510
48320
48297
48412
48351
48410
48404
48425
48394
48411
48299
48435
48436
48301
48302
48558
48635
48304
48368
48380
48306
48307
48474
48521
48363
48425
48311
48324
48468
48437
48451
48326
48528
48373
48424
48332
48317
48318
48516
48626
48397
48456
48336
48522
48409
48488
48464
48477
48326
48531
48431
48328
48592
48465
48366
48469
48470
48332
48628
48547
48334
48637
48549
48354
48472
48337
48338
48427
48500
48340
48673
48499
48357
48475
48428
48476
48404
48490
48430
48434
48346
48562
48619
48348
48586
48563
48350
48642
48565
48523
48353
48634
48354
48530
48356
48602
48571
48489
48359
48570
48481
48431
48483
48433
48482
48518
48509
48406
48487
48396
48485
48487
48368
48643
48678
48370
48640
48582
48372
48656
48585
48481
48375
48662
48587
48377
48575
48591
48379
48595
48588
48381
48546
48596
48383
48620
48597
48621
48402
48495
48434
48494
48388
48645
48534
48390
48391
48486
48675
48393
48568
48650
48426
48512
48396
48613
48599
48398
48556
48601
48502
48507
48401
48503
48432
48471
48419
48504
48506
48406
48598
48610
48408
48633
48614
48524
48411
48653
48617
48426
48442
48519
48421
48515
48416
48566
48608
48418
48548
48624
48536
48421
48559
48629
48423
48572
48631
48492
48527
48498
48429
48669
48553
48513
48449
48462
48467
48480
48535
48457
48496
48437
48497
48577
48439
48590
48609
48441
48615
48444
48521
48444
48445
48727
48641
48447
48625
48639
48520
48528
48533
48452
48654
48665
48459
48532
48455
48564
48644
48508
48534
48459
48596
48663
48461
48583
48738
48463
48671
48604
48465
48466
48543
48480
48526
48539
48476
48479
48531
48649
48471
48475
48660
48478
48647
48474
48551
48808
48576
48545
48478
48479
48744
48758
48542
48567
48544
48573
48569
48574
48528
48486
48600
48691
48529
48493
48580
48579
48584
48607
48672
48559
48632
48493
48567
48679
48581
48589
48552
48674
48497
48659
48729
48499
48500
48860
48551
48505
48557
48525
48538
48526
48603
48505
48605
48794
48541
48606
48560
48608
48555
48609
48540
48552
48511
48651
48637
48513
48618
48875
48515
48516
48616
48627
48518
48532
48622
48537
48578
48584
48623
48808
48573
48623
48635
48652
48633
48638
48526
48540
48541
48611
48648
48636
48646
48574
48661
48655
48667
48657
48692
48875
48550
48666
48603
48539
48561
48670
48677
48724
48543
48544
48765
48745
48668
48759
48678
48721
48548
48814
48748
48550
48737
48750
48777
48702
48554
48851
48594
48556
48709
48754
48558
48779
48694
48716
48561
48828
48764
48622
48682
48564
48782
48761
48566
48833
48766
48715
48588
48684
48570
48732
48715
48572
48796
48771
48713
48730
48738
48838
48579
48688
48665
48689
48777
48860
48690
48638
48853
48686
48692
48583
48831
48752
48701
48586
48843
48781
48634
48734
48697
48590
48768
48708
48592
48839
48765
48594
48595
48904
48788
48720
48598
48806
48789
48600
48680
48703
48602
48755
48795
48673
48742
48666
48705
48607
48858
48797
48693
48707
48611
48790
48803
48613
48742
48757
48615
48696
48747
48630
48706
48618
48841
48802
48620
48683
48805
48667
48672
48710
48711
48625
48749
48815
48627
48628
48706
48800
48630
48717
48799
48632
48772
48820
48695
48636
48694
48723
48735
48741
48640
48816
48830
48642
48728
48832
48654
48725
48645
48762
48658
48647
48770
48835
48649
48804
48731
48651
48685
48736
48653
48785
48840
48676
48656
48856
48842
48658
48659
48914
48817
48674
48688
48664
48710
48675
48733
48664
48722
48864
48739
48687
48823
48669
48807
48851
48671
48764
48852
48718
48860
48681
48691
48740
48846
48743
48829
48726
48845
48857
48757
48854
48760
48791
48683
48763
48921
48685
48811
48861
48767
48819
48751
48780
48698
48729
48774
48776
48787
48699
48700
48766
48827
48783
48696
48756
48873
48786
48788
48760
48787
48704
48824
48778
48818
48712
48776
48743
48791
48704
48855
48882
48773
48793
48798
48708
48709
48945
48987
48719
48712
48714
48895
48714
48746
48896
48844
48717
48821
48899
48797
48822
48763
48826
48721
48722
48986
48963
48769
48837
48829
48834
48726
48847
48892
48728
48747
48908
48801
48731
48732
48970
48991
48734
48825
48837
48736
48737
48862
49015
48753
48740
48775
48915
48756
48792
48848
48868
48836
48859
48746
48918
49017
48870
48749
48878
48928
48751
49016
48933
48753
49004
48935
48755
48989
48937
48879
48920
48759
48859
48809
48866
48762
48960
48940
48911
48897
48918
48964
48768
48957
48944
48770
48967
48947
48772
48974
48950
48780
48865
48775
48891
48941
48916
48808
48869
48883
48784
48813
48872
48782
49014
48959
48784
48785
49033
48961
48811
48889
48874
48903
48790
48976
48965
48906
48849
48880
48794
48972
48813
48796
48938
48973
48867
48799
48800
48877
48814
48817
48890
48883
48886
48804
48966
48975
48806
48922
48983
48810
48893
48810
48885
49010
48812
48939
49028
48902
48876
48816
48929
48978
48871
48819
49019
48997
48821
48951
48984
48823
48863
48856
48825
48955
49000
48864
48931
48828
49030
48995
48913
48831
48979
49003
48833
48910
49005
48858
48919
48836
48948
49001
48981
48839
48936
48954
48841
48962
48887
48843
48990
49013
48845
48991
48969
48847
48930
49022
48852
48920
48853
48912
49139
49081
48898
48857
48855
48925
49026
48881
48901
48907
48884
48862
48939
49083
48942
48980
48946
48949
48985
48926
48952
48907
48980
48953
49011
48888
49020
48873
48909
48914
49024
48934
49007
48958
48917
48952
48883
48877
48878
48900
49047
48958
48968
48968
49009
48943
48990
48955
48971
48885
49002
49046
48887
48888
49138
49154
48905
49012
48891
49025
49065
48986
49027
48992
49170
48977
48993
48977
48994
48898
48995
48924
48900
48984
49048
48969
48996
48999
49073
48904
48905
49081
49167
48926
48953
49006
48909
48910
49131
49187
48932
49023
48996
49008
48927
49011
48940
48930
48956
48917
48993
49050
48954
48927
49018
48923
48922
49023
49097
48924
48925
49165
49199
49098
49040
48929
49049
49107
49044
48932
49196
49111
48934
49195
49113
48936
49180
49103
48938
49164
49115
49086
49036
48956
49066
48943
49122
49120
48945
49148
48988
48963
49034
48948
49052
49117
49007
49035
48951
49126
49109
49031
49045
49080
49094
49101
48998
49042
49043
48960
49190
49037
48962
49100
49137
49060
49005
49029
48966
49144
49140
48982
49051
49053
49076
48975
49056
49026
49054
48985
48999
48974
49116
49127
49061
48983
49062
49063
48979
49108
49151
49089
48982
49000
49157
49064
49095
49077
49058
48988
48989
49163
49090
49056
49010
49068
49069
49017
49166
49072
49082
48998
49021
49171
49032
49041
49002
49118
49173
49004
49152
49179
49129
49018
49084
49085
49009
49176
49184
49055
49091
49028
49102
49014
49186
49189
49016
49083
49193
49080
49099
49020
49021
49119
49027
49188
49096
49025
49038
49162
49067
49057
49039
49030
49133
49181
49143
49170
49079
49105
49073
49100
49124
49196
49078
49125
49037
49038
49087
49204
49093
49130
49094
49182
49134
49148
49131
49135
49136
49201
49092
49139
49055
49174
49048
49049
49141
49236
49071
49170
49052
49142
49220
49135
49185
49123
49145
49146
49074
49059
49169
49059
49060
49229
49214
49075
49140
49144
49161
49070
49150
49097
49160
49066
49153
49159
49149
49200
49158
49206
49070
49071
49165
49181
49104
49075
49076
49209
49168
49078
49079
49103
49168
49175
49088
49089
49198
49114
49147
49087
49088
49194
49177
49121
49186
49092
49093
49123
49110
49141
49112
49172
49172
49139
49143
49130
49191
49106
49136
49178
49158
49183
49197
49105
49106
49108
49110
49128
49112
49114
49116
49118
49222
49156
49207
49121
49177
49208
49210
49214
49147
49211
49127
49128
49132
49187
49213
49133
49171
49215
49216
49226
49138
49155
49192
49219
49223
49232
49149
49224
49202
49227
49228
49166
49152
49162
49233
49155
49156
49182
49192
49167
49178
49234
49161
49231
49164
49197
49235
49205
49237
49174
49176
49180
49217
49203
49185
49212
49201
49205
49190
49198
49194
49195
49218
49200
49206
49204
49235
49225
49230
49221
49221
49222
49225
49230
49237
49234
49248
49290
49429
49249
49307
49416
49244
49334
49396
49311
49437
49456
49246
49262
49304
49299
49316
49438
49255
49288
49536
49570
49586
49281
49282
49251
49276
49319
49372
49570
49264
49308
49257
49302
49361
49275
49350
49280
49300
49359
49254
49338
49346
49289
49334
49259
49406
49258
49266
49365
49260
49283
49294
49379
49311
49419
49261
49362
49284
49345
49274
49305
49267
49294
49360
49265
49313
49415
49478
49267
49270
49341
49325
49333
49355
49271
49287
49399
49296
49364
49273
49392
49277
49414
49468
49278
49279
49281
49470
49280
49315
49284
49411
49308
49331
49285
49323
49286
49321
49465
49324
49291
49330
49301
49337
49337
49295
49298
49297
49393
49298
49398
49289
49407
49526
49536
53314
49327
49347
49358
49523
49542
49312
49332
49354
49355
49356
49383
49343
49480
49320
49352
49390
49312
49340
49318
49532
49303
49563
49303
49357
49310
49306
49503
49306
49352
49328
49309
49335
49403
49373
49446
49344
49374
49317
49449
49331
49477
49317
49388
49454
49318
49353
49344
49439
49396
49489
49345
49464
49322
49328
49322
49323
49493
49441
49326
49389
49336
49382
49327
49434
49508
49492
49342
49436
54570
49348
49502
49540
49338
49583
49394
49427
49422
49377
49516
49339
49444
49402
49527
49376
49458
49374
49425
49343
49524
49351
53011
49353
49357
49410
49417
49422
49349
49509
49349
49381
49467
49395
49507
49413
49487
49469
49395
49417
49425
49472
49367
49384
49475
49375
49421
49401
49531
49382
49567
49363
49476
49363
49409
49370
49366
49481
49366
49378
49578
49375
49390
49371
49430
49556
49373
49380
49447
49386
49431
49424
49459
49388
49452
49577
49455
49462
49397
49443
49403
53201
49379
49579
49517
49412
53496
49414
52045
49521
49385
49442
49385
49501
49565
49530
49558
49404
49498
49557
49437
49433
49512
49500
52382
53270
64789
49393
49551
49495
49473
49547
49513
49510
49426
54222
49400
49541
49400
49550
49573
49529
53726
49562
49564
49522
49487
55816
49426
53315
53409
49408
49420
49408
49587
49559
49410
49432
49537
49507
49564
49430
49555
49418
49552
49543
49416
49554
49520
49490
49518
49572
49420
49457
53423
49505
53275
49571
49428
49566
54438
49538
49575
49549
49451
49458
53001
49460
49471
49452
49591
49574
49432
53399
53642
49435
54537
49435
53355
55748
49474
54680
53671
49440
49450
49440
49499
53836
49442
49497
53844
49445
54279
49445
49463
55832
49448
49520
49448
49555
54381
49450
49584
53539
52581
54423
53881
49461
49511
53897
51942
53044
51959
53421
49457
53672
53936
53409
49514
53400
49576
53511
49491
49528
49501
49504
49521
55837
49465
49537
49529
49519
49528
54849
49468
53532
49540
49470
49495
49539
49544
55539
49473
49517
49546
49518
49545
49476
49499
49561
49479
52613
49479
49553
49482
49481
49489
49581
49484
53694
49488
53511
55683
49496
54458
49544
49569
49576
49533
49535
53522
53013
55598
55630
53559
53109
53456
49519
53587
49494
53052
49494
49497
54452
53595
49534
56483
54453
55819
56519
53838
49523
53382
53556
49503
52086
53052
49506
54540
49506
49535
53522
54509
49509
53375
53527
53044
53106
49514
53338
49539
54520
49525
54508
54697
51949
55598
64818
49577
53156
53670
54490
53241
53625
53391
49543
54549
53581
49525
49568
58350
49527
49588
52352
54691
54943
49561
54649
49532
53736
53558
53292
54675
54472
64653
53565
55591
53654
53338
55965
54823
53324
53382
54574
53277
53573
54892
53393
53136
53805
49548
54983
49548
52994
54850
51959
53109
49551
55724
53590
49557
49589
49554
53725
53624
54402
53400
53502
56564
53397
54660
53433
54476
49590
52354
55201
54513
49563
53829
53421
53348
53546
53858
54440
55529
49568
53391
58270
52382
54501
51942
53106
53456
53474
55497
54575
55716
49575
54601
55958
55650
53499
49580
49582
49580
53663
64808
49582
54604
64809
49584
52352
49585
52141
53537
52404
54587
49588
54482
53679
53050
54586
53862
54939
51782
55874
49943
50291
64846
49944
51655
64851
49945
51322
64856
49946
51323
64861
49947
51324
64866
49948
51325
64871
49948
51321
64876
49949
49950
64886
49950
50293
64891
50294
50939
64901
50295
50938
64911
50296
50937
64921
50297
50936
64931
50298
50935
64941
50299
50934
64951
50300
50623
64961
50290
50301
64971
50302
50624
64981
50303
50625
64991
50304
50626
65001
50305
50627
65011
50306
50628
65021
50307
50629
65031
50308
50630
65041
50309
50631
65051
50310
50632
65061
50311
50633
65071
50312
50634
65081
50313
50635
65091
50314
50636
65101
50315
50637
65111
50316
50638
65121
50317
50639
65131
50318
50640
65141
50319
50641
65151
50320
50642
65161
50321
50643
65171
50322
50644
65181
50323
50645
65191
50324
50646
65201
50325
50647
65211
50326
50648
65221
50327
50649
65231
50328
50650
65241
50329
50651
65251
50330
50652
65261
50331
50653
65271
50332
50654
65281
50333
50655
65291
50334
50656
65301
50335
50657
65311
50336
50658
65321
50337
50659
65331
50338
50660
65341
50339
50661
65351
50340
50662
65361
50341
50663
65371
50342
50664
65381
50343
50665
65391
50344
50666
65401
50345
50667
65411
50346
50668
65421
50347
50669
65431
50348
50670
65441
50349
50671
65451
50350
50672
65461
50351
50673
65471
50352
50674
65481
50353
50675
65491
50354
50676
65501
50355
50677
65511
50356
50678
65521
50357
50679
65531
50358
50680
65541
50359
50681
65551
50360
50682
65561
50361
50683
65571
50362
50684
65581
50363
50685
65591
50364
50686
65601
50365
50687
65611
50366
50688
65621
50367
50689
65631
50368
50690
65641
50369
50691
65651
50370
50692
65661
50371
50693
65671
50372
50694
65681
50373
50695
65691
50374
50696
65701
50375
50697
65711
50376
50698
65721
50377
50699
65731
50378
50700
65741
50379
50701
65751
50380
50702
65761
50381
50703
65771
50382
50704
65781
50383
50705
65791
50384
50706
65801
50385
50707
65811
50386
50708
65821
50387
50709
65831
50388
50710
65841
50389
50711
65851
50390
50712
65861
50391
50713
65871
50392
50714
65881
50393
50715
65891
50052
50716
65901
50052
50053
65906
50053
50054
65911
50054
50055
65916
50055
50056
65921
50056
50057
65926
50057
50058
65931
50058
50059
65936
50059
50060
65941
50060
50394
65946
50395
50948
65956
50396
50947
65966
50397
50946
65976
50398
50945
65986
50399
50944
65996
50400
50943
66006
50401
50942
66016
50402
50941
66026
50403
50940
66036
50404
50717
66046
50405
50718
66056
50406
50719
66066
50407
50720
66076
50408
50721
66086
50409
50722
66096
50410
50723
66106
50411
50724
66116
50412
50725
66126
50413
50726
66136
50414
50727
66146
50415
50728
66156
50416
50729
66166
50417
50730
66176
50418
50731
66186
50419
50732
66196
50420
50733
66206
50421
50734
66216
50422
50735
66226
50423
50736
66236
50424
50737
66246
50425
50738
66256
50426
50739
66266
50427
50740
66276
50428
50741
66286
50429
50742
66296
50430
50743
66306
50431
50744
66316
50432
50745
66326
50433
50746
66336
50434
50747
66346
50435
50748
66356
50436
50749
66366
50437
50750
66376
50438
50751
66386
50439
50752
66396
50440
50753
66406
50441
50754
66416
50442
50755
66426
50443
50756
66436
50444
50757
66446
50445
50758
66456
50446
50759
66466
50447
50760
66476
50448
50761
66486
50449
50762
66496
50450
50763
66506
50451
50764
66516
50452
50765
66526
50453
50766
66536
50454
50767
66546
50455
50768
66556
50456
50769
66566
50457
50770
66576
50458
50771
66586
50459
50772
66596
50460
50773
66606
50461
50774
66616
50462
50775
66626
50463
50776
66636
50464
50777
66646
50465
50778
66656
50466
50779
66666
50467
50780
66676
50468
50781
66686
50469
50782
66696
50470
50783
66706
50471
50784
66716
50472
50785
66726
50473
50786
66736
50474
50787
66746
50475
50788
66756
50476
50789
66766
50477
50790
66776
50478
50791
66786
50479
50792
66796
50480
50793
66806
50481
50794
66816
50482
50795
66826
50483
50796
66836
50484
50797
66846
50485
50798
66856
50486
50799
66866
50487
50800
66876
50488
50801
66886
50489
50802
66896
50490
50803
66906
50491
50804
66916
50492
50805
66926
50493
50806
66936
50494
50807
66946
50495
50808
66956
50496
50809
66966
50163
50497
66976
49942
50498
50499
50949
50500
50810
50501
50811
50502
50812
50503
50813
50504
50814
50505
50815
50506
50816
50507
50817
50508
50818
50509
50819
50510
50820
50511
50821
50512
50822
50513
50823
50514
50824
50515
50825
50516
50826
50517
50827
50518
50828
50519
50829
50520
50830
50521
50831
50522
50832
50523
50833
50524
50834
50525
50835
50526
50836
50527
50837
50528
50838
50529
50839
50530
50840
50531
50841
50532
50842
50533
50843
50534
50844
50535
50845
50536
50846
50537
50847
50538
50848
50539
50849
50540
50850
50541
50851
50542
50852
50543
50853
50544
50854
50545
50855
50546
50856
50547
50857
50548
50858
50549
50859
50550
50860
50551
50861
50552
50862
50553
50863
50554
50864
50555
50865
50556
50866
50557
50867
50558
50868
50559
50869
50560
50870
50561
50871
50562
50872
50563
50873
50564
50874
50565
50875
50566
50876
50567
50877
50568
50878
50569
50879
50570
50880
50571
50881
50572
50882
50573
50883
50574
50884
50575
50885
50576
50886
50577
50887
50578
50888
50579
50889
50580
50890
50581
50891
50582
50892
50583
50893
50584
50894
50585
50895
50586
50896
50587
50897
50588
50898
50589
50899
50590
50900
50591
50901
50592
50902
50593
50903
50594
50904
50595
50905
50596
50906
50597
50907
50598
50908
50599
50909
50600
50910
50601
50911
50602
50912
50603
50913
50604
50914
50605
50915
50606
50916
50607
50917
50608
50918
50609
50919
50610
50920
50611
50921
50612
50922
50613
50923
50614
50924
50615
50925
50616
50926
50617
50927
50618
50928
50619
50929
50620
50930
50621
50931
50622
50932
49941
50933
49941
49942
52287
52288
51189
51320
51322
51656
51323
51783
52284
52285
51325
51784
51326
50950
51786
51353
50293
50939
64896
50294
50938
64906
50295
50937
64916
50296
50936
64926
50297
50935
64936
50298
50934
64946
50299
50623
64956
50290
50300
64966
50301
50624
64976
50302
50625
64986
50303
50626
64996
50304
50627
65006
50305
50628
65016
50306
50629
65026
50307
50630
65036
50308
50631
65046
50309
50632
65056
50310
50633
65066
50311
50634
65076
50312
50635
65086
50313
50636
65096
50314
50637
65106
50315
50638
65116
50316
50639
65126
50317
50640
65136
50318
50641
65146
50319
50642
65156
50320
50643
65166
50321
50644
65176
50322
50645
65186
50323
50646
65196
50324
50647
65206
50325
50648
65216
50326
50649
65226
50327
50650
65236
50328
50651
65246
50329
50652
65256
50330
50653
65266
50331
50654
65276
50332
50655
65286
50333
50656
65296
50334
50657
65306
50335
50658
65316
50336
50659
65326
50337
50660
65336
50338
50661
65346
50339
50662
65356
50340
50663
65366
50341
50664
65376
50342
50665
65386
50343
50666
65396
50344
50667
65406
50345
50668
65416
50346
50669
65426
50347
50670
65436
50348
50671
65446
50349
50672
65456
50350
50673
65466
50351
50674
65476
50352
50675
65486
50353
50676
65496
50354
50677
65506
50355
50678
65516
50356
50679
65526
50357
50680
65536
50358
50681
65546
50359
50682
65556
50360
50683
65566
50361
50684
65576
50362
50685
65586
50363
50686
65596
50364
50687
65606
50365
50688
65616
50366
50689
65626
50367
50690
65636
50368
50691
65646
50369
50692
65656
50370
50693
65666
50371
50694
65676
50372
50695
65686
50373
50696
65696
50374
50697
65706
50375
50698
65716
50376
50699
65726
50377
50700
65736
50378
50701
65746
50379
50702
65756
50380
50703
65766
50381
50704
65776
50382
50705
65786
50383
50706
65796
50384
50707
65806
50385
50708
65816
50386
50709
65826
50387
50710
65836
50388
50711
65846
50389
50712
65856
50390
50713
65866
50391
50714
65876
50392
50715
65886
50393
50716
65896
51065
51333
51513
51334
51335
51789
51336
51790
51337
50394
50948
65951
50395
50947
65961
50396
50946
65971
50397
50945
65981
50398
50944
65991
50399
50943
66001
50400
50942
66011
50401
50941
66021
50402
50940
66031
50403
50717
66041
50404
50718
66051
50405
50719
66061
50406
50720
66071
50407
50721
66081
50408
50722
66091
50409
50723
66101
50410
50724
66111
50411
50725
66121
50412
50726
66131
50413
50727
66141
50414
50728
66151
50415
50729
66161
50416
50730
66171
50417
50731
66181
50418
50732
66191
50419
50733
66201
50420
50734
66211
50421
50735
66221
50422
50736
66231
50423
50737
66241
50424
50738
66251
50425
50739
66261
50426
50740
66271
50427
50741
66281
50428
50742
66291
50429
50743
66301
50430
50744
66311
50431
50745
66321
50432
50746
66331
50433
50747
66341
50434
50748
66351
50435
50749
66361
50436
50750
66371
50437
50751
66381
50438
50752
66391
50439
50753
66401
50440
50754
66411
50441
50755
66421
50442
50756
66431
50443
50757
66441
50444
50758
66451
50445
50759
66461
50446
50760
66471
50447
50761
66481
50448
50762
66491
50449
50763
66501
50450
50764
66511
50451
50765
66521
50452
50766
66531
50453
50767
66541
50454
50768
66551
50455
50769
66561
50456
50770
66571
50457
50771
66581
50458
50772
66591
50459
50773
66601
50460
50774
66611
50461
50775
66621
50462
50776
66631
50463
50777
66641
50464
50778
66651
50465
50779
66661
50466
50780
66671
50467
50781
66681
50468
50782
66691
50469
50783
66701
50470
50784
66711
50471
50785
66721
50472
50786
66731
50473
50787
66741
50474
50788
66751
50475
50789
66761
50476
50790
66771
50477
50791
66781
50478
50792
66791
50479
50793
66801
50480
50794
66811
50481
50795
66821
50482
50796
66831
50483
50797
66841
50484
50798
66851
50485
50799
66861
50486
50800
66871
50487
50801
66881
50488
50802
66891
50489
50803
66901
50490
50804
66911
50491
50805
66921
50492
50806
66931
50493
50807
66941
50494
50808
66951
50495
50809
66961
50164
51342
50496
66971
50498
50949
50499
50810
50500
50811
50501
50812
50502
50813
50503
50814
50504
50815
50505
50816
50506
50817
50507
50818
50508
50819
50509
50820
50510
50821
50511
50822
50512
50823
50513
50824
50514
50825
50515
50826
50516
50827
50517
50828
50518
50829
50519
50830
50520
50831
50521
50832
50522
50833
50523
50834
50524
50835
50525
50836
50526
50837
50527
50838
50528
50839
50529
50840
50530
50841
50531
50842
50532
50843
50533
50844
50534
50845
50535
50846
50536
50847
50537
50848
50538
50849
50539
50850
50540
50851
50541
50852
50542
50853
50543
50854
50544
50855
50545
50856
50546
50857
50547
50858
50548
50859
50549
50860
50550
50861
50551
50862
50552
50863
50553
50864
50554
50865
50555
50866
50556
50867
50557
50868
50558
50869
50559
50870
50560
50871
50561
50872
50562
50873
50563
50874
50564
50875
50565
50876
50566
50877
50567
50878
50568
50879
50569
50880
50570
50881
50571
50882
50572
50883
50573
50884
50574
50885
50575
50886
50576
50887
50577
50888
50578
50889
50579
50890
50580
50891
50581
50892
50582
50893
50583
50894
50584
50895
50585
50896
50586
50897
50587
50898
50588
50899
50589
50900
50590
50901
50591
50902
50592
50903
50593
50904
50594
50905
50595
50906
50596
50907
50597
50908
50598
50909
50599
50910
50600
50911
50601
50912
50602
50913
50603
50914
50604
50915
50605
50916
50606
50917
50607
50918
50608
50919
50609
50920
50610
50921
50611
50922
50612
50923
50613
50924
50614
50925
50615
50926
50616
50927
50617
50928
50618
50929
50619
50930
50620
50931
50621
50932
50622
50933
51317
51319
53169
51321
52578
53166
51328
51330
50952
50954
50957
50961
50964
50967
50969
51365
51364
51355
51369
51351
51349
51347
51345
51374
51375
51377
51378
51381
51384
51385
51386
51387
51388
51389
51390
51391
51392
51393
51394
51395
51396
51399
51402
51403
51404
51405
51406
51407
51408
51409
51410
51411
51412
51413
51414
51417
51418
51419
51420
51421
51422
51423
51424
51425
51426
51427
51428
51431
51434
51435
51438
51441
51444
51447
51448
51449
51450
51451
51452
51455
51458
51459
51462
51465
51040
51041
51042
51043
51044
51045
51046
51047
51048
51049
51050
51051
51052
51053
51054
51055
51056
51057
51058
51059
51060
51061
51062
51063
51338
51067
51068
51071
51074
51078
51081
51084
51088
51521
51520
51525
51527
51530
51097
51533
51535
51536
51537
51538
51539
51540
51541
51542
51543
51544
51545
51546
51547
51548
51549
51550
51551
51552
51553
51554
51555
51556
51557
51558
51559
51562
51565
51566
51569
51572
51575
51576
51579
51580
51581
51582
51583
51584
51585
51586
51587
51588
51590
51591
51592
51593
51594
51597
51600
51603
51606
51607
51608
51609
51610
51611
51612
51613
51614
51615
51616
51619
51622
51623
51625
51626
51627
51628
51629
51630
51633
51634
51635
51636
51637
51638
51640
51641
51642
51643
51646
51649
51650
51651
51652
51654
51188
51866
51340
51185
51659
51660
51661
51662
51663
51664
51665
51666
51667
51668
51669
51670
51671
51672
51673
51674
51675
51676
51677
51678
51679
51680
51681
51682
51683
51684
51685
51686
51687
51688
51689
51690
51691
51692
51693
51694
51695
51696
51697
51698
51699
51700
51701
51702
51703
51704
51705
51706
51707
51708
51709
51710
51711
51712
51713
51714
51715
51716
51717
51718
51719
51720
51721
51722
51723
51724
51725
51726
51727
51728
51729
51730
51731
51732
51733
51734
51735
51736
51737
51738
51739
51740
51741
51742
51743
51744
51745
51746
51747
51748
51749
51750
51751
51752
51753
51754
51755
51756
51757
51758
51759
51760
51761
51762
51763
51764
51765
51766
51767
51768
51769
51770
51771
51772
51773
51774
51775
51776
51777
51778
51779
51780
51781
51313
50968
50971
50972
50973
50974
50975
50976
50977
50978
50979
50980
50981
50982
50983
50984
50985
50986
50987
50988
50989
50990
50991
50992
50993
50994
50995
50996
50997
50998
50999
51000
51001
51002
51003
51004
51005
51006
51007
51008
51009
51010
51011
51012
51013
51014
51015
51016
51017
51018
51019
51020
51021
51022
51023
51024
51025
51026
51027
51028
51029
51030
51031
51032
51033
51034
51035
51036
51037
51038
51039
51467
51468
51471
51474
51475
51476
51477
51478
51479
51482
51485
51486
51487
51489
51491
51493
51495
51497
51498
51499
51501
51504
51508
51064
51092
51093
51094
51095
51096
51532
51098
51099
51100
51101
51102
51103
51104
51105
51106
51107
51108
51109
51110
51111
51112
51113
51114
51115
51116
51117
51118
51119
51120
51121
51122
51123
51124
51125
51126
51127
51128
51129
51130
51131
51132
51133
51134
51135
51136
51137
51138
51139
51140
51141
51142
51143
51144
51145
51146
51147
51148
51149
51150
51151
51152
51153
51154
51155
51156
51157
51158
51159
51160
51161
51162
51163
51164
51165
51166
51167
51168
51169
51170
51171
51172
51173
51174
51175
51176
51177
51178
51179
51180
51181
51182
51183
51184
51190
51191
51192
51193
51194
51195
51196
51197
51198
51199
51200
51201
51202
51203
51204
51205
51206
51207
51208
51209
51210
51211
51212
51213
51214
51215
51216
51217
51218
51219
51220
51221
51222
51223
51224
51225
51226
51227
51228
51229
51230
51231
51232
51233
51234
51235
51236
51237
51238
51239
51240
51241
51242
51243
51244
51245
51246
51247
51248
51249
51250
51251
51252
51253
51254
51255
51256
51257
51258
51259
51260
51261
51262
51263
51264
51265
51266
51267
51268
51269
51270
51271
51272
51273
51274
51275
51276
51277
51278
51279
51280
51281
51282
51283
51284
51285
51286
51287
51288
51289
51290
51291
51292
51293
51294
51295
51296
51297
51298
51299
51300
51301
51302
51303
51304
51305
51306
51307
51308
51309
51310
51311
51312
51315
50965
50962
50958
50955
50953
50951
51090
51086
51082
51079
51075
51072
51069
51515
51066
51658
53366
51085
51514
50956
50959
51329
51331
50960
51360
50956
51332
52390
50963
51359
50959
50960
53248
53818
50966
51357
50963
51360
52320
51316
51361
50966
51359
52388
51314
51356
50970
51367
50970
51318
52386
51363
51977
51354
51366
51368
51971
51350
51980
51348
51370
51346
51371
51344
51372
51373
52298
51982
51983
51376
51984
51379
51985
51380
51382
51383
51987
51989
52314
51988
51990
51986
51991
51981
51992
51979
51993
51978
51994
51976
51995
51975
51996
51974
51997
51973
51998
51972
51999
51397
51967
51398
51400
51401
52001
52003
52313
52002
52004
52000
52005
51966
52006
51965
52007
51964
52008
51963
52009
51962
52010
51961
52011
51960
52012
51412
52013
51415
51958
51416
52014
52016
52312
52015
52017
51957
52018
51956
52019
51955
52020
51954
52021
51953
52022
51952
52023
51951
52024
51950
52025
51427
51429
51430
51432
51433
52026
51436
52311
51437
51439
51440
51442
51443
51445
51446
52030
52032
52310
52031
52033
52029
52034
52028
52035
51453
52027
51454
51456
51457
52037
51460
52309
51461
51463
51464
52039
51466
52369
51466
52308
51469
52040
51470
51472
51473
52042
52044
52307
51476
52043
52041
52046
52038
52047
51480
52036
51481
51483
51484
52048
52050
52306
52049
52051
51488
52052
51490
52053
51492
52054
51494
52055
51496
52056
52057
52058
51948
52059
51500
51502
51503
51505
51506
51509
51507
52064
51089
51524
51358
51510
51186
51341
51070
51517
51073
51076
51070
51339
53084
51077
51516
51073
51517
53507
51080
51518
51076
51077
53279
53505
51083
51352
51080
51516
53280
51087
51511
51083
51518
53082
51085
51091
53283
51087
51352
52401
51089
51514
52403
51091
51511
53285
51519
51522
51523
52301
51526
51528
51529
52069
51531
52300
51531
52299
51534
52071
52072
52073
52068
52074
52067
52075
52066
52076
52065
52077
52063
52078
52079
52304
52062
52080
52081
52305
52061
52082
52060
52083
51947
52084
51946
52085
51549
51945
51944
52087
51943
52088
51551
52089
51941
52090
51940
52091
51939
52092
51938
52093
51937
52094
51936
52095
51560
51935
51561
51563
51564
52097
51567
52297
51568
51570
51571
51573
51574
52100
51577
52296
51578
52101
52103
52295
52102
52104
52099
52105
52098
52106
52096
52107
51934
52108
51933
52109
51932
52110
51931
52111
51589
52112
52113
52114
51930
52115
51929
52116
51595
51928
51596
51598
51599
51601
51602
51604
51605
52120
52122
52294
52121
52123
52119
52124
52118
52125
52117
52126
51927
52127
51926
52128
51925
52129
51924
52130
51617
51923
51618
51620
51621
52132
52133
52293
51624
52134
52135
52136
52131
52137
51922
52138
51921
52139
51631
51920
51632
52140
52142
52292
51634
52143
51919
52144
51918
52145
51917
52146
51639
52147
52148
52149
51916
52150
51644
51915
51645
51647
51648
52152
52154
52291
52153
52155
52151
52156
51653
52157
51187
52159
51186
51187
53443
53464
51343
52302
52585
52587
52158
52160
51914
52161
51913
52162
51912
52163
51911
52164
51910
52165
51909
52166
51908
52167
51907
52168
51906
52169
51905
52170
51904
52171
51903
52172
51902
52173
51901
52174
51900
52175
51899
52176
51898
52177
51897
52178
51896
52179
51895
52180
51894
52181
51893
52182
51892
52183
51891
52184
51890
52185
51889
52186
51888
52187
51887
52188
51886
52189
51885
52190
51884
52191
51883
52192
51882
52193
51881
52194
51880
52195
51879
52196
51878
52197
51877
52198
51876
52199
51875
52200
51874
52201
51873
52202
51872
52203
51871
52204
51870
52205
51869
52206
51868
52207
51867
52208
51865
52209
51864
52210
51863
52211
51862
52212
51861
52213
51860
52214
51859
52215
51858
52216
51857
52217
51856
52218
51855
52219
51854
52220
51853
52221
51852
52222
51851
52223
51850
52224
51849
52225
51848
52226
51847
52227
51846
52228
51845
52229
51844
52230
51843
52231
51842
52232
51841
52233
51840
52234
51839
52235
51838
52236
51837
52237
51836
52238
51835
52239
51834
52240
51833
52241
51832
52242
51831
52243
51830
52244
51829
52245
51828
52246
51827
52247
51826
52248
51825
52249
51824
52250
51823
52251
51822
52252
51821
52253
51820
52254
51819
52255
51818
52256
51817
52257
51816
52258
51815
52259
51814
52260
51813
52261
51812
52262
51811
52263
51810
52264
51809
52265
51808
52266
51807
52267
51806
52268
51805
52269
51804
52270
51803
52271
51802
52272
51801
52273
51800
52274
51799
52275
51798
52276
51797
52277
51796
52278
51795
52279
51794
52280
51793
52281
51792
52286
51314
51361
52612
51316
51357
52579
51318
51356
52582
51320
51362
52585
51327
51783
52284
51784
52285
51785
51327
51785
52608
51329
51657
52590
51331
51332
53430
53432
51358
51512
51787
51788
51787
51969
51968
52283
51507
52282
51339
51791
53440
51341
52290
52601
51343
53245
52603
51345
52454
51373
51347
53175
51372
51349
52333
51371
51351
53173
51370
52331
51657
53366
51355
52319
51368
52329
52325
52392
53088
52323
52391
52322
53251
51364
53168
51366
51367
51977
52327
52321
53246
51971
51980
52334
52316
53164
52315
51982
52298
51376
51983
52332
51984
51985
51379
51380
53177
53172
51382
51383
53550
53557
51987
52314
51988
51989
51986
51990
51981
51991
51979
51992
51978
51993
51976
51994
51975
51995
51974
51996
51973
51997
51972
51998
51967
51999
51397
51398
53187
53622
51400
51401
53623
53551
52001
52313
52002
52003
52000
52004
51966
52005
51965
52006
51964
52007
51963
52008
51962
52009
51961
52010
51960
52011
52012
51958
52013
51415
51416
53198
53632
52014
52312
52015
52016
51957
52017
51956
52018
51955
52019
51954
52020
51953
52021
51952
52022
51951
52023
51950
52024
52025
51429
51430
53636
53720
51432
51433
53637
54568
52026
52311
51436
51437
53212
53210
51439
51440
53264
53538
51442
51443
53214
53640
51445
51446
53641
53536
52030
52310
52031
52032
52029
52033
52028
52034
52027
52035
51453
51454
53218
53209
51456
51457
53266
53531
52037
52309
51460
51461
53223
53220
51463
51464
53271
53528
52039
52369
52370
52040
52308
51469
51470
53227
53225
51472
51473
53273
53801
52042
52307
52043
52044
52041
52038
52046
52036
52047
51480
51481
53233
53648
51483
51484
53652
53524
52048
52306
52049
52050
51488
52051
52374
51490
52052
53237
51492
52053
52379
51494
52054
53239
51496
52055
52380
52056
52057
51948
52058
51500
52059
52606
51502
51503
53317
53242
51505
51506
53276
53515
52383
51509
51510
53457
53243
52385
51513
53282
51788
52592
51791
52064
52395
52398
53086
51520
52399
51523
51522
51524
52405
52394
52397
51526
52301
53289
51528
51529
53572
53834
52069
52300
52408
52070
52299
51534
52070
52407
52071
52072
52068
52073
52067
52074
52066
52075
52065
52076
52063
52077
52078
52304
52062
52079
52080
52305
52061
52081
52060
52082
51947
52083
51946
52084
51945
52085
51944
51943
52087
52088
51941
52089
51940
52090
51939
52091
51938
52092
51937
52093
51936
52094
51935
52095
51560
51561
53335
53454
51563
51564
53326
53495
52097
52297
51567
51568
53329
53327
51570
51571
53577
53735
51573
51574
53664
53492
52100
52296
51577
51578
53702
53331
52101
52295
52102
52103
52099
52104
52098
52105
52096
52106
51934
52107
51933
52108
51932
52109
51931
52110
51589
52111
52605
52112
52113
51930
52114
51929
52115
51928
52116
51595
51596
53340
53667
51598
51599
53669
53488
51601
51602
53341
53485
51604
51605
53342
53482
52120
52294
52121
52122
52119
52123
52118
52124
52117
52125
51927
52126
51926
52127
51925
52128
51924
52129
51923
52130
51617
51618
53378
53451
51620
51621
53351
53476
52132
52293
51624
52133
52440
52134
52135
52131
52136
51922
52137
51921
52138
51920
52139
51631
51632
53678
53449
52140
52292
52142
51919
52143
51918
52144
51917
52145
51639
52146
53448
52147
52148
51916
52149
51915
52150
51644
51645
53361
53831
51647
51648
53680
53468
52152
52291
52153
52154
52151
52155
51653
52156
52604
52157
53245
51656
52587
53446
52589
52318
53365
52158
52159
51914
52160
51913
52161
51912
52162
51911
52163
51910
52164
51909
52165
51908
52166
51907
52167
51906
52168
51905
52169
51904
52170
51903
52171
51902
52172
51901
52173
51900
52174
51899
52175
51898
52176
51897
52177
51896
52178
51895
52179
51894
52180
51893
52181
51892
52182
51891
52183
51890
52184
51889
52185
51888
52186
51887
52187
51886
52188
51885
52189
51884
52190
51883
52191
51882
52192
51881
52193
51880
52194
51879
52195
51878
52196
51877
52197
51876
52198
51875
52199
51874
52200
51873
52201
51872
52202
51871
52203
51870
52204
51869
52205
51868
52206
51867
52207
51865
52208
51864
52209
51863
52210
51862
52211
51861
52212
51860
52213
51859
52214
51858
52215
51857
52216
51856
52217
51855
52218
51854
52219
51853
52220
51852
52221
51851
52222
51850
52223
51849
52224
51848
52225
51847
52226
51846
52227
51845
52228
51844
52229
51843
52230
51842
52231
51841
52232
51840
52233
51839
52234
51838
52235
51837
52236
51836
52237
51835
52238
51834
52239
51833
52240
51832
52241
51831
52242
51830
52243
51829
52244
51828
52245
51827
52246
51826
52247
51825
52248
51824
52249
51823
52250
51822
52251
51821
52252
51820
52253
51819
52254
51818
52255
51817
52256
51816
52257
51815
52258
51814
52259
51813
52260
51812
52261
51811
52262
51810
52263
51809
52264
51808
52265
51807
52266
51806
52267
51805
52268
51804
52269
51803
52270
51802
52271
51801
52272
51800
52273
51799
52274
51798
52275
51797
52276
51796
52277
51795
52278
51794
52279
51793
52280
51792
52281
53314
64779
52588
52611
52610
53162
59072
52591
52594
51969
52283
51968
52282
52600
52393
52577
52576
52575
52574
52573
52572
52571
52570
52569
52568
52567
52566
52565
52564
52563
52562
52561
52560
52559
52558
52557
52556
52555
52554
52553
52552
52551
52550
52549
52548
52547
52546
52545
52544
52543
52542
52541
52540
52539
52538
52537
52536
52535
52534
52533
52532
52531
52530
52529
52528
52527
52526
52525
52524
52523
52522
52521
52520
52519
52518
52517
52516
52515
52514
52513
52512
52511
52510
52509
52508
52507
52506
52505
51970
53714
52602
52504
52503
52502
52501
52500
52499
52498
52497
52496
52495
52494
52493
52492
52491
52490
52489
52488
52487
52486
52485
52484
52483
52482
52481
52480
52479
52478
52477
52476
52475
52474
52473
52472
52471
52470
52469
52468
52467
52466
52465
52464
52463
52462
52461
52460
52459
52458
52457
53359
52450
53357
52448
53356
53353
52446
52445
53350
52439
53021
52438
53346
52433
53339
52432
52430
53337
52429
52428
53325
52419
53323
52418
53318
52417
54208
52416
53310
52415
53308
52414
53306
53241
55604
53208
52359
53207
52358
53205
52357
53203
52356
53200
54787
53196
52351
53141
52350
53146
52349
52348
53191
52344
52596
52303
52607
53368
52317
53185
53184
52343
53183
52342
52326
53182
53181
52330
52340
52336
53159
53161
52338
53180
53750
52339
54920
53170
53509
53157
53514
53155
53555
53154
53165
53544
53152
53190
53189
52347
53261
53150
53147
53144
53142
53139
53137
53473
53135
53545
52361
53133
52355
53131
53463
53129
53436
53127
53427
53125
53425
53123
53121
53541
52366
52365
53215
53117
52364
53116
53113
53422
53521
52373
53111
53232
53110
52371
52376
53108
52372
52086
54898
53222
53105
53104
53523
52378
53102
53418
53100
53236
53098
53095
53097
52381
53093
53091
52413
53303
53298
53296
53510
52411
52410
53294
53293
53080
53288
53078
52409
53077
53074
53406
53497
53072
53304
53070
53067
53404
53065
53402
53063
54192
53061
53398
53059
53396
53057
53394
53055
53392
53053
53051
52426
53494
52425
52424
53049
53047
52423
53045
53491
53490
53043
53387
53041
53040
53037
53035
53033
52431
53031
53383
53028
53345
52437
53344
53026
52436
53024
53481
53023
53022
53019
53018
53381
53016
53014
52444
53012
53010
53008
52443
53006
53376
53005
53003
53027
55936
52447
52999
53373
52997
53370
52995
52993
52449
52991
53469
52453
52989
53362
52988
52986
53322
52983
52456
52981
52978
52975
52972
52969
52966
52963
52960
52957
52954
52951
52948
52945
52942
52939
52936
52933
52930
52927
52924
52921
52918
52915
52912
52909
52906
52903
52900
52897
52894
52891
52888
52885
52882
52879
52876
52873
52870
52867
52864
52861
52858
52855
52852
52849
52846
52843
52840
52837
52834
52831
52828
52825
52822
52819
52816
52813
52810
52807
52804
52801
52798
52795
52792
52789
52786
52783
52780
52777
52774
52771
52768
52765
52762
52759
52756
52753
52750
52747
52744
52741
52738
52735
52732
52729
52726
52723
52720
52717
52714
52711
52708
52705
52702
52699
52696
52693
52690
52687
52684
52681
52678
52675
52672
52669
52666
52663
52660
52657
52654
52651
52648
52645
52642
52639
52636
52633
52630
52627
52624
52621
52618
52615
52597
53441
53437
52287
53412
52289
52289
52290
53707
53460
52396
52451
53354
52441
52434
53389
52422
52420
53561
53500
53290
52303
53738
53503
52384
52412
53300
52375
53230
53420
52367
52363
52360
52353
52345
52420
52455
52335
53548
53165
53543
53120
53162
52328
53364
52324
53089
52342
52387
52586
53167
52324
53756
53743
52389
52580
53158
53513
52328
53253
54704
52582
52614
53170
53508
52401
53083
52337
53160
52334
52335
53174
53616
52337
52340
54647
53171
53176
52346
53750
52421
53270
54501
55890
53255
53155
53620
52599
52616
52346
53186
54492
52353
53188
53148
53151
53145
53149
53140
53143
53138
53472
53027
53197
53128
54935
52362
53199
53132
53462
53130
53435
53127
53426
53126
53424
52361
52362
53635
53706
53122
53269
52368
53118
53114
53116
53115
53422
52368
53217
54388
53644
53268
53644
53107
53221
52377
53226
53419
53533
53103
53417
52376
52377
53234
53729
53302
53523
53101
53235
53096
53099
53306
53519
52583
52617
53416
53073
53415
52402
53414
52387
52584
54347
52389
53090
53827
53247
53434
52579
52612
53244
53413
52620
53411
52400
53410
53280
53506
52453
53408
52403
52405
53085
53507
52400
52406
54833
52402
53837
52593
53278
55541
52406
53842
53080
53287
53500
53603
53079
53407
53075
53077
53076
53405
53068
53071
53069
53403
53066
53401
53064
53574
53062
53398
53060
53395
53058
53394
53056
53392
52421
54569
52427
53328
52435
53390
53388
53493
53046
53491
52427
53495
54257
53054
53334
53043
53386
53042
53385
53034
53384
53038
53040
53032
53383
52435
53049
54238
52442
53343
53025
53481
53020
53022
53018
53380
53012
53333
52442
53344
54221
53009
53349
53379
53477
53017
53377
53007
53376
52452
53002
53000
53372
52993
53371
52998
53369
52452
53004
54191
53352
52455
53164
53956
52984
53466
52992
53360
52979
52982
52976
52980
52973
52977
52970
52974
52967
52971
52964
52968
52961
52965
52958
52962
52955
52959
52952
52956
52949
52953
52946
52950
52943
52947
52940
52944
52937
52941
52934
52938
52931
52935
52928
52932
52925
52929
52922
52926
52919
52923
52916
52920
52913
52917
52910
52914
52907
52911
52904
52908
52901
52905
52898
52902
52895
52899
52892
52896
52889
52893
52886
52890
52883
52887
52880
52884
52877
52881
52874
52878
52871
52875
52868
52872
52865
52869
52862
52866
52859
52863
52856
52860
52853
52857
52850
52854
52847
52851
52844
52848
52841
52845
52835
52839
52832
52836
52829
52833
52826
52830
52823
52827
52820
52824
52817
52821
52814
52818
52811
52815
52808
52812
52805
52809
52802
52806
52799
52803
52796
52800
52793
52797
52790
52794
52787
52791
52784
52788
52781
52785
52778
52782
52775
52779
52772
52776
52769
52773
52766
52770
52763
52767
52760
52764
52757
52761
52754
52758
52751
52755
52748
52752
52745
52749
52742
52746
52739
52743
52736
52740
52733
52737
52730
52734
52727
52731
52724
52728
52721
52725
52718
52722
52715
52719
52712
52716
52709
52713
52706
52710
52703
52707
52700
52704
52697
52701
52694
52698
52691
52695
52688
52692
52685
52689
52682
52686
52679
52683
52676
52680
52673
52677
52670
52674
52667
52671
52664
52668
52661
52665
52658
52662
52655
52659
52652
52656
52649
52653
52646
52650
52643
52647
52640
52644
52637
52641
52634
52638
52631
52635
52628
52632
52625
52629
52622
52626
52619
52623
52609
53330
52580
54614
53475
53512
52584
53393
64790
53757
52586
53825
53760
53441
53447
53431
53554
53429
53431
52595
53428
52593
53284
53870
52595
53570
54262
52598
53428
52598
52599
54408
53868
53297
53439
53442
53461
52838
52842
53249
53739
52987
53321
53039
53319
53094
53316
53163
53252
52609
53459
54659
53312
53459
53311
53438
52614
53324
55002
58164
52616
52617
53753
54944
52619
52620
53811
53769
52622
52623
53832
53873
52625
52626
54404
53876
52628
52629
54399
53878
52631
52632
54396
53879
52634
52635
54393
53880
52637
52638
54390
53882
52640
52641
54385
53884
52643
52644
54382
53885
52646
52647
54377
53887
52649
52650
54374
53888
52652
52653
54371
53889
52655
52656
54366
53891
52658
52659
54362
53892
52661
52662
54358
53893
52664
52665
54354
53895
52667
52668
54351
53896
52670
52671
54348
53898
52673
52674
54344
53902
52676
52677
54341
53903
52679
52680
54338
53905
52682
52683
54335
53906
52685
52686
54332
53907
52688
52689
54329
53908
52691
52692
54326
53909
52694
52695
54322
53910
52697
52698
54319
53911
52700
52701
54316
53912
52703
52704
54312
53913
52706
52707
54309
53914
52709
52710
54304
53915
52712
52713
54301
53916
52715
52716
54298
53922
52718
52719
54295
53923
52721
52722
54292
53925
52724
52725
54288
53926
52727
52728
54283
53927
52730
52731
54280
53928
52733
52734
54276
53929
52736
52737
54272
53931
52739
52740
54269
53932
52742
52743
54266
53934
52745
52746
54263
53935
52748
52749
54258
53937
52751
52752
54254
53938
52754
52755
54251
53939
52757
52758
54248
53941
52760
52761
54245
53942
52763
52764
54242
53943
52766
52767
54239
53944
52769
52770
54235
53945
52772
52773
54232
53946
52775
52776
54229
53951
52778
52779
54226
53952
52781
52782
54223
53953
52784
52785
54218
53954
52787
52788
54215
53955
52790
52791
54212
53958
52793
52794
54209
53959
52796
52797
54205
53960
52799
52800
54200
53961
52802
52803
54196
53962
52805
52806
54193
53964
52808
52809
54188
53965
52811
52812
54185
53966
52814
52815
54180
53968
52817
52818
54174
53970
52820
52821
54168
53972
52823
52824
54162
53974
52826
52827
54156
53976
52829
52830
54150
53978
52832
52833
54144
53980
52835
52836
54138
53982
52838
52839
54132
53984
52841
52842
54122
53864
52844
52845
54413
53986
52847
52848
54116
53988
52850
52851
54110
53990
52853
52854
54104
53992
52856
52857
54098
53994
52859
52860
54092
53996
52862
52863
54086
53998
52865
52866
54080
54000
52868
52869
54074
54002
52871
52872
54068
54004
52874
52875
54062
54006
52877
52878
54056
54008
52880
52881
54050
54010
52883
52884
54044
54012
52886
52887
54038
54014
52889
52890
54032
54016
52892
52893
54026
54018
52895
52896
54021
54020
52898
52899
54019
54023
52901
52902
54017
54029
52904
52905
54015
54035
52907
52908
54013
54041
52910
52911
54011
54047
52913
52914
54009
54053
52916
52917
54007
54059
52919
52920
54005
54065
52922
52923
54003
54071
52925
52926
54001
54077
52928
52929
53999
54083
52931
52932
53997
54089
52934
52935
53995
54095
52937
52938
53993
54101
52940
52941
53991
54107
52943
52944
53989
54113
52946
52947
53987
54119
52949
52950
53985
54125
52952
52953
53983
54129
52955
52956
53981
54135
52958
52959
53979
54141
52961
52962
53977
54147
52964
52965
53975
54153
52967
52968
53973
54159
52970
52971
53971
54165
52973
52974
53969
54171
52976
52977
53967
54177
52979
52980
54817
54183
52982
52985
53687
52984
52985
53963
54432
52987
53471
53684
52990
53470
52990
53363
53683
52992
53445
54435
52996
53001
54864
52996
53448
54439
52998
53367
54551
53000
53002
54443
54931
54445
53004
53450
54447
53356
53358
53007
53015
54430
53009
53010
54450
53333
53013
54571
53564
56452
53015
53349
54454
53017
53350
54859
53479
53020
53021
53675
53478
53030
53029
53566
53025
53026
54819
53343
53679
53029
53030
55495
54739
53032
53339
54461
53034
53035
54473
53319
53081
55936
55984
53038
53039
54769
54477
53385
53042
53337
54846
53051
54750
53046
53048
54484
53048
53390
54486
53332
53474
54662
53598
53228
53054
53336
54878
53056
53579
54499
53058
53320
54503
53060
53575
54507
53062
53313
54511
53064
53309
54515
53066
53092
54519
53068
53069
53856
54523
53071
53305
53696
53073
53299
54529
53075
53076
54403
54532
53295
53079
53288
54536
53562
56023
56596
53083
53087
54538
53085
53596
53781
53087
53281
54615
53089
53090
54417
54552
53092
53404
54579
53094
53307
54558
53096
53097
53716
53518
53099
53240
54369
53101
53237
54560
53103
53592
54562
53301
53525
53112
53520
55743
53108
54555
53226
54541
53227
53231
53112
53480
54307
53114
53115
55523
54577
53119
53118
53119
53790
54664
53211
53216
53122
53744
54899
53124
53267
53636
54913
53126
53207
54582
53206
54512
64763
53130
53203
54588
53132
53134
54590
53134
53199
54592
53202
53545
53930
54679
53138
53195
54917
53140
53141
53629
53195
53143
53194
54456
53145
53146
53627
53194
53148
53149
54673
55959
53151
53153
53734
53153
53261
53746
53185
53193
53534
53204
54483
53158
53182
54603
53160
53161
53613
53178
53560
53504
53610
53257
53259
59072
64881
53250
53610
53253
53255
53444
60212
53176
53614
54920
53179
53549
53174
53256
53615
53257
53548
53764
53178
53179
53759
54644
53186
53557
53256
53368
53599
53534
53591
53193
53604
53258
54598
53192
53621
53189
53770
53260
53197
53552
53192
53602
54527
54605
53628
53630
53202
53473
53779
53200
53631
53782
53547
53204
54542
53772
53597
56781
53206
53436
53785
53594
53267
53593
53219
53265
53213
53263
53262
53638
53213
53269
53690
53540
53639
53217
53536
53605
53731
54686
53219
53542
53791
53224
53271
53222
53793
53480
53224
53526
53794
53229
53272
53797
53229
54192
57251
54946
53231
53268
54572
53530
53649
53601
53647
53651
53728
53236
53804
53274
53418
54475
64483
64604
53240
53274
54698
54594
53276
53634
53244
53458
53808
53249
53364
53586
53248
53815
53818
53254
53251
53252
53444
55867
53859
53578
53609
53612
53608
54652
53259
54607
54480
53261
53752
53365
53748
53264
53692
53538
53266
55533
53531
53792
53617
53645
54620
53529
53273
53703
53801
53799
53277
53569
53516
54771
54971
55494
53600
53655
53281
53833
53413
53570
53284
53286
53810
53286
53414
53839
53288
53835
53291
53571
53291
53410
53845
53452
54702
53501
53657
53295
53407
53659
53297
53416
53848
53299
53498
53851
53301
53302
53850
53852
53304
53305
53415
53713
53307
53705
53309
53402
54747
53313
53574
53312
53857
54655
54851
54806
53475
64271
53317
54749
53634
53320
53568
53861
53890
53322
53661
53578
53467
53579
54502
53336
53392
53454
53662
53329
53576
53329
54761
53553
55655
53332
53702
54744
53886
53335
54879
53455
53866
53580
54821
53384
53347
53666
53486
53489
53483
53487
53904
53484
53566
53583
53347
53584
54676
53814
54822
53894
53589
53476
53677
53468
53674
53358
53585
53379
53564
53375
55755
53374
53367
53373
54794
53371
53445
53361
53947
53831
53363
53408
53681
54862
53535
53535
54550
53586
53370
53768
53448
54863
53373
53777
53588
53678
57789
53585
53378
55493
53451
53917
53381
53933
53589
54813
53584
54471
53668
53387
54418
53580
53389
54466
53693
54767
55512
64599
53467
53396
54505
53568
53399
64701
53575
64837
54969
53402
54517
53404
54521
53406
54526
53510
54534
53658
54998
54738
53412
53901
53708
53710
53656
53712
53646
53418
53846
53420
54564
53526
55163
53567
53433
53949
53425
54573
53593
53427
54584
53594
53745
53430
54714
53432
53611
53434
64800
55662
53436
53754
53438
53776
54275
53440
53724
53596
53723
53443
54624
53465
55867
54608
53447
53761
54855
53450
53678
54448
53453
54576
55043
53677
55657
53455
55024
54487
53458
53517
54764
53813
53461
53709
54421
53463
54411
53597
53465
53466
54914
54426
53765
53695
53470
53471
53919
53685
53473
54816
55646
64589
53477
55022
53479
53676
54457
54786
53583
53483
53484
54463
54790
53486
53487
54778
53855
53489
53669
54763
53582
53598
53494
53493
53665
54464
53582
53662
53499
53502
53498
53510
54495
55649
53501
56005
55706
53504
53740
54740
53506
53655
54543
53600
53509
54546
53599
55713
54422
57349
53514
53883
53591
53516
53517
55760
55459
53519
53717
54701
53521
53809
53601
55732
53592
53525
53652
54566
53802
53532
57988
53529
53530
55623
54758
53533
54502
54683
53800
53554
53643
53539
56596
53540
54510
54901
53542
53567
54648
53544
54479
53602
53547
53556
64556
54980
53783
53550
54731
53557
53552
53623
57006
53560
59072
53749
53604
53620
54539
53559
64824
54604
53563
53562
53603
55924
53605
55655
53763
53569
56513
53773
53673
54380
54760
53697
53572
54705
53834
53581
64814
54291
54286
53577
54825
53735
53872
53758
53767
54813
54467
54493
53730
54428
53688
53924
54593
53727
54128
54203
53595
64677
54638
53619
53806
53786
54823
53633
53762
53778
53899
53618
53698
53650
53626
54315
53606
53607
54610
53813
54659
53689
54646
53751
54883
53699
54597
54635
54559
54637
53755
53759
53819
54625
53616
54646
53820
53719
54628
54424
54621
53854
54688
54656
53622
54407
53623
53625
64795
54918
54653
54658
53628
53774
54581
53630
54535
53775
53632
55526
53635
53724
53780
53784
53660
53721
53722
54568
53732
53787
53640
53789
53641
53643
53654
64836
54942
53649
53691
54900
54618
54690
53648
53798
53653
53718
54481
54626
53704
53801
53653
55592
54943
54425
53837
54736
53834
54707
53674
53682
54403
54627
53706
53847
53686
54357
53860
53670
64618
53665
53737
53867
53667
54485
53669
54769
54856
54983
53672
53881
64798
54578
54715
54470
53676
53843
55019
54784
64746
53695
53715
53682
53683
55565
53920
53685
53686
53921
55985
54433
54828
53689
54862
55065
53691
53692
55583
54951
53700
53702
53725
56485
53733
53856
53940
53711
54261
53822
53823
54325
54812
54634
54791
54707
55552
56005
53704
54946
54693
54629
54701
54365
53708
53709
55170
55229
53711
53824
55200
53713
54531
53940
55867
60212
53741
53831
53717
54370
55238
53719
53865
55258
53721
53722
54497
54420
53776
54361
53849
64796
53795
64686
54434
54794
53729
54865
53821
54462
54724
53732
54460
54853
53742
54469
53747
54673
53737
53795
64825
54684
53739
53740
54882
54748
53742
53948
54757
53828
54416
54557
54568
54409
54429
53747
54600
56104
53749
53788
54596
54920
54619
54921
53771
54600
53869
54944
54589
54678
54647
54774
53816
53818
53830
54616
53766
54642
54643
53761
53826
55536
54411
54645
53918
54770
53819
54617
53766
54504
56097
54419
54845
54442
54961
53812
53900
53771
54857
57021
53817
54666
53863
54494
54669
54754
54887
54917
54671
54443
54923
54468
54975
54857
55527
53781
54936
54621
54365
54674
53820
54929
54735
54751
54584
54678
54585
54667
53788
55973
56586
54681
54872
54389
54663
54640
54648
53807
54913
54556
54786
53803
54437
55763
54693
54865
55587
53821
54894
53822
54670
53804
54699
54639
54746
53803
54565
55584
54561
54199
54491
53807
54573
55986
53824
54765
53823
54307
53840
54633
53812
53875
54895
54655
53829
64616
53816
54703
53828
54816
54826
54710
54888
54908
55759
55709
54835
53826
54812
55945
54554
54613
54709
61203
54937
58164
53874
53877
53950
54615
54866
55924
53841
54510
54612
53841
54513
53840
54736
55607
64758
53871
54737
54734
54739
53858
54500
54706
54893
54563
54696
54689
55526
53849
54618
55586
53853
54567
54496
54530
53853
53854
56017
55540
54463
54779
54524
54275
54631
64557
54559
54704
54752
54792
54478
54632
55508
56763
54756
55495
54124
54133
54758
55040
54602
54891
54465
54685
53869
54410
56764
53871
54633
55624
54357
54619
53874
53875
54982
55490
53877
54406
55035
54401
54405
54398
54400
54395
54397
55875
54392
54394
54603
54638
54387
54391
54384
54386
54450
54770
54379
54383
54376
54378
54373
54375
54380
54928
54368
54372
54364
54367
54360
54363
54451
55078
54356
54359
54353
54355
53924
54824
54350
54352
54547
54759
53901
55522
55169
54346
54349
54343
54345
54221
54820
54340
54342
54337
54339
54334
54336
54331
54333
54328
54330
54324
54327
54321
54323
54318
54320
54314
54317
54311
54313
54306
54310
54303
54305
53918
54782
55815
53920
53921
55538
56569
54300
54302
54297
54299
64788
54294
54296
54290
54293
54285
54289
54282
54284
54278
54281
54446
64786
54274
54277
54271
54273
54457
55066
54268
54270
54265
54267
53949
64797
54260
54264
54256
54259
54253
54255
54793
54250
54252
54247
54249
54244
54246
54241
54243
54237
54240
54234
54236
53948
54435
56756
64801
54545
55699
54231
54233
54228
54230
54225
54227
54220
54224
54217
54219
53957
54652
54569
57276
54214
54216
54211
54213
54207
54210
54202
54206
54198
54201
54427
54860
54195
54197
54190
54194
54187
54189
54178
54184
54182
54186
54172
54179
54176
54181
54166
54173
54170
54175
54160
54167
54164
54169
54154
54161
54158
54163
54148
54155
54152
54157
54142
54149
54146
54151
54136
54143
54140
54145
54130
54137
54134
54139
54126
54131
54123
54415
54120
54127
54118
54414
54114
54121
54112
54117
54108
54115
54106
54111
54102
54109
54100
54105
54096
54103
54094
54099
54090
54097
54088
54093
54084
54091
54082
54087
54078
54085
54076
54081
54072
54079
54070
54075
54066
54073
54064
54069
54060
54067
54058
54063
54054
54061
54052
54057
54048
54055
54046
54051
54042
54049
54040
54045
54036
54043
54034
54039
54030
54037
54028
54033
54024
54031
54022
54027
54022
54025
54858
54024
54025
55133
55134
54027
54028
55265
55273
54030
54031
55131
55270
54033
54034
55132
55279
54036
54037
55129
55276
54039
54040
55130
55285
54042
54043
55127
55282
54045
54046
55128
55291
54048
54049
55125
55288
54051
54052
55126
55297
54054
54055
55123
55294
54057
54058
55124
55303
54060
54061
55121
55300
54063
54064
55122
55309
54066
54067
55119
55306
54069
54070
55120
55315
54072
54073
55117
55312
54075
54076
55118
55321
54078
54079
55115
55318
54081
54082
55116
55327
54084
54085
55113
55324
54087
54088
55114
55333
54090
54091
55111
55330
54093
54094
55112
55339
54096
54097
55109
55336
54099
54100
55110
55345
54102
54103
55107
55342
54105
54106
55108
55351
54108
54109
55105
55348
54111
54112
55106
55357
54114
54115
55103
55354
54117
54118
55104
55363
54120
54121
55101
55360
54123
54124
55102
55366
54126
54127
54979
55369
54448
54654
54130
54131
55139
55137
54133
54134
55099
55376
54136
54137
55098
55518
54139
54140
55097
55382
54142
54143
55096
55373
54145
54146
55095
55388
54148
54149
55094
55379
54151
54152
55093
55394
54154
54155
55092
55385
54157
54158
55091
55400
54160
54161
55090
55391
54163
54164
55089
55406
54166
54167
55088
55397
54169
54170
55087
55412
54172
54173
55086
55403
54175
54176
55085
55418
54178
54179
55084
55409
54181
54182
55083
55424
54184
54837
55415
54186
54187
55082
55141
54189
54190
55081
55421
54449
55463
64683
54194
54195
55033
55144
54197
54198
55077
55427
54446
64751
54201
54202
55149
55147
54204
55066
54859
55762
54206
54207
55076
55705
55792
55933
54210
54211
55153
55151
54213
54214
55060
55432
54216
54217
54978
55435
54219
54220
55052
55057
54777
54279
55889
54224
54225
55009
55155
54227
54228
55047
55438
54230
54231
55046
55441
54233
54234
54962
55444
54236
54237
55044
55700
54745
54985
54240
54241
55161
55159
54243
54244
55042
55447
54246
54247
55041
55450
54249
54250
55038
55453
54252
54253
55236
55456
54255
54256
55037
55695
54792
54798
54259
54260
55165
55164
54262
55034
54429
54264
54265
55242
55167
54267
54268
55032
55460
54270
54271
55031
55464
54273
54274
55030
55467
54672
54277
54278
55240
55171
64776
54281
54282
54930
55173
54284
54285
55029
55470
54287
54511
54970
55814
54289
54290
54974
55715
54514
54851
54293
54294
55179
55177
54296
54297
55028
55473
54299
54300
55027
55632
54302
54303
55485
55025
54305
54306
55023
55255
54781
56515
64433
64606
54310
54311
54949
55185
54313
54314
55021
55476
54606
54657
54317
54318
55193
55191
54320
54321
55016
54960
54323
54324
54992
55266
54852
55609
54327
54328
55198
55196
54330
54331
55014
55053
54333
54334
55013
55062
54336
54337
55012
55067
54339
54340
55011
55070
54342
54343
55010
55073
54345
54346
55008
55673
54616
54637
54349
54350
55207
55205
54352
54353
55004
55005
54355
54356
55003
55188
54773
54359
54360
54950
55733
54839
54855
54363
54364
55212
55211
54772
54367
54368
55513
55214
54370
54700
55731
54372
54373
55252
55216
54375
54376
54999
55226
54378
54379
54997
55233
54506
54412
54918
54383
54384
55001
55219
54386
54387
54990
55245
54389
54687
55753
54391
54392
54941
55223
54394
54395
54989
55261
54397
54398
54987
55481
54400
54401
54986
55487
54412
54601
54984
54405
54406
54957
55738
54528
57006
54409
54410
55431
56418
54591
64803
54414
54415
55045
55249
54417
54994
54553
54419
54975
56744
54498
54611
54623
55231
54436
54661
54436
55889
54425
55547
54544
54427
54916
55269
54431
55707
54861
54431
54454
57280
54433
54860
55479
54654
54753
54609
64529
54795
55623
54444
55713
54902
54961
54444
64835
54442
54551
55887
55821
54445
56635
55463
56389
54448
54449
54719
54451
56428
54455
64832
54455
54500
55078
64560
54535
54581
55020
54472
55002
64274
64524
64597
54610
54867
54462
54836
55825
54789
54465
54466
55612
54634
54468
55496
55853
54470
55510
56132
54474
54836
64676
54474
54632
55831
64455
64682
54482
64630
54478
55663
55833
54480
54481
54977
55617
64747
55649
64774
54486
55496
54677
54808
54768
55876
64805
55201
55508
64694
54620
54708
56433
54491
55498
64740
54599
54625
54494
54834
56771
54496
54668
55843
54498
54743
54875
54602
54642
64559
64745
64737
54504
54928
55568
54506
54507
55749
54970
54509
64841
54822
64759
54783
54708
64704
64724
54516
56784
54516
54747
55531
54518
54519
54641
54747
54580
54537
64838
54522
54525
54579
55794
54524
54525
55690
55784
54533
54668
54528
54626
55847
54530
54531
55594
56114
54533
54984
55908
54536
54627
54886
54866
64729
54548
54612
54540
64654
56851
55876
56876
54549
56782
54544
54545
56011
55608
54547
54617
56445
54615
55741
56880
54551
54595
54553
54554
55820
55516
54556
54894
56752
54611
54905
54629
54749
56919
54561
54696
55860
54563
54688
55861
54565
54712
55864
54567
55592
56540
55714
54571
64672
64784
54628
54630
54583
54575
64655
64691
55732
56964
54578
55523
56546
54580
55873
54755
54583
54667
55544
54585
55880
55494
57562
55792
57233
54589
54645
55882
54591
54592
55884
54674
54594
56772
55954
54923
55887
54597
54988
55894
54599
54636
55920
54665
64754
55921
54759
64709
54606
54607
55664
55660
54609
54863
56474
54622
54847
55605
54614
54956
54682
55678
55181
54788
55972
64705
54766
54785
55372
54624
55100
54915
54896
55535
54695
54741
54927
54692
54946
54967
55372
55614
55682
54948
54714
54869
54713
54731
55939
54639
55532
54694
55533
54716
56785
55534
54644
54775
54711
54651
54718
55714
54715
54660
64723
54926
55527
55847
55543
55900
54929
54880
56005
54719
55372
54657
54746
55949
54780
55924
55655
64702
57115
57392
54971
56511
54664
55056
54885
55752
57021
54721
54980
54720
54874
55959
56104
54722
55592
54672
54840
54966
55959
55976
56513
64718
54677
54724
55553
54938
54680
64785
64673
54762
54942
54725
58164
54712
55533
54685
55507
56615
54687
54942
55582
55862
54772
54925
54726
54727
54697
64643
54693
54742
54717
55556
55578
55589
54728
56639
54699
54700
55618
55593
55239
55051
64719
54729
55662
55859
54706
54707
55596
61259
54729
54958
54897
55511
54731
54732
54717
54733
55925
55662
57985
55531
55681
55865
54888
55525
54800
55544
55824
54801
54827
54933
56540
54801
54980
55526
55576
54937
54995
54965
55248
54919
54944
55863
55899
54947
55502
55859
56919
54733
55215
55993
54968
55503
54802
55760
55606
54833
54854
54833
54893
55495
54871
55609
54742
55260
59427
54803
54913
54745
54791
56523
54804
54871
54884
54751
55933
56514
56022
54889
55024
54815
54976
54755
55621
54972
54968
56012
55509
55622
55623
54805
54776
64767
54798
54832
54981
55602
54796
54808
54765
54799
55735
55551
55558
54768
54985
56409
55663
54848
54776
64815
55000
54945
55667
54775
55669
55215
64662
54797
56085
54779
54796
56086
54881
55603
54786
54844
55022
55203
54838
54851
54841
55022
55210
56008
56876
62500
55248
55586
54790
56112
54797
54868
54810
55692
55694
55707
55039
55631
54811
55222
55018
54807
55459
54976
56446
54924
54934
55530
54876
55986
55950
56016
55564
56019
63597
64780
54934
55736
54842
54841
54910
55202
54890
55204
54843
56086
54830
64656
54815
55707
57280
55727
54917
54828
54837
54879
55024
55048
54820
54834
54831
54824
64710
55979
64839
64649
54832
55507
54827
55176
55722
54829
55079
55480
54932
55182
54996
56680
55183
54963
55506
55737
55723
55080
55726
56784
54840
55721
55725
55657
54843
55557
55841
55599
56752
54846
56723
54856
54877
55218
56403
57028
64644
64818
54870
64624
54932
55628
55232
56058
55579
55746
54906
54904
55537
55136
55264
55827
55634
55061
55430
55859
54902
54870
64830
54907
55878
55210
55232
54953
56523
54947
55919
64634
55195
54901
54911
54904
55663
55834
55844
55908
54876
54877
55983
56501
54879
54891
54881
55560
55846
54883
54884
55548
55850
54903
55523
54887
54973
55176
55550
54890
55050
55855
55049
54898
56880
55579
55610
55492
55521
54897
55920
56541
64684
54900
54905
56837
54951
56108
55484
56546
56723
55838
55184
55536
54908
55237
55625
54910
55762
55827
55756
54955
54981
55670
55714
57276
54915
54916
55711
56316
64804
54964
55872
55559
56047
55923
56723
56744
55528
54925
55962
55937
55537
55751
55922
55944
55542
56734
55172
55174
54998
64829
55718
55546
55759
55549
54940
64762
55015
55551
55998
55545
55883
54940
56759
64452
55224
55247
64687
55687
56064
55658
54952
55612
55186
55257
55190
55747
54954
54953
55782
56034
54955
55583
55938
54995
55517
55489
55739
54993
55595
55939
55975
56919
54991
55017
55907
55443
55445
54996
56771
54965
56006
56460
54967
55725
56008
55856
56639
61738
55826
57233
54973
55818
56335
55472
55767
55615
55698
55616
55660
55434
55436
55138
55370
55891
55036
55491
64625
55978
56373
55483
55488
55263
55482
55656
56586
55225
55262
55221
55246
54992
56557
55267
54994
56095
55820
55704
55828
55228
55234
64271
55217
55227
55666
55976
55220
55235
64736
55007
55189
55006
55206
55006
55007
56083
56014
55075
55677
55059
55156
55072
55074
55069
55071
55064
55068
55055
55063
55054
55197
55586
55611
55017
55192
55886
55183
55204
55020
55503
55879
55187
55477
55026
55256
55026
55486
56619
55475
55688
55178
55474
55175
55471
55466
55468
55462
55465
55168
55461
55145
55423
55061
55200
55036
55740
55957
55458
55789
55452
55454
55040
55696
55259
55449
55451
55160
55448
55158
57005
55446
55769
55250
55365
55440
55442
55157
55439
55049
55050
55504
55686
55158
56494
55058
55437
55054
55055
56141
56109
55484
55753
55058
55059
56144
56143
55152
55433
56147
55063
55064
56130
56686
55502
55524
55702
55068
55069
56469
56150
55071
55072
56090
56029
55074
55075
56087
56032
55148
55790
55146
55428
56155
55080
56127
55416
55143
55422
55142
55426
55420
55425
55410
55417
55414
55419
55404
55411
55408
55413
55398
55405
55402
55407
55392
55399
55396
55401
55386
55393
55390
55395
55380
55387
55384
55389
55374
55381
55378
55383
55375
55519
55368
55377
55501
55710
55361
55371
55251
55367
55355
55362
55359
55364
55349
55356
55353
55358
55343
55350
55347
55352
55337
55344
55341
55346
55331
55338
55335
55340
55325
55332
55329
55334
55319
55326
55323
55328
55313
55320
55317
55322
55307
55314
55311
55316
55301
55308
55305
55310
55295
55302
55299
55304
55289
55296
55293
55298
55283
55290
55287
55292
55277
55284
55281
55286
55271
55278
55275
55280
55135
55272
55135
55136
56221
56222
55138
55140
56229
55140
55520
56225
55142
55143
56021
56226
55145
55146
56498
56153
55148
55150
55996
55150
55429
56291
55152
55154
56294
55154
55679
56298
55156
55157
56688
56300
64827
55160
55162
56416
55162
55697
56451
61203
62500
55166
55243
55166
55712
55708
55168
55244
56340
55170
56342
55230
55172
55241
56346
55174
55175
56013
56359
56107
55178
55180
56710
55180
55689
56102
55511
56445
55717
55945
55505
55719
55721
55186
55187
56377
56365
55189
55190
56495
55980
55192
55194
56079
55194
55478
56382
55635
55852
55197
55199
56380
55199
55268
56386
55506
61259
55203
55693
55901
56396
55206
55208
56390
55208
55672
56392
55599
55600
55675
55730
55213
55514
55213
55734
55728
55253
55515
55671
55217
55254
56399
55836
55838
55220
55221
56401
56379
55499
55581
55224
55225
56413
56410
55227
55228
56072
55974
55230
55231
56374
55500
55757
55234
55235
56062
56419
55455
55457
55588
55744
55239
55731
57215
55241
55469
56422
55243
55244
56117
56740
55246
55247
56434
56334
55868
55250
55251
56565
56426
55253
55254
56189
56778
55256
55257
56560
56394
55259
55260
56454
57572
55262
55263
56015
56508
55265
56046
55274
55267
55268
56700
56437
55613
56092
55271
55272
56070
56441
55274
55275
56697
56235
55277
55278
56219
56035
55280
55281
56218
56240
55283
55284
56217
56232
55286
55287
56216
56246
55289
55290
56215
56237
55292
55293
56214
56252
55295
55296
56213
56243
55298
55299
56212
56258
55301
55302
56211
56249
55304
55305
56210
56264
55307
55308
56209
56255
55310
55311
56208
56270
55313
55314
56207
56261
55316
55317
56206
56276
55319
55320
56205
56267
55322
55323
56204
56282
55325
55326
56203
56273
55328
55329
56202
56288
55331
55332
56201
56279
55334
55335
56200
56301
55337
55338
56199
56285
55340
55341
56198
56307
55343
55344
56197
56295
55346
55347
56196
56313
55349
55350
56195
56304
55352
55353
56194
56320
55355
55356
56193
56310
55358
55359
56192
56326
55361
55362
56191
56317
55364
55365
56190
56707
55367
55368
56137
56323
55370
55371
56185
56331
55374
55375
56020
56543
55377
55378
56184
56348
55380
55381
56183
56336
55383
55384
56182
56356
55386
55387
56181
56343
55389
55390
56180
56362
55392
55393
56179
56353
55395
55396
56178
56366
55398
55399
56425
56471
55401
55402
56177
56404
55404
55405
56175
56111
55407
55408
56173
56140
55410
55411
56172
56369
55413
55414
56169
56148
55416
55417
56690
56407
55419
55420
56166
56156
55422
55423
56164
56146
55425
55426
56113
56158
55428
55429
56161
56152
55431
56743
56154
55433
55434
56738
56447
55436
55437
56030
56682
55439
55440
56488
56027
55442
55443
56082
56733
55445
55446
56439
56429
55448
55449
56135
56002
55451
55452
56060
56528
55454
55455
56115
56119
55457
55458
56074
56536
55760
55461
55462
56532
56456
55691
55465
55466
56463
56466
55468
55469
56110
56547
55471
55472
56075
56553
55474
55475
56516
56099
55477
55478
56491
56103
55480
55653
56098
55482
55483
56486
56477
56455
55486
55590
56041
55488
55489
56388
56479
55491
55492
55969
56043
55657
55827
55885
56539
55498
64590
64610
55840
56112
55501
56376
56007
56186
55906
55685
55921
55680
55701
55720
55680
56769
55510
57446
56777
55554
55915
64735
55514
55515
56352
56520
55517
56484
56724
55519
55520
55961
56525
55522
56031
56341
55525
56188
56042
57006
55574
55888
55539
64834
55561
56022
57324
55564
56016
55573
56097
55626
55848
55945
58647
55565
56569
64600
55567
55893
55591
55885
55568
55750
55884
56542
57358
55570
55880
55571
55600
55558
56011
55559
55851
55562
57969
55956
56734
55960
55560
55596
55557
55577
56053
56559
55573
55638
56647
55580
57985
55585
55729
55661
56563
55562
56001
56577
55775
55934
57324
55572
55629
55636
56546
57985
55571
56017
57632
55912
55982
57358
55911
56877
55947
56054
56613
55921
55691
55780
55963
55998
56063
55577
55640
57294
55639
55978
55597
55942
56589
55641
56085
55602
55754
56837
55631
55866
56482
57319
55588
59427
56913
55644
55878
55632
55659
63597
55620
55731
55845
56114
55658
56118
55597
56603
64579
55709
56583
55606
55647
55948
55648
55830
55878
55630
55954
55606
55871
55682
55948
55651
56010
55627
55625
55652
55869
55960
56615
55634
55822
55813
55835
55854
57629
55617
56024
55626
55619
55620
55860
57302
56634
55633
55817
55654
56756
55684
55746
55745
56026
55628
55635
55810
56131
56132
64680
56093
55688
55645
55752
55653
55761
55942
56464
55638
55943
57632
56616
55914
55952
55643
55825
55842
57094
55838
55938
56837
55799
57303
55830
55952
55858
56003
56511
64591
55932
56735
55892
58182
55802
55683
64744
55742
55870
55674
56752
56476
56610
56721
55918
56037
55992
55786
56040
55665
56057
57014
55665
55951
56025
55937
57425
55676
55972
56026
56736
56925
55670
55671
56076
55994
55673
55877
55677
55675
56134
56728
55977
56009
55776
55939
55998
55705
55777
56645
55774
55775
55684
64580
57957
55686
56647
56018
55977
56133
55785
55715
55787
55692
55783
56446
55788
55756
56671
56038
56114
55712
55789
56094
56453
55700
55766
55779
55991
55741
55742
55769
56139
56398
55879
56138
55764
56155
57280
55963
56726
55790
55802
61738
55898
56116
55759
55711
56067
56696
55896
64679
55767
55724
64690
55718
55719
55812
56618
56096
56685
55791
55962
56128
55793
55825
64678
57550
55814
55935
55765
55991
55804
56351
56049
56506
56106
56123
56851
55734
55747
55803
55736
55737
57969
58551
55739
55740
56385
56642
55871
55930
56514
64805
55745
56524
56134
55805
55806
55758
64728
55750
55768
55771
56512
57336
56104
55754
58182
55758
64583
56659
56106
56431
64500
55811
55941
56138
64613
64777
55765
55895
56754
55773
56450
55808
55770
55826
55772
55771
56767
55943
55773
56430
56587
55801
56785
56594
55877
56033
55797
56444
55779
55780
56446
56653
56689
55782
56139
56645
56574
55784
56703
55794
55786
56100
56663
55809
56101
56039
56703
55795
55796
56609
57540
64769
55798
55831
56786
55897
56538
55797
55997
56748
55799
56711
56829
55801
56786
56792
56713
64596
55804
55807
57242
56622
57957
55807
55981
56716
55809
56555
56737
55811
55812
56932
56628
55831
56711
56372
55901
56403
55823
56461
55818
56004
56704
55823
64812
56484
55903
55971
56125
56475
64781
55880
55910
56372
56339
57264
55913
56734
57276
56504
55849
64775
55834
55835
56841
56593
56028
56503
55849
55915
55908
55914
55978
55841
55842
56482
56747
55844
55845
55964
56329
56504
56568
55848
57254
64794
55851
55852
56591
55940
55854
55989
57634
56018
56397
55928
56051
55887
55888
55971
56512
58647
55899
55862
55863
56535
56531
55865
55866
56589
57468
55869
56149
56832
55931
56065
55917
55916
56764
56785
56786
55875
64720
64793
64623
56459
55906
56769
64703
64748
55883
55900
57654
56590
64707
56080
56556
56791
64698
56433
64722
55892
55955
57362
55905
56535
55918
55919
56558
57028
55897
55898
57301
57368
56552
56562
56570
56719
56720
56721
55907
55909
55987
57629
58101
55947
55990
55928
57426
55953
57385
55911
55912
57065
57650
55970
56077
56449
64615
56105
56640
55930
55932
56673
55929
55925
55999
56022
55987
56841
55926
55995
56621
55953
56720
57426
56597
55992
56674
55931
57279
57989
64572
55935
56900
56817
64685
56579
55955
55941
56592
56867
56852
56731
56000
57215
56494
56595
64826
56571
57703
55950
55951
56604
56572
56655
56661
56708
56028
55970
56042
55968
56644
55966
64753
56505
56526
56545
56578
56715
56449
56581
55966
64711
55967
56518
64639
55969
57079
56044
56602
57385
56047
56058
56585
56061
56073
56063
56187
56590
56599
64617
64761
55981
56497
56915
55983
57577
56502
56036
64651
56064
56569
57358
55988
56859
56969
56048
56539
56551
56598
56600
56677
55994
55995
56078
56939
55997
56293
56862
56000
56001
56893
56994
56059
56136
56004
57407
56965
56105
56607
56066
56971
56068
56056
56669
56011
56049
56050
56771
56347
56360
56084
56496
56411
56509
56612
56540
56652
56052
56445
56338
56544
56160
56227
56036
64507
56025
56026
56573
56081
56490
56633
56088
56091
56448
56807
56045
56631
56033
56089
57255
56071
56755
56069
56220
64636
56623
56963
56039
56330
56936
56041
56987
56709
56760
56044
56045
57505
57012
56224
56698
56055
56458
57634
56065
56051
56339
56606
56053
56054
57031
57434
56056
56057
57347
57025
56432
56060
57340
56529
56062
56904
56420
56768
56131
57239
56067
56974
56819
56122
57550
56070
56989
56442
56574
56751
56073
56400
56588
56121
56537
56361
56554
56077
56078
56956
56940
56080
56384
57088
56082
56901
56836
56084
56391
56654
56680
56112
56088
56089
56977
57491
56091
56151
56636
56124
56316
56094
57468
57037
56118
56660
56658
58551
57632
56126
56601
56100
56517
57032
56102
57328
56798
56383
56493
56575
56848
56128
56335
56719
57426
56129
56142
56468
56548
56176
56424
56157
56159
56120
56530
56117
57087
56741
57249
56120
56121
56952
57516
56123
58402
57614
56125
56820
56968
56127
56962
56691
56722
56130
57234
56813
56133
57320
56667
56773
56136
56417
56679
56324
56427
57098
56753
56170
56174
56142
56381
56681
56145
56683
56145
56684
56758
56165
56499
56678
56685
56167
56171
56460
56676
56151
56470
57090
56163
56292
56162
56500
56418
57529
56428
56157
56168
57051
56159
56160
57007
57533
56162
56163
56983
56906
56165
56228
56672
56167
56168
57376
57534
56170
56171
57040
57502
56370
56408
56174
56406
56693
56176
56371
56694
56368
56405
56364
56367
56354
56473
56358
56363
56344
56355
56350
56357
56337
56345
56325
56349
56231
56332
56187
56188
57122
56761
56522
56779
56328
56822
56318
56333
56322
56327
56311
56319
56315
56321
56305
56312
56309
56314
56296
56306
56303
56308
56286
56297
56290
56302
56280
56287
56284
56289
56274
56281
56278
56283
56268
56275
56272
56277
56262
56269
56266
56271
56256
56263
56260
56265
56250
56257
56254
56259
56244
56251
56248
56253
56238
56245
56242
56247
56233
56239
56236
56241
56220
56234
56757
56223
56443
56223
56224
57186
56864
56230
56527
56227
56228
57190
57188
56230
56231
56990
56978
56233
56234
57121
57183
56236
56699
56866
56238
56239
56923
57192
56241
56242
57180
56870
56244
56245
57177
56865
56247
56248
57174
56878
56250
56251
57171
56869
56253
56254
57168
56882
56256
56257
57165
56875
56259
56260
57162
56883
56262
56263
57160
56881
56265
56266
57157
56890
56268
56269
56948
57473
56271
56272
56950
57401
56274
56275
57154
56886
56277
56278
57152
56892
56280
56281
57150
56891
56283
56284
57147
56895
56286
56287
57146
57341
56289
56290
57143
56902
56292
56293
57107
57655
56299
56687
56296
56297
56954
57196
56299
56444
57003
56489
56814
56302
56303
57042
57199
56305
56306
57140
56898
56308
56309
57138
57011
56311
56312
57136
57053
56314
56315
57133
56909
56696
56318
56319
57284
57209
56321
56322
57130
56912
56324
56325
57128
56887
56327
56328
57048
57095
56330
56581
56937
56332
56333
57077
57478
56414
56436
56705
56337
56338
56982
57551
56629
56533
56742
56342
56632
56375
56344
56345
57063
57212
56347
56423
57503
56349
56350
57093
57216
56352
57120
56521
56354
56355
56975
57219
56357
56358
57118
57104
56360
56361
57116
57029
56363
56364
57026
56973
56378
56492
56367
56368
57067
57472
56370
56371
57062
57108
56766
56457
56465
56375
56376
57449
57075
56378
56395
56646
56402
56435
56381
56387
57225
56383
56384
57099
57563
56481
56643
56387
56438
57229
56478
56480
56638
64772
56391
56393
57222
56393
56459
57237
56395
56561
57240
56397
56398
57394
58567
56400
56780
57334
56402
56421
56730
57537
56405
56406
57265
57243
56408
56692
57113
56457
56539
56411
56415
57245
56507
56765
64513
56414
56415
57083
57412
56417
57248
57017
56764
56420
56421
57509
57252
56423
56549
56872
56425
57112
56472
56427
56566
57257
57028
56430
56440
57262
56432
56739
56665
64713
56435
56436
57415
57044
56438
56702
57227
56440
56717
56959
56442
56443
57530
57269
56641
56448
56827
57056
56637
56451
57020
57248
56461
64783
56454
56796
57572
56464
56920
56462
56534
56458
56712
56843
56608
64756
56463
57297
56467
56839
56523
56755
56467
56468
57608
57274
56470
56668
57246
56472
56473
57523
57282
56719
56756
56476
57073
56601
56478
56487
57286
56480
56481
57228
57288
56746
56485
57331
56660
64492
56487
56510
57365
56489
56490
57438
57291
56492
56493
57016
57203
64565
56496
56497
57024
57619
56499
56500
57354
56972
56502
56503
57527
57101
56617
56506
56834
57295
56582
64362
56509
56510
57298
57232
64725
56838
64766
64765
64397
64664
56517
56793
57325
64474
64755
56576
64811
56521
56522
57382
56970
56774
56914
56526
56527
57337
56981
56529
56530
57455
56894
56535
56550
56533
56534
57316
57344
56537
56538
57363
57332
56559
56621
56567
57406
56544
56545
57350
57373
56548
56549
57195
57351
56551
56552
56801
56664
56554
56555
57207
56917
56557
56921
56701
56840
57537
56842
56561
56580
57371
56567
57654
56568
56847
56576
57562
56566
56790
57010
56695
56831
56666
56671
56584
56868
56573
56605
56924
56850
56650
56884
64536
56889
56996
56579
57074
57388
56619
56624
57396
64321
64681
56584
56729
57599
56586
56620
57019
57263
56903
57335
58163
57406
56592
57014
56907
56794
57271
56714
56899
57272
64626
64741
56626
57416
56868
56896
56835
57061
56874
56931
56934
56762
56935
56622
56847
56605
56614
58230
56626
56630
56608
56885
57309
56618
57069
56627
57446
56888
64504
64742
56613
56614
57004
59199
56645
56732
56979
56656
56980
56628
56709
56623
56665
56873
56770
56727
57036
57377
56854
57081
58163
56905
56911
57050
56933
56630
57277
57444
56632
56879
57447
57211
57378
56648
57302
64627
64641
56976
57091
56657
57397
64670
64831
64607
56649
57529
56749
57002
56643
56644
56998
56993
57015
57241
56651
56706
57215
56650
56806
57411
56652
56979
56997
56789
56874
57023
57223
56656
56657
58029
57853
56811
57127
57098
57487
56725
56846
57045
56797
57969
58551
56986
57033
56800
57302
56803
56745
57537
56835
57320
56686
56830
57022
57061
56958
57572
59427
57508
57189
57355
56674
56963
58258
56829
57307
57578
56833
57086
57273
57517
56743
56806
57018
57339
57094
57226
57235
56684
56807
56688
57100
56808
56810
56813
56738
56805
56814
56789
56791
56691
56692
57722
57815
57039
57244
57110
57111
57208
57403
56818
56698
56699
56945
57542
56701
56702
57418
57970
56792
56705
56966
57046
56802
56893
56790
56822
59676
64628
57034
56793
56798
56794
56755
56823
56714
56816
57552
56910
57224
56916
57313
56733
56821
56787
57703
57957
57437
57049
56967
57046
56725
56726
56926
57751
56804
57043
56729
56775
57968
57253
57427
56732
58706
57967
56836
57293
57703
56826
57254
56918
57329
56827
56849
58307
56741
56742
57462
57250
57529
57629
57261
57318
56747
57990
57260
56749
56863
57601
56871
57640
61377
57103
57125
56850
58567
56840
56931
56988
57185
56809
57278
56763
64451
56761
56762
57124
57793
64840
64361
64831
56767
56817
58706
57123
57224
56776
56788
56861
59676
64787
56774
56775
57357
57513
64401
64840
57308
57320
56779
56780
57071
57626
56783
64773
56783
64764
64498
57324
56788
57085
57519
56845
56799
58162
56815
56795
56828
57001
57326
57038
57068
56889
57126
57000
56857
57009
56801
56802
56897
58064
56804
58307
57458
57054
57080
56812
56824
56809
56825
57518
56811
56812
58025
57716
57059
56855
56816
56938
57526
57312
56819
56820
57631
57893
56927
56930
56856
57125
57965
56825
57058
57558
57453
58318
57055
56829
56860
57060
57314
56980
57202
56833
56834
57873
57900
57296
56928
57407
57709
56853
56943
57318
57271
57030
57891
57256
57268
56845
56846
58162
57669
58093
56861
56849
57616
57660
57102
64726
56853
56854
57788
57787
57310
57471
56857
57097
57662
56859
56860
57271
57460
57807
57202
56863
57657
58051
56944
57187
56922
57179
57181
57544
56908
57267
57381
57173
57178
57175
57182
64605
64806
57353
57592
56941
57891
57384
57167
57172
64699
56946
57654
57169
57176
57013
57389
64768
57161
57166
57163
57170
57158
57164
56885
58086
57884
56947
57156
57092
57129
64279
64752
57617
56949
57159
57151
57155
57148
57153
56995
56951
57457
57144
57149
56897
57699
58063
56953
57142
56900
57399
57281
56929
57292
57041
57145
56904
57702
57510
56957
57445
56985
57106
56908
58414
58062
57131
57135
57408
57618
57410
57474
57047
57132
56914
56958
57704
56916
57621
57724
56918
57814
57726
56942
58182
57089
57417
56923
57728
57193
56925
58230
58184
57317
57751
56959
57422
56929
56930
57729
58115
57566
56933
57267
56960
56961
57441
56955
57424
56937
56938
57398
57732
56940
56941
57673
58135
56943
57379
57433
56945
57825
57543
57064
57208
56948
57677
57557
56950
57799
57469
56952
57796
57588
56954
58016
57197
56956
58084
57673
57485
57723
57068
57636
57069
57571
56962
57735
57721
57084
57008
64738
56966
57638
57747
57074
57488
57072
57752
57359
58902
57070
57383
57075
57322
56984
57356
57027
57066
57323
57630
57220
57283
56977
57767
57492
56992
57076
57443
57607
56991
57338
57214
57556
56984
56985
57776
58053
56987
57706
57035
56989
57857
57531
56991
56992
58199
57800
56999
57078
56995
56996
57804
57803
57394
57664
56999
57290
57459
57001
57330
57808
57003
57409
57080
57436
57463
57008
64749
57052
57603
64717
57010
58106
57258
57134
57139
57013
57507
57811
57386
57016
58007
57204
57018
57421
57818
57020
57878
57420
58647
57361
57590
57024
58059
57620
57348
57400
57027
57105
57467
57117
57206
57031
57833
57435
57033
57327
57834
57035
57036
58161
57836
57038
57081
58575
57040
57713
57587
57042
57892
57200
57084
57931
57082
57464
57437
57496
57497
57048
57929
57096
57050
57831
57500
57052
57536
57849
57137
57141
57055
57955
57057
57057
57058
58332
57854
57060
57236
57829
57484
57109
57114
57213
57221
57065
57594
57650
57067
58047
57641
57777
57430
57071
57727
57627
57073
57865
57441
57612
57694
57077
57867
57586
57079
57802
57506
57708
57522
57083
57740
57413
58300
57293
57494
57309
57490
57370
57461
57089
57565
57775
57091
57247
57874
57093
57899
57217
57264
57096
57097
58168
57879
57416
57205
57564
57278
57310
57211
57528
57103
57827
57744
57105
57119
57889
57107
57828
57656
57109
57110
57909
57894
57112
58012
57524
57114
57817
57895
64530
64752
57117
57581
58124
57119
57218
57903
57305
57539
57184
57194
57123
57124
57794
58185
57966
57127
57861
57905
57129
57259
57541
57131
57132
57687
58274
57134
57135
57717
57710
57137
57210
57466
57139
57201
57545
57141
57142
58121
57908
57144
57145
57820
58249
57198
57342
57148
57149
57907
57912
57151
57343
57499
57153
57393
57546
57155
57156
57846
57915
57158
57159
57748
57689
57161
57440
57387
57163
57164
58075
57918
57166
57167
57684
57682
57169
57170
57784
58098
57172
57173
57786
57886
57175
57176
57730
57676
57178
57179
57678
58110
57181
57182
57666
58133
57184
57185
57667
57996
57187
57270
57538
57189
57191
57920
57191
57582
57923
57193
57194
58373
57926
57275
57352
57197
57198
58303
57928
57200
57201
58157
57692
57391
57204
57205
58362
57930
57207
57881
57814
57604
57210
57285
57932
57380
57213
57214
57750
57938
57217
57218
58200
57941
57220
57221
57945
57876
57223
57238
57679
57486
57226
57231
57948
57230
57934
57287
57289
57230
57231
57953
58308
57300
57366
64715
57235
57236
57826
58356
57238
57268
57882
57295
57311
57241
57372
57964
57305
57313
57244
57266
57961
57299
57414
57247
57314
57958
57419
57273
57317
57315
57576
64637
64832
57253
57511
57858
57336
57256
57493
58060
57258
57259
58386
57979
57306
57454
57508
57598
57263
57636
57973
57304
57266
57439
57742
57570
57661
57270
57532
57992
64810
64816
57848
57275
57610
58000
57304
57622
58002
57311
57989
57312
57769
57283
57525
58037
57285
57442
57758
57287
57367
58041
57289
57290
57952
58043
57292
57481
57943
57639
57303
57319
57902
57308
57470
57346
57609
57299
57300
58056
58046
57333
57369
57307
57306
57390
57569
57465
59182
57885
57651
57395
58317
57560
57547
57316
57987
57345
58082
57450
58382
57331
64509
64652
57323
57782
57665
57326
57327
57770
58319
57329
57330
57791
58312
64608
57333
57364
58065
57335
57628
58068
57705
57338
57375
57635
57340
57863
57456
57342
57343
58020
58077
57345
57346
58149
58073
57348
57361
57573
57504
64588
57374
57585
57352
57353
58032
58090
57355
57356
57672
57975
57431
57512
57360
57460
57423
57653
57489
57378
57379
57364
57584
58102
57366
57367
58130
58383
57369
57370
57981
57950
57372
57377
57971
57374
57375
58072
58107
57535
57583
57663
57514
57451
57674
57956
57600
57821
57383
57539
58118
57568
57668
58162
57400
58414
57477
57685
57402
57613
57448
57683
57561
58096
57521
57999
57504
64716
57401
57624
59100
57648
57691
57397
57398
57695
57733
57554
57768
57405
57469
57403
57425
57658
57827
58114
59100
57575
58156
57425
57637
57428
57751
57602
57707
57501
57697
57716
58085
57413
57414
58174
58080
57427
57464
57723
57418
58089
58180
57420
57421
58257
58469
57819
58117
57429
58005
57720
57736
57432
57896
58082
57670
57712
57555
58402
57480
57704
57859
57947
57452
57701
57435
57436
58203
57822
57831
57471
57481
57472
57479
57473
57476
57763
57478
57482
57664
57766
57445
57771
58070
59182
57448
57449
57781
57694
57567
57984
57452
57515
58217
57483
58184
57753
58345
57456
57457
58222
57761
58021
58306
57801
58045
57806
57462
57851
57576
57580
58226
57810
57495
58382
57933
58122
57890
58048
58163
57842
57475
57484
57623
57641
57557
57475
59182
57633
57477
57774
58251
57586
57741
58040
57737
57743
58197
57757
58036
57765
58752
57589
57598
58067
57762
57832
57508
57723
57498
57759
57574
58240
57838
57856
57492
57493
58208
58759
57520
57649
57579
58545
57922
58095
57498
57747
58177
57845
58079
57501
57549
58680
57583
57587
57581
57592
64635
57506
57507
58491
58543
57510
57511
58148
58406
57513
57738
58028
57515
57956
58254
57584
57588
57593
58258
57559
58033
57520
57521
58582
58524
57688
58744
57524
57525
58581
58585
57553
57734
57528
57596
57700
57531
57532
58242
58831
57582
57603
57535
57536
57995
58261
57824
57993
58097
57550
58402
57898
57980
57543
57544
58271
57745
57693
57718
57625
57906
57830
57959
57549
57831
57922
58266
57556
57585
57553
57554
58626
58625
57615
57739
57595
57772
57559
57855
58311
57561
57725
58316
64750
57564
57565
58018
58394
57567
57568
58570
58577
57753
58050
57571
58323
57739
57574
57575
58682
58663
57690
57591
57596
57579
57869
58231
57765
57823
57597
57611
57606
57642
57681
58034
57754
57839
57590
58425
58218
57650
57715
57645
57847
58087
57605
57714
57680
57940
57935
57646
58128
57983
57600
58027
58336
57602
58052
58340
57643
57605
57659
58342
57756
57994
57991
57999
57609
57610
58001
58267
57644
57924
57613
57760
57696
57615
57616
58418
58348
57860
57868
57832
57897
57620
57621
58703
58568
57771
58050
57652
58281
57625
57844
58247
57627
57628
58179
58715
57631
58126
58137
57698
58425
58101
58109
58283
57871
57638
57797
58359
57647
57989
64693
64714
58039
57841
58103
57644
57850
58368
57646
58092
58172
57648
57649
58592
58517
57652
58030
58536
57671
57813
57656
57657
58236
58749
57659
57696
58265
58325
58686
58009
58061
57880
58105
57837
58008
58113
58125
58503
57746
58369
57927
57997
57669
58404
58094
57671
58526
58405
57921
57976
58134
57700
58136
61377
61621
64029
57731
57783
57773
57917
57888
58111
57883
58058
57681
58138
58071
57686
57785
57812
58144
57685
57686
58500
58718
57711
58293
57787
58141
57749
57798
57852
57986
58013
58330
57693
58159
58661
57780
57872
58152
58153
57698
58823
58431
57821
58154
57937
57788
58591
58069
58147
57777
57709
58318
57835
58160
57708
58166
57954
57778
57711
57719
58449
58167
59645
57755
57963
57715
58171
57936
58219
57718
57719
58588
58878
58083
58165
57722
58253
57816
57725
58569
58540
57790
58372
58120
58178
58112
58374
57944
58116
57731
58186
58173
57733
57734
58152
58896
57764
58252
57793
58187
57738
58474
58419
58876
57870
58175
57742
58478
57962
57779
58190
57966
58191
57746
58273
58633
58361
57749
57919
58194
57877
57939
57792
57893
58196
57755
57756
58727
58485
57758
58566
58448
57760
58691
58489
57795
58224
57794
58206
57764
58459
58484
58347
57978
58209
57875
58207
57769
58212
58026
57809
58320
58213
57773
57774
58530
58496
58088
58396
57977
58054
59245
57797
58778
58916
59245
57781
57782
58145
58501
57784
58442
58099
57786
58656
57887
58140
58140
57988
64582
57791
58549
58313
57864
58288
58185
58198
57796
58798
57840
58278
57799
58463
57843
57866
58279
57802
58512
58490
57805
57868
57805
58131
58189
57807
57813
57869
57809
58314
58516
57870
57947
57812
58544
58434
58139
58370
57816
57817
59010
58527
57862
58471
57871
58228
57914
58298
58229
57823
58205
58532
57825
58546
58272
57949
58357
58234
58055
58235
57830
58358
58522
58269
58004
58204
57835
58321
58657
57837
58447
58775
58010
58238
57840
57841
58940
58537
57843
57844
58842
58486
57846
58714
57916
57848
58427
58127
57850
58263
58554
57852
57951
58248
57872
58143
57855
58334
58547
57873
58193
57998
58241
57859
58408
58613
57861
58574
58559
57863
58606
58223
57865
58444
58459
57867
58557
58035
58259
58393
58672
58322
58713
57901
57875
57960
58562
57877
57946
58571
57974
58256
57880
58170
58558
58132
58371
57883
58009
58227
57885
58416
58010
57887
57888
59019
58589
57890
57904
58411
58003
58158
58264
58137
57911
58011
57910
58528
57897
58468
58514
57899
58821
58201
57901
57902
58220
58013
57904
57942
58730
58014
58415
57907
58553
57913
58015
58123
57910
57911
58607
58513
57913
57914
59079
58518
57916
57917
58924
58603
57919
58076
58508
57921
57925
58616
58349
57924
57925
58642
58996
57927
58375
58696
58019
58305
58169
58282
58017
58364
58021
58615
57933
58448
58611
57970
58022
57936
57937
58624
58609
57939
57940
58433
58651
57942
58202
58483
57944
58246
58630
57946
58038
58635
58211
57949
58310
58643
57951
57982
58648
58042
58044
58023
58309
57955
58446
58333
58561
57959
57960
58746
58956
57962
57963
59054
58681
57972
58006
58005
58902
59645
57978
58024
58027
58028
58180
57972
58008
58329
57974
58322
58665
57976
57977
58421
58669
58216
57980
58388
58673
57982
58066
58674
57984
58352
58676
57987
58454
58150
64671
58345
58382
58029
58339
57993
58833
58708
57995
58794
58262
57997
57998
58598
59027
58250
58031
58268
58074
58324
58030
58033
58004
58284
58335
59645
58007
58894
58363
58381
58376
58380
58012
58711
58580
58221
58025
58146
58016
58785
58304
58018
58693
58395
58020
58816
58078
58331
58023
58277
58623
58026
58317
58219
58346
58195
58232
58143
58237
58032
58601
58091
58365
58035
58036
58958
58684
58038
58587
58464
58040
58049
58687
58042
58385
58690
58044
58045
58766
58694
58057
58129
58048
58049
58781
59030
58183
58052
58751
58698
58054
58055
58401
58700
58057
58081
58215
58059
58521
58704
58061
58761
58721
58323
58392
58064
58155
58131
58066
58104
58733
58070
58351
58069
58717
58723
58214
58072
58413
58108
58074
58151
58737
58076
58100
58739
58078
58079
58851
58741
58081
58176
58619
58127
58084
58655
58285
58086
58538
58753
58142
58755
58089
58756
58276
58091
58092
58953
58757
58094
58095
58847
58789
58097
58639
58119
58099
58100
58985
58764
58902
58103
58104
58808
59063
58106
58810
58387
58108
58109
59024
58772
58111
58112
59008
58735
58114
58210
58678
58116
58117
58602
58835
58119
58120
58933
58460
58122
58123
58465
58424
58128
58132
58126
58819
58287
58181
58243
58130
58495
58384
58353
58225
58186
58369
58135
58285
58284
58457
58650
58286
58412
58653
58393
58417
58289
58834
58854
58260
58280
58291
58145
58829
58502
58422
58452
58148
58426
58407
58150
58151
59171
59104
58660
58429
58489
58155
58430
58354
58432
59041
58158
58159
58438
58863
58161
58428
58447
58188
58523
58341
58445
58192
58525
58169
58170
58763
58886
58344
58621
58244
58758
58379
58441
58175
58176
58456
58848
58477
58534
58179
58458
58716
58275
58427
58467
58440
58472
58226
58198
58378
58188
58296
58895
58355
58475
58473
58476
58192
58234
58893
58239
58480
58462
58509
58233
58337
58439
58777
58246
58281
58294
58279
58283
58201
58202
59166
59121
58204
58205
58629
58981
58295
58605
58208
58492
58760
58210
58839
58907
58614
58707
58488
58493
58214
58472
58435
58494
58620
58346
58838
58255
58659
58240
58504
58297
58221
58480
58505
58223
58224
58978
58510
58245
58564
59199
58377
58520
58511
58837
58338
58550
59199
58618
58812
58233
58419
59066
58482
58236
58479
58750
58367
58535
58239
58542
58928
58292
58242
58830
58832
58244
58245
59456
59221
58410
58487
58552
58453
58649
58264
58298
58529
58560
58497
58499
58253
58646
59011
58255
58811
58961
58257
58498
58470
58300
58475
58573
58584
58776
58262
58263
59114
59451
58315
58343
58429
58596
58679
58268
58324
58595
58515
58605
58481
64734
58272
58273
58945
59461
58282
58293
58276
58277
58930
59274
58360
58745
58299
58615
58993
58290
58400
58301
58389
58390
58287
58288
59049
58403
58743
58834
58409
58806
58420
58712
58817
58824
58326
58295
58296
59357
59157
58423
58538
58327
58302
58556
58615
58302
58773
58994
58304
58305
58921
58622
58325
58599
58325
58309
58310
58814
59005
58366
58548
58313
58314
58948
59300
58328
58437
58541
58638
58706
58664
58320
58321
58800
59015
58539
58876
58725
58399
58450
58328
58519
58999
58912
58995
58506
58593
58668
58993
58333
58334
59124
59322
58391
58628
58337
58338
59207
59377
58420
58529
58341
58699
59022
58343
58344
59126
59382
58545
58488
58533
58841
58686
58689
58596
58692
58481
64841
58352
58436
59034
58354
58355
58867
59211
58357
58358
58507
58915
58360
58361
58909
58534
58363
58364
58845
58748
58366
58367
59620
59317
58555
58641
58397
58371
58372
58565
58769
58374
58375
58576
58962
58377
58722
58973
58379
58398
59268
58455
58640
58774
58995
58384
58385
59543
59499
58387
58388
59210
59281
58390
58391
59324
59352
58414
58432
58618
58395
58396
59013
59058
58398
58634
58989
58400
58892
58762
58671
58701
58443
59051
58579
58846
58417
59084
58407
58408
58861
59470
58410
59354
58631
58732
58780
58413
59089
59025
58451
58559
58455
58753
58855
58689
58779
59093
58927
58617
58670
58423
59099
59096
58466
58784
58747
58724
58860
58786
58658
59103
58862
58550
58866
58802
58868
59090
58572
58652
58828
59116
58436
59117
59459
58438
59305
58864
58440
58885
59119
58442
59465
58986
58444
59392
58882
58446
59293
59123
59314
58970
58450
58880
59127
58452
59181
59129
58454
59385
59172
59057
58782
58849
58609
58877
58461
58874
58881
58461
58935
59137
58463
59134
58843
58636
59250
58466
58612
58873
58468
59325
59143
58470
58471
58975
58787
58988
58474
59151
59147
58899
58754
58897
58691
58898
58688
59055
58702
58889
58900
64669
58678
58891
58731
59122
58645
58883
58729
58793
58487
58844
59445
59033
58917
58491
59037
59170
58563
58904
58625
58903
58495
59175
59163
58497
58531
59178
58667
58976
58500
59345
58719
58502
58503
58856
58796
58747
58783
58506
58901
59183
58644
58914
58509
58740
59424
58797
58980
58539
58918
58695
59036
58608
58710
58515
59144
59271
58799
59302
58590
58594
58519
59081
59176
58521
59237
59193
58746
58919
58654
59136
58560
58583
58526
59196
59292
58528
59012
58804
58974
58531
58604
59197
58533
58983
59201
58908
58536
58938
58806
58807
58942
58931
58666
58541
59241
59214
58640
58936
58544
59170
59212
58777
58709
58944
58548
59323
59218
58771
58947
58949
58553
59374
59080
58555
59453
59227
58557
59287
58959
58809
58888
58950
58955
58650
58811
58563
58957
59230
58565
59359
58770
58685
58971
59100
58569
58705
59240
58578
58677
58572
58637
59225
58574
59115
59224
58744
59245
58736
58963
58578
58579
59246
59192
58581
59410
58586
58583
58590
58965
58920
59598
58586
58587
59599
59249
58662
58879
58968
59187
58969
58659
58743
58593
58594
59258
59203
58600
58726
58597
59261
59262
58697
59059
58668
59756
58601
59414
59164
58632
58836
58604
58926
59204
58939
58788
58979
58608
58805
58984
58610
58624
58990
58612
58972
59277
58614
59472
59279
58617
58998
59165
59067
58620
58850
59288
58624
58871
58815
58923
58813
59276
58627
58627
58906
59002
58629
59290
58982
58631
58632
59591
59299
58634
59463
59473
58636
58637
59098
59627
58639
59356
58934
58946
58642
59361
58997
58644
59007
59306
58646
59364
59252
58649
58675
59442
59228
58652
58653
59086
59311
58655
59263
59324
58720
59018
58658
59017
59315
59043
58825
58896
58662
58865
59319
58683
59021
58752
58778
58666
58667
59346
59630
59234
58670
58671
59342
59633
58707
58782
58820
59283
58675
58734
59340
58677
59035
59378
58872
58680
59040
58822
58728
59056
58683
58824
60109
58685
58960
59393
58792
58688
59032
59399
58790
58767
59092
59028
58789
59029
58748
58870
58695
58768
59395
58697
58964
59402
58699
59432
59405
58701
58702
59381
59648
58704
58705
59194
59483
59020
58709
59391
59407
58711
59297
59409
58713
59075
58825
58742
58925
58716
58717
58875
59308
58719
58720
59658
59133
58722
59450
59437
58724
59310
59411
58726
58738
59039
58728
58729
59398
59654
58731
58732
59161
59386
58734
59065
59156
58736
59038
59416
58738
59105
59419
58740
58765
59421
58742
58853
59422
59046
58916
58795
59047
59048
58801
58859
58750
58751
58890
59430
58827
58932
58854
59052
58786
58826
58929
59053
58758
58954
59433
58760
58761
58905
59448
58763
59142
58887
58765
58987
59454
58767
58768
59477
59673
58770
58771
59641
59400
58773
59026
59232
58775
58776
59314
58826
58812
58795
58876
59090
58781
59083
59031
59404
58803
58817
58785
59107
58922
59269
58788
58977
59102
59014
58791
58792
59090
59638
59756
58794
59466
59113
58840
58818
58858
58798
59376
58941
58800
59270
59016
58802
58803
58859
58913
58805
59244
59272
59216
58808
59094
59064
58810
59336
59209
59044
58884
58814
59200
59006
58816
59338
58852
59004
58819
59097
59050
58821
59481
59167
58823
59926
58869
58966
59000
59078
58840
58841
58829
59479
58857
59042
59070
58832
58833
59071
59389
59023
58836
58837
59373
59467
58839
59195
59264
58943
58951
58843
58844
59656
60020
58859
58913
58847
59082
59014
58849
58850
59298
59487
58852
58853
60089
59746
58916
59068
59095
58857
58858
59502
59284
58861
59140
59471
59085
59101
58864
58865
59718
59712
58867
59321
59520
58869
58870
59668
59013
58991
59384
58907
59111
59106
59278
58875
59125
59309
58992
59362
58879
58880
59131
59530
58882
58883
59501
59242
58885
59069
59522
58887
58888
59517
59139
58890
59415
59431
58893
59112
59128
59141
59148
58912
58913
59135
59158
58906
59146
59150
58910
59132
59153
59256
58901
59154
59528
59003
59162
58905
59169
59449
58911
59265
58909
58910
59118
59553
59001
59152
59004
58915
59190
58919
59028
59085
59186
59469
59188
58966
59544
58922
58923
59560
59149
58925
58926
59291
59493
59076
59257
58937
59154
58930
59569
59275
58932
59096
59208
58934
58935
59812
59814
58937
59174
59733
59215
59318
59213
59217
58941
58942
59573
59184
58952
59155
58945
59219
59462
59220
59239
58948
59222
59301
59223
59303
59180
59224
58952
59202
59552
58954
59164
59581
59235
59447
58957
59048
59549
58959
58960
60196
59853
59043
59045
58963
58964
59238
59586
59189
59447
58967
59004
59598
59008
59009
59189
59254
58971
58972
59255
59506
59236
59438
59235
59257
58976
58977
59266
59496
58979
58980
59434
59179
58982
58983
59614
59887
59273
59296
58986
58987
59825
59881
59117
59120
59267
59474
58991
58992
59892
59880
59544
59233
59286
59598
58997
58998
59828
59901
59177
59304
59001
59077
59615
59003
59152
59621
59006
59007
59559
59964
59038
59247
59349
59011
59012
59251
59243
59062
59108
59016
59017
59610
60124
59019
59330
59187
59280
59475
59041
59234
59293
59406
59052
59380
59025
59026
59685
59923
59042
59059
59332
59110
59262
59031
59032
59688
59953
59162
59195
59035
59460
59646
59037
59088
59547
59248
59413
59420
59261
59316
59638
59060
59087
59045
59229
59661
59087
59380
59118
59155
59351
59050
59051
59583
59428
59145
59058
59061
59055
59056
59439
59091
59208
59239
59062
59073
59074
59159
59316
59570
59668
59064
59065
59681
60011
59206
59326
59068
59069
60019
59800
59071
59160
59390
59074
59403
59594
59076
59077
59873
59934
59103
59269
59080
59081
59619
60095
59109
59192
59388
59687
59292
59328
59490
59226
59312
59491
59396
59492
59313
59684
59397
59441
59327
59499
59147
59326
59185
59680
59328
59679
59505
59285
59584
59366
59628
59130
59666
59126
59590
59435
59497
59314
59105
59173
59716
59107
60057
59561
59109
59110
60016
59723
59112
59871
59766
59114
59683
59452
59256
59513
59212
59331
59516
59521
59120
59523
59731
59122
59168
59333
59124
59770
59736
59138
59524
59383
59128
59532
59738
59130
59754
59740
59320
59531
59332
59533
59329
59660
59426
59655
59136
59534
59294
59138
59816
59750
59335
59519
59412
59622
59142
60036
59518
59144
59510
59612
59146
59604
59752
59911
59196
59705
59337
59562
59151
59755
59910
59554
59211
59537
59538
59567
59339
59988
59158
59597
60156
59160
59803
59768
59334
59387
59542
59543
59670
59778
59341
59850
59167
59168
59711
59758
59231
59540
59546
59172
59173
59527
60136
59220
59529
59289
59671
59177
60097
59780
59198
59344
59375
59436
59181
59726
59754
59259
59595
59185
59575
59789
59346
59504
59347
59191
59350
59556
59191
59307
59557
59605
59194
59849
59484
59539
59564
59198
59205
59563
59368
59558
59202
59889
59806
59254
59260
59205
59495
59896
59207
59987
59555
59635
59210
59735
59282
59520
59548
59357
59515
59355
59820
59216
59572
59353
59271
59821
59568
59823
59408
59565
59576
59358
59458
59401
59625
59321
59829
59514
59226
59629
59831
59360
59765
59229
59362
59578
59231
59551
59841
59233
59925
59844
60109
59632
59237
60034
59848
59418
59587
59589
59241
59485
59858
59363
59657
59244
59253
59845
59379
59605
59248
60053
59417
59250
59601
59365
59252
59253
59840
60208
59596
59394
59507
59866
59649
59259
59260
59884
59867
59579
59652
59295
59606
59265
59874
59870
59536
59608
59268
59609
59464
59325
59370
59610
59612
59273
59846
59890
59275
59276
59571
59367
59278
59508
59801
59280
59837
59893
59282
59283
60272
59371
59285
59503
59810
59287
60063
60220
59289
59489
59898
59343
59613
59423
59494
59617
59486
59295
59745
59908
59297
60073
59912
59482
59488
59372
59593
59301
59302
59624
59369
59377
59535
59305
60047
59719
59307
59966
59917
59309
59310
59525
59919
59312
59313
59832
59779
59325
59510
59926
59318
59686
59927
59320
59713
59931
59509
59323
59736
59933
59577
59665
59476
59672
59498
59330
60081
59348
59478
59631
59511
59334
59760
59730
59336
59771
59734
59338
59876
60090
59340
59940
59443
59342
59906
59696
59352
59545
59345
59722
59659
59695
59348
59349
60245
59792
59351
59784
59550
59577
59354
60018
59592
59356
59847
59811
59597
59359
60085
59642
59361
59838
59827
59677
59364
59960
59839
59366
59900
59859
59368
59709
60805
59370
59626
59891
59480
59974
59373
60039
59468
59446
59618
59376
59935
59574
59555
59379
59647
59938
59602
59664
59944
59383
59384
59856
59941
59444
59526
59387
59388
59948
59945
59390
59391
59769
59772
59429
59500
59394
59854
59954
59396
59675
59956
59398
59799
59694
59440
59798
59401
59643
59951
59403
59588
59967
59475
59482
59406
59991
59936
59408
59774
59969
59410
59913
59600
59412
59921
59972
59414
59751
59975
59607
59650
59417
59418
60273
59794
59420
59717
59862
59425
59455
59423
59747
59979
59425
59426
60172
59984
59429
59585
59852
59431
59432
59651
59990
59457
59582
59435
59436
59996
59992
59438
60007
59714
59440
59441
59748
60001
59443
59444
60230
59958
59446
60022
59753
59689
59449
59450
59541
60005
59452
59453
60242
59764
59455
59883
59727
59457
59458
60250
60014
59460
59708
59781
59462
59463
59566
60023
59465
59878
59824
59644
59682
59468
59469
60285
60027
59471
59472
59623
59835
59474
60025
59977
59611
59477
59929
59674
59479
60099
59701
59481
60026
59710
60098
59484
59485
60418
60800
59770
59869
59488
59489
59698
60104
59512
59857
59603
59663
59699
60163
59494
59495
59700
60288
59497
59608
59895
59702
59715
59543
59501
59865
59657
59503
59701
60113
59703
60028
59636
59667
59507
59508
59707
60117
59634
59904
60124
59512
59742
60126
59514
60092
59725
59728
59830
59708
59729
59518
59519
60129
60093
59634
59553
59805
59523
59737
60260
59525
60030
59920
59527
60077
60135
59595
59822
59732
59739
59531
59532
59743
60139
59741
59785
59744
60140
59749
60012
59630
59669
59757
60004
59761
59822
59762
59874
59541
59763
60006
59762
59905
60109
59640
59776
59547
59548
60163
60148
59550
59551
60389
60571
59706
59807
59785
59616
59775
59786
59790
59808
59783
59918
59559
59795
59965
59561
59562
60141
59797
59721
59897
59617
60032
59566
59804
60024
59706
59805
59620
59692
59570
59571
59580
59709
59928
60017
59574
59575
60240
60423
59791
59813
59606
59662
59678
59580
59653
60777
59582
59809
59843
59584
59585
60060
60197
59587
59588
60049
60121
59637
59791
59855
59857
59592
59593
60201
59851
59802
59968
59860
59808
59868
59861
59600
59601
60178
59899
59603
59604
60610
60353
59691
59639
59648
59872
60000
59877
59978
60102
59894
60100
59879
59614
59777
59888
59616
59767
60221
59715
59619
59903
60096
59686
59775
59905
59623
59909
59836
59625
59626
59793
60214
59628
59629
60067
60183
59695
59922
60148
59826
59930
59664
59696
59757
59636
59637
60382
60506
59756
59640
59908
60259
59642
59643
60591
60847
59654
59693
59647
59782
60282
59944
59826
59971
59651
60070
60264
59653
59724
60175
59694
59656
59959
60021
59961
59659
59660
60110
59981
59662
59663
60714
60579
59690
59916
59986
59667
59976
60193
59926
59697
59999
59671
59672
60008
59994
59674
59675
60234
60391
64445
59678
60071
60281
59989
60019
59681
60051
60284
59683
59983
60243
59685
60045
59924
59946
59688
60075
60176
59790
59930
59788
60087
59939
60015
59796
60013
59819
59982
59817
59697
59787
59704
60101
60105
59957
60108
59980
60289
60309
59989
60226
59704
60312
60452
59766
60031
60115
59955
60116
60118
60777
59711
60162
59759
59713
59720
60324
60033
60421
60125
59717
60307
60330
59719
59720
60376
60692
59722
60386
60111
59724
60394
60332
59726
60395
60333
60127
60400
59861
60304
59731
60119
59949
60337
60132
59733
60128
59761
59735
60160
60497
60265
59800
60134
60035
60305
59813
60276
59976
60137
59742
60335
60564
59932
60138
59745
60349
60407
59747
60091
60350
60002
60041
59786
60262
60029
60354
59863
60251
59755
60145
59902
60360
60149
60218
60192
59759
59760
60723
60370
60258
60133
59842
60154
59765
60244
60042
60402
59934
60157
59769
60367
59773
60103
60094
60159
59773
59774
60731
60377
60236
59777
60536
60380
59809
59975
59834
60044
60046
60385
59782
60319
60320
59784
60667
60388
60278
60190
59788
59907
60397
60050
60424
60173
60261
60052
60247
59952
60174
60048
60275
60054
60164
60055
60153
59875
60143
59953
60040
59818
60003
60182
60056
60280
59803
60647
60366
59970
60186
60188
59807
60467
60415
60177
60206
60059
60114
59812
60200
59815
60241
59815
59816
60703
60426
59818
59819
60411
60765
59858
59914
59830
60061
60191
59933
60055
59825
60486
59882
60215
59828
60225
60248
60012
60058
60194
59833
60185
59833
59834
60443
60433
59836
59837
60228
60440
60043
60224
59840
60254
60209
59842
60573
60450
60195
60207
60062
60454
59846
60210
60425
59915
60199
59849
60316
60417
59901
60064
60038
60203
59864
60198
59854
60294
60477
59856
60553
59942
60323
60512
60066
60416
59885
60204
60205
59863
60331
60471
59865
60355
59962
60004
60068
59868
59886
60463
59937
60211
59871
60311
60476
60069
60088
59971
60158
60213
59876
60651
60483
59878
60673
60485
59891
60102
60071
60217
59882
59883
60776
60487
59885
59886
60674
60772
59888
59889
60381
60465
60072
60419
60061
59943
60217
59894
60442
60492
59997
60216
59897
60290
60490
60009
60106
59900
60180
60480
60248
59903
60447
60784
60058
60222
60223
59907
60065
60502
60144
59973
60227
59911
60229
59916
59913
60489
60179
59915
60435
60510
60255
59918
60475
60515
59920
59921
60748
60517
60037
60108
59924
59925
60373
60830
59928
59947
60567
59995
60233
60235
59932
60325
60520
60189
60158
59993
60239
59937
60533
60525
59939
60283
60538
60083
60249
59942
59943
60555
60522
60086
59950
60074
59947
60013
60801
59949
59950
60318
60840
59952
60857
60303
60176
59955
60478
60549
59957
60393
60551
60076
60231
59985
60256
59963
60253
59962
59963
60844
60541
59965
59966
60165
60473
59968
60123
60387
59970
60378
60559
60152
59973
60518
60569
60078
60272
60252
60147
59978
60582
60577
59980
60351
60583
60080
60112
59983
60586
60531
59985
60607
60588
59987
60558
60190
60011
60082
60279
59991
60264
61072
59993
59998
60595
59995
60010
60597
59997
59998
60537
60900
60000
60453
60216
60002
60003
60642
60599
60181
60006
60007
60155
60602
60009
60010
60399
60903
60284
60151
60608
60084
60494
60016
60606
60394
60018
60326
60202
60182
60021
60022
60257
60609
60024
60025
60187
60580
60079
60161
60028
60287
60616
60030
60539
60786
60032
60653
60310
60034
60413
60315
60036
60637
60130
60099
60146
60039
60344
60286
60041
60271
60363
60043
60528
60368
60045
60342
60372
60047
60563
60375
60049
60516
60122
60051
60669
60292
60053
60613
60274
60175
60805
60404
60057
60432
60142
60362
60060
60437
60412
60214
60063
60495
60428
60065
60462
60446
60067
60619
60184
60092
60508
60070
60479
60422
60268
60073
60629
60488
60075
60561
60270
60077
60574
60544
60079
60710
60556
60081
60359
60246
60083
60293
60584
60085
60308
60590
60087
60088
60620
60604
60090
60091
60484
60927
60232
60094
60131
60627
60096
60097
60753
60449
60100
60101
60630
60266
60107
60124
60265
60448
60105
60106
60675
60499
60267
60787
60166
60111
60112
60736
60542
60114
60587
60513
60314
60383
60117
60317
60280
60120
60319
60120
60328
60687
60122
60123
60825
60950
60310
60603
60322
60329
60168
60172
60277
60379
60130
60131
60965
60953
60260
60327
60338
60340
60299
60524
60136
60545
60307
60150
60345
60139
60346
60305
60156
60169
60142
60143
60711
60396
60405
60407
60352
60353
60167
60343
60357
60438
60163
60150
60333
60719
60263
60361
60348
60364
60369
60623
60155
60371
60908
60205
60171
60374
60170
60160
60601
60709
60162
60358
60730
60165
60390
60474
60167
60552
60741
60356
60680
60301
60349
60171
60348
60897
60607
60398
60401
60194
60214
60296
60269
60401
60464
60179
60180
61045
60808
60408
60507
60297
60184
60185
60913
60409
60187
60427
60581
60278
60314
60265
60410
60420
60204
60548
60222
60408
60438
61099
60302
60250
60295
60220
60294
60198
60412
60481
60200
60459
60704
60202
60203
60767
60456
60458
60300
60207
60540
60469
60209
60210
60837
61263
60448
60455
66981
60311
60339
60364
60509
60785
60219
60229
60496
60365
60523
60429
60237
60374
60498
60238
60340
60225
60644
60461
60501
60603
60228
60504
60441
60384
60231
60249
60826
60306
60395
60234
60519
60392
60398
60509
60237
60238
61159
61103
60240
60431
60766
60430
60529
60243
60244
60530
60527
60246
60247
60726
60618
60460
60436
60494
60252
60439
60540
60254
60671
60836
60384
60546
60257
60547
60835
60379
60548
60406
60535
60524
60430
60468
60263
60562
60871
60740
60267
60493
60760
60313
60365
60270
60271
60849
61207
60497
60274
60275
60881
60575
60277
60403
61027
60334
60298
60414
60592
60313
60788
60283
60321
60884
60291
60286
60287
60696
61258
60289
60290
60664
60917
60292
60293
61128
61082
60624
60470
60632
60332
60390
60298
60299
61038
60980
60301
60341
60895
60303
60304
60961
60341
60336
60665
60676
60677
60633
60682
60587
60630
60684
60832
60617
60685
60686
60874
60316
60759
60946
60550
60593
60635
60869
60688
60321
60690
60949
60323
60916
60554
60325
60694
60956
60568
60768
60328
60958
60941
60564
60691
60331
60679
61066
60945
60747
60335
60876
60964
60347
60636
60370
60634
60339
60968
60959
60873
61136
60434
60697
60638
60699
60457
60695
60357
60702
60347
60521
60930
60707
60715
60351
60929
60986
60496
60763
60612
60426
60639
60482
60845
60505
60706
60716
60557
60717
60543
60727
60609
60614
60362
60718
60578
60641
61084
60721
60729
60367
61007
60732
60643
61016
60645
60722
60723
60451
60932
60373
60698
60865
60831
60376
60852
60693
60378
60733
61012
60827
60381
61167
60466
60995
61099
60415
60737
60738
60449
60648
60491
60735
60646
60952
60389
61149
60572
60890
60392
60393
60829
61028
60870
60911
60650
60713
60503
60621
60745
60500
60904
60487
60505
60746
60476
60652
60529
60743
60410
60645
60406
61274
61216
60991
60855
60444
60915
60752
60600
60794
60755
60566
60758
60501
60749
61054
60480
60655
60418
60947
61133
60425
60657
60562
60751
60565
60602
60740
60807
60424
60766
60534
61262
60705
60560
60770
60429
60813
60625
60817
60596
60796
60594
60712
60434
60445
61060
60659
60778
60585
60833
60514
60756
60781
60472
60782
60441
60442
60822
61088
60444
60445
61125
61416
60654
61390
60615
61069
60752
60793
60451
61209
61070
60453
60936
60819
60660
60830
60526
60798
60457
60769
61068
60662
60700
60511
60803
60461
60462
61004
61823
60464
60774
61107
60466
60467
61504
61076
60506
60734
60470
61063
61077
60472
61067
61080
60474
60475
60891
61079
60823
60478
60626
61091
60605
60806
60808
60482
60757
61097
60484
61024
60928
60486
61178
60789
60776
60489
60926
61046
60491
60919
61111
60493
61090
61116
60631
60661
60812
60814
60708
60578
60818
60500
60799
61123
60853
60503
60654
60820
60570
60821
61145
60995
60508
60834
60665
60909
60511
60779
61151
60659
60800
60514
60894
61150
60666
61064
60576
60824
60518
60754
61137
60598
60828
60521
60957
61118
60523
60979
61104
60816
60526
60879
61164
60528
60532
61165
60896
60531
60532
60889
61443
60877
61072
60668
60797
60536
61174
61166
60744
60901
60606
60885
60640
60810
60783
60670
60846
60543
61020
60999
60545
60725
60678
60558
60701
60589
60867
60841
60550
61092
61183
60552
61030
61186
60554
60555
61196
60979
60557
61256
60955
60751
60560
61013
61194
60848
60858
60850
60649
60851
60854
60566
60933
61200
60568
60802
61202
60570
61139
61205
60572
60573
61359
61208
60724
60838
60576
60883
61213
60672
61155
60880
60611
60775
60581
60582
60771
61190
60663
60987
60585
61083
61220
60780
60888
60892
60589
60939
61223
60591
60683
60910
60593
60594
61156
61226
60596
60902
60948
60598
60905
61230
60600
60993
61232
60628
60906
60908
60764
60605
60622
61236
60750
60681
60623
60856
60835
60611
60612
61122
61140
60618
60882
60615
60868
61246
60617
61260
61251
60728
60656
60914
60621
60622
61135
61485
60920
60625
60626
61106
61496
60628
60954
61061
60658
60925
60638
60632
60633
60938
61238
60635
60973
61010
60637
61102
60966
60893
60640
61033
60969
60642
61176
60993
60644
61108
61003
60762
60647
61276
61006
60649
60862
61019
60651
60944
61023
60653
61143
61035
60886
60656
61287
61048
60658
60992
61055
61898
60661
60978
61059
60674
60839
60664
61075
60918
61253
60667
60975
61148
60669
61285
61129
60671
61185
61168
60673
61212
61177
60773
60787
60799
60935
61217
60678
60679
61347
61672
60681
61320
60939
60683
61162
61406
60937
61035
60936
60940
60943
60971
60689
60942
60689
60690
61846
61520
60916
61025
60693
60694
61440
61523
60696
61289
61258
60698
61250
60977
60742
60970
60841
60962
60739
60934
60720
61257
60704
60705
60804
61031
61086
61405
60898
60982
60709
60710
60907
61254
60712
60713
61210
61017
60775
60788
60990
60994
60988
60996
60790
61266
60872
61189
60720
61001
61481
60974
60982
60921
61051
60730
60725
60985
61346
60727
60728
60998
61348
60943
61100
60790
60732
60733
61580
61601
60983
61005
60736
61021
61020
60875
61170
60739
60814
61349
61072
60742
61187
61355
61009
61026
60785
60791
61034
61188
61034
61036
60911
61001
60754
60786
61039
61043
60870
61044
60792
60761
60784
60793
61094
60756
60757
61297
61372
60759
61115
61413
61052
61117
60762
60798
61050
61057
61140
60937
61049
60780
60794
60795
60768
60769
61131
61382
60771
61073
61319
60773
60774
61182
61384
60815
60789
60805
60779
61146
61391
61096
60988
61282
60783
61065
61063
61454
60819
60811
61053
60842
61244
60973
61014
61127
60934
60972
60861
60809
60796
60797
61375
61058
61171
61379
61133
60802
60856
61180
60804
61074
61032
60807
61087
60878
61047
61095
61233
60811
61268
61093
60813
61270
61105
61641
60843
61121
60958
60981
61005
61085
60855
61114
61126
60887
61134
60822
61141
61089
60832
61142
60825
61144
60951
60833
60838
61147
61396
60829
61154
61029
60865
60899
61158
60960
60863
61199
61299
60866
60837
61169
61453
60860
60963
61181
60858
60869
61398
60843
60971
61589
60845
60846
61022
61191
60857
60910
60849
61243
61459
60972
61197
60852
61280
61439
61049
61198
60964
61157
61199
60859
61160
60912
60922
61179
60864
60984
60862
61454
61395
60864
61221
61369
60976
60867
60868
61120
61422
60923
60945
60872
61197
61462
60968
60997
60875
60876
61782
61761
60878
60879
61409
61607
61113
61189
60882
60883
61218
61468
60885
61215
61219
60887
61175
61796
60889
61071
61444
60891
61041
61381
60893
60894
61261
61472
60994
61153
61085
61222
60898
60899
61805
61795
60901
60902
61015
61329
60904
60905
61062
61450
60907
61248
61255
60931
60974
61188
61161
61217
60924
61242
60914
60915
61110
61239
61132
60918
60919
61400
61824
60921
60922
61743
61643
60924
61011
61476
60926
61037
61367
60928
60929
61542
62055
61101
61119
60932
60933
61235
61499
61318
61301
61302
61303
61322
61078
61304
61305
61252
61307
60942
61516
61513
61311
61018
61309
61041
60947
61414
61042
61312
61331
61215
61313
60951
60952
61315
61008
60954
60967
61668
61265
61720
60957
61525
61528
61438
60960
61600
61533
61136
61160
60963
61660
61532
61435
60966
60967
61689
61913
61354
61267
61654
61261
61324
61325
61363
61465
61418
61328
61480
60977
60978
61554
61552
61732
60981
61040
61558
61424
61002
61332
60985
61833
61560
60987
61752
61271
60989
61563
61737
60991
61425
61273
61264
61333
61335
61415
61002
61257
61338
61103
61323
61000
61488
61000
61352
61550
61343
61283
61004
61339
61823
61592
61007
61566
61579
61275
61317
61222
61344
61011
61467
61577
61013
61603
61586
61015
61881
61330
61165
61277
61018
61211
61575
61279
61502
61350
61112
61351
61098
61192
61024
61310
61541
61157
61353
61027
61613
61147
61029
61030
61428
61615
61032
61033
61403
61652
61508
61407
61107
61358
61056
61357
61039
61040
61626
61998
61651
61146
61898
61198
61484
61219
61628
61046
61047
61366
61286
61109
61619
61370
61051
61173
61636
61053
61345
61376
61076
61245
61056
61334
61634
61362
61380
61284
61644
61269
61553
61249
61417
61247
61650
61124
61451
61387
61079
61393
61081
61388
61067
61674
61812
61288
61383
61290
61454
61234
61663
61291
61477
61195
61326
61152
61402
61272
61399
61506
61078
61389
61546
61381
61081
61813
61676
61083
61130
61679
61207
61292
61410
61225
61411
61237
61408
61089
61090
61430
61786
61092
61498
61677
61094
61531
61138
61096
61371
61291
61098
61374
61687
61281
61104
61412
61102
61692
61688
61314
61342
61106
61544
61497
61386
61278
61340
61110
61700
61240
61112
61826
61701
61114
61757
61631
61201
61419
61117
61788
61695
61119
61529
61704
61224
61421
61122
61710
61507
61124
61638
62027
61241
61423
61127
61303
61685
61129
61130
61658
62032
61204
61436
61229
61426
61898
61135
61632
61486
61404
61138
61139
61909
61721
61507
61206
61429
61143
61534
61686
61214
61316
61225
61244
61432
61364
61149
61537
61360
61296
61474
61152
61392
61725
61162
61404
61231
61427
61190
61294
61184
61227
61437
61159
61572
61314
61161
61406
61163
61238
61415
61172
61609
61445
61167
61442
61505
61169
61457
61746
61245
61446
61172
61173
61749
62045
61216
61441
61298
61447
61293
61336
61178
61464
61460
61180
63013
61202
61182
61851
61385
61184
61678
61759
61193
61456
61187
61617
61772
61461
61835
61319
61192
61193
62042
61766
61195
61587
61548
61229
61768
61458
61483
61365
61201
61501
61770
61204
64578
61774
61206
61722
61754
61459
61209
61361
61779
61211
61228
61780
61295
61463
61214
61470
61777
61479
61308
61401
61469
61475
61471
61221
61680
61793
61378
61224
61306
61798
61612
61227
61228
61723
61802
61503
61231
61452
61806
61233
61337
61808
61235
61629
61500
61237
61487
61810
61304
61240
61241
62096
61816
61243
61801
61494
61460
61431
61300
61637
61248
61828
61856
61250
61883
61555
61252
62099
61748
61299
61301
61255
61256
61834
61820
61455
61260
64706
62093
61473
61263
61264
61453
61714
61266
61765
61466
61268
61574
61530
61270
61690
61543
61272
61706
61562
61274
61709
61515
61276
61849
61565
61278
61741
61582
61280
61763
61593
61282
61283
61564
61596
61285
62000
61657
61287
61368
61618
61289
61639
61620
61300
61394
61662
61293
61495
61666
61295
61753
61681
61297
61595
61373
61341
61390
61449
61448
61656
61581
61611
61511
61519
61306
61321
61893
61511
61584
61512
61515
61310
61517
61900
61518
61610
61375
61489
61520
61605
61521
61316
61317
61735
61522
61624
61707
61327
61321
61405
61905
61514
61536
61526
61540
61356
61844
61518
61588
61327
61547
61753
61527
61537
61330
61331
61923
61625
61591
61598
61334
61868
61926
61336
61337
61640
61929
61733
61737
61340
61341
61569
61567
61699
61732
61401
61571
61830
61838
61696
61818
61347
61561
61673
61475
61488
61585
61707
61351
61352
61590
62085
61426
61886
61526
61599
61356
61773
62083
61545
61614
61622
61693
61360
61361
61973
62903
61729
61994
61623
61624
61397
61630
61631
61750
61367
61368
61614
61957
61794
61832
61536
61633
61769
61809
61373
61374
61946
62331
61644
61379
61758
64533
61645
61829
61638
61492
61641
61642
61383
61436
61646
61385
61386
61995
61649
61388
61389
61877
61919
61823
61392
61434
61984
61480
61731
61395
61665
61502
61397
61398
62075
61659
61400
61855
61825
61581
61403
61573
61653
61406
61822
61514
61686
61409
61675
61608
61645
61831
61682
61821
61610
61683
61414
61420
61433
61490
61417
61423
61694
61648
61697
61420
61698
62017
61422
61691
61637
61712
61697
61711
61490
61708
61715
61428
61604
61616
61430
61627
61787
61684
61724
61433
61434
62018
62252
61670
61762
61727
61670
61734
61516
61559
61440
61594
61524
61442
61535
62048
61444
61445
61478
61739
61742
61783
61568
61747
61664
61865
61655
61750
61451
61452
61751
61981
61714
61482
61606
61457
61756
61867
61623
61764
61493
61827
61648
61661
61764
61836
61464
61879
61912
61466
61467
62068
62343
61469
61470
61539
62001
61479
62080
61473
61474
61791
61789
61491
61578
61800
61478
61874
61740
61776
61785
61482
61571
62088
61633
61815
61626
61819
61486
61487
61968
62370
61509
61557
61891
61519
61510
61538
61719
61730
61494
61495
62361
62391
61497
61498
62145
62276
61500
61501
61963
62273
61841
61716
61814
61505
61506
62007
61684
61992
61661
61693
61510
61551
62052
62029
61535
61895
61845
61890
61892
62008
61928
61576
61896
61897
61546
62030
61540
61916
61736
61848
61524
61525
62127
62120
61904
61797
61903
61529
62121
62245
61531
61908
62131
61850
62367
61534
62133
62012
62036
61889
61971
61539
62307
62002
61943
61542
61899
62055
61544
62016
62144
61635
61917
61918
61549
61921
61549
62119
62140
61551
62087
62150
61553
61556
61852
61555
61556
62223
62154
61625
62092
61559
61999
62157
61561
62390
62159
61854
62025
61564
62327
61597
61566
62183
62162
61568
61570
62164
61570
61583
62167
62031
61887
61916
61726
62071
61860
61907
61576
61781
62134
61578
62345
62174
61580
62163
61602
61940
61583
62357
62179
61748
61942
61847
61941
61587
62191
62118
61589
62043
61857
61702
62086
61592
61944
61831
61594
62062
62186
61790
61945
61597
61598
62489
62333
61600
62123
62133
61602
61603
62555
62190
61807
61937
61776
61948
61733
61949
61608
61609
61950
61839
62038
61669
61954
61671
61827
61630
61838
61955
61616
61617
61938
62199
61619
62069
61717
61975
62093
64806
64823
61649
61959
61960
62091
61925
62095
61755
61964
61651
61858
61872
61962
61966
61953
61888
61967
61970
61635
61927
62212
61744
62047
61863
61703
61647
61974
61667
61930
61847
61651
61731
61745
61861
61978
62049
61647
61728
62220
61936
61997
61668
61869
61653
61654
62070
61859
61656
62077
61669
61658
62256
62033
61660
62076
62239
61911
61769
61873
61779
61871
61665
62418
61842
61667
62392
62243
61915
61932
61990
61682
62103
61673
61674
62160
62249
61811
61951
61876
62258
61678
62277
62247
61680
62034
62261
61878
61969
62005
61699
62006
62007
61880
62029
62011
62014
62332
61689
61980
61914
61853
62015
61799
61864
61705
61979
62019
61713
61882
61696
62348
62226
61939
61771
62022
62004
61718
62097
61702
62396
62271
61758
62109
61705
62246
62222
61862
62024
62281
61709
61920
62009
61857
61993
61805
62026
61713
61817
61961
61746
61716
62169
62158
61718
62316
62288
61847
61988
61820
61884
61722
61910
62202
61760
61803
61742
62035
61726
61985
62330
61728
61775
62294
61730
62260
62295
61858
61768
62037
61886
61947
61736
61778
62041
61902
64581
61740
61741
62242
62355
61958
61744
61745
62399
62304
61866
61796
62081
62053
61840
62046
62054
61982
62079
61862
62055
61922
61755
62203
62312
61767
62056
61837
62051
61818
61760
62248
62322
61762
61784
62499
61843
62061
62066
61885
62067
61767
62566
62534
61814
61977
61771
62275
62334
61773
62201
62336
61775
63013
62074
62474
61778
62003
62339
62299
61781
61804
62341
61783
61784
62171
62592
61797
61875
61787
61788
61965
62346
61790
61792
62289
61792
61844
62298
61794
62262
62351
61887
61987
61888
62108
61799
61894
62358
61801
62415
62360
61803
61804
62230
62362
61987
61807
61983
62365
61809
61931
62373
61811
62372
62375
61813
62251
62377
62004
61819
62094
61817
62098
62379
62028
62060
61834
61822
62265
62090
61825
61826
62153
62394
61912
61870
62064
61830
62386
62350
61934
61833
62115
62389
61856
61836
61837
62381
62393
62058
61840
61952
62397
61842
61843
62608
62404
62044
61846
62301
62030
61849
62139
62182
61851
62211
61996
61853
62155
62132
61855
62411
62152
62063
62384
61875
61860
62072
62196
61933
63013
61901
61864
61865
62266
62216
61867
61868
62057
62231
61870
62142
62317
61872
62194
62228
61874
62215
62241
62080
61877
62240
62146
61879
62441
62102
61881
62434
61924
61883
62388
62224
61885
62065
62270
62073
61935
61986
62280
62324
61928
62353
61978
62113
62013
62280
61894
61906
62530
62010
62116
62117
62521
62040
62129
61900
61901
62521
62453
62210
62326
61972
62126
62122
62130
61906
62090
62449
61908
62114
62457
61910
62131
62459
62021
62136
62101
61914
61915
62523
62141
61976
61956
62170
61919
61920
62146
62535
61922
62409
61969
61924
61925
62573
62148
61927
62233
62545
62378
61930
61931
62112
62468
62078
62218
62166
62305
62124
62161
62156
62172
62136
62147
61938
62173
62200
62147
62175
62031
62176
61989
62286
62178
62427
62130
62181
62124
62184
61946
62185
62587
61991
62187
62189
62234
62089
62310
61951
61952
62193
62498
62051
62309
62176
62219
61956
61957
62315
62069
62143
62338
62020
62198
62205
62329
62380
62387
61963
62207
62274
61965
62195
62347
62059
62209
61968
62237
62371
62383
62204
62324
61972
61973
63017
63270
61975
62206
62125
62156
62181
62214
62374
62000
61980
62421
62522
61982
61983
62284
62524
61985
62254
62570
62082
62236
62107
61989
62296
62532
61991
62177
62538
61993
61994
62217
62255
61996
61997
62518
62282
61999
62095
62450
62104
62002
62003
62870
62790
62105
62264
62279
62039
62137
62048
62009
62010
62537
62798
62012
62013
62653
62819
62042
62100
62016
62407
62550
62018
62023
62253
62020
62021
62734
62673
62023
62291
62501
62025
62208
62272
62175
62192
62079
62109
62227
62412
62285
62189
62259
62033
62034
62541
62824
62050
62235
62050
62292
62210
62293
62039
62040
62833
62823
62138
62340
62566
62129
62442
62084
62297
62046
62047
62300
62263
62050
62161
62302
62287
62151
62306
62111
62325
62303
62309
62057
62403
62232
62059
62311
62576
62319
62349
62062
62321
62571
62064
62065
62257
62581
62329
62385
62068
62429
62344
62314
62071
62072
62439
62585
62169
62188
62166
62328
62076
62209
62584
62078
62303
62865
62110
62108
62082
62165
62598
62084
62337
62600
62086
62087
62423
62601
62089
62259
62486
62106
62205
62432
62149
62382
62099
62204
62402
62320
62097
62098
62431
62618
62111
62437
62737
62102
62103
62444
62278
62256
62269
62137
62158
62426
62449
62172
62192
62238
62308
62283
62435
62125
62244
62469
62268
62382
62197
62596
62352
62594
62292
62447
62135
62506
62119
62728
62863
62121
62128
62638
62123
62709
62642
62755
62475
62238
62625
62128
62186
62646
62464
62520
62458
62406
62682
62456
62135
62342
62658
62448
62478
62139
62797
62662
62408
62828
62142
62666
62660
62171
62466
62145
62551
62659
62536
62539
62149
62575
62676
62151
62602
62678
62153
62665
62395
62155
62225
62681
62543
62378
62452
62465
62160
62933
62250
62542
62163
62719
62556
62165
62168
62695
62603
62168
62180
62699
62482
62213
62471
62473
62462
62366
62476
62414
62712
62479
62480
62499
62729
62325
62481
62180
62910
62714
62590
62183
62663
62718
62333
62484
62290
62628
62572
62188
62806
62717
62454
62191
62557
62727
62485
62376
62497
62416
62492
62313
62487
62197
62586
62713
62282
62503
62200
62201
62477
62701
62203
62461
62669
62616
62519
62221
62475
62229
62508
62453
62505
62515
62591
62369
62517
62213
62746
62742
62215
62956
62748
62267
62417
62419
62504
62219
62752
62697
62221
62294
62754
62420
62776
62224
62225
62930
62980
62227
62885
62801
62229
62493
62763
62323
62363
62232
62233
62615
62760
62463
62565
62338
62527
62237
62902
62683
62474
62367
62593
62425
62767
62242
62749
62356
62244
62935
62772
62246
62639
62775
62248
62928
62778
62250
62251
63087
62780
62253
62254
62502
62687
62260
62504
62540
62318
62582
62377
62424
62787
62617
62262
62826
62788
62400
62455
62265
62546
62426
62267
62359
62548
62269
62744
62807
62428
62583
62422
62809
62410
62507
62274
62275
62509
62654
62277
62659
62927
62279
62446
62815
62553
62286
62432
62554
62284
62634
62525
62427
62433
62558
62413
62559
62430
62877
62290
62827
62812
62335
62560
62527
62310
62562
62328
62296
62731
62862
62298
62900
62827
62416
62903
62398
62455
62354
62454
62386
62785
62567
62305
62401
62867
62307
62707
62869
62412
62435
62568
62818
62350
62569
62313
62670
62836
62315
62316
62472
62875
62318
62661
62732
62320
63036
62451
62405
62579
62323
62779
62878
62512
62599
62327
62874
62490
62467
62564
62438
62611
62332
62587
62436
62491
62335
62656
62843
62337
62703
62890
62563
62340
62791
62894
62342
62364
62896
62344
62345
62972
62777
62347
62348
62488
62883
62402
62514
62511
62352
62789
62904
62354
62636
62907
62356
62357
63071
62909
62359
62531
62674
62361
62693
62866
62363
62364
62753
62911
62366
62526
62764
62368
62369
62705
62914
62371
62372
62684
62916
62374
62470
62926
62376
62918
62919
62781
62544
62380
62620
62923
62385
62528
62605
62440
62443
62419
62442
62607
62510
62388
62643
62929
62390
62595
62932
62392
62866
62934
62413
62528
62395
62396
63109
62852
62398
62706
62679
62400
62401
62783
63131
62606
62552
62614
62405
62610
62792
62407
62860
62942
62409
62804
62443
62411
62842
62664
62589
62549
62415
62946
62692
63299
62418
62795
62609
62533
62421
62948
62750
62423
62950
62759
62425
62850
63282
62529
62494
62429
62690
63020
62431
62886
62619
62588
62434
62496
62574
62898
62437
62629
62871
62439
62931
62887
62441
62937
62445
62612
63359
62445
62446
63129
63147
62770
62800
62635
62637
62621
62451
62452
63138
62640
62521
62513
62516
62642
62652
62458
62597
62460
62460
62461
63105
63166
62651
62820
62474
62625
62649
62672
62483
62735
62644
62686
62604
62845
62469
62470
62694
62986
62472
62838
62876
62592
62645
62624
62477
62739
62702
62710
62735
62711
62720
62698
62853
62495
62716
62483
62717
62987
62725
62846
62720
62820
62721
62817
62488
62723
62884
62490
62491
63066
62724
62493
64075
63591
62495
62496
63351
63234
62498
62657
62706
62889
64659
62502
62691
62688
62733
62771
62630
62506
62507
62756
62736
62509
62939
62655
62511
62811
62738
62740
62810
62565
62908
62893
62999
62578
62726
62680
62782
62518
62743
62554
62745
62888
62708
62747
62523
62751
62666
62525
62526
63006
63262
62622
62561
62547
62768
62531
62621
63029
62558
62936
62613
62631
62552
62774
62536
62537
62767
62799
62730
62805
62635
62711
62541
62808
62825
62722
62784
62651
62685
62636
62641
62746
62762
62547
62816
63130
62675
62794
62796
62921
62551
62943
62967
62626
62766
62810
62814
62556
62557
63222
63345
62922
62568
62954
62691
62822
62796
62861
62803
62856
62623
62686
62745
62913
63062
62737
62864
63091
63074
62577
62821
62611
62689
62572
62580
62647
62574
62575
63227
63383
62577
62578
63247
63342
62580
62741
63077
62582
62583
62840
62880
62593
62726
62586
62887
63083
62627
62888
62922
62802
62944
62685
62747
62803
62873
62889
62704
62595
62786
63101
62597
62832
63104
62696
62901
62624
62835
62891
62899
62602
62759
63106
62604
62868
63117
62677
62744
62892
62925
62861
62913
62609
62610
63295
63394
62940
62613
62649
63288
62615
62668
62761
62740
62925
62632
62731
62619
62620
63043
63432
62769
62623
62770
62960
62844
62633
62650
62667
62628
62629
62671
62969
62631
62632
63339
63223
63062
64075
62906
63005
62957
63037
62673
62958
62639
62648
63008
62641
63139
63154
63040
62924
62961
62645
63158
63115
62647
62648
63079
63469
62959
62829
62963
62964
62653
63243
63123
62655
62656
63438
63474
62920
63075
62757
62897
62966
62661
63002
63169
62663
63046
63172
62665
63237
63174
63000
62668
63157
63176
62670
63168
63178
62813
62970
62823
62973
62976
62675
63031
63183
62677
63385
63184
62707
63107
62680
63033
63415
62682
62982
62830
62684
63407
62917
63058
63403
62688
62689
62984
63190
62882
63024
62983
62693
63164
63194
62773
62985
62696
62700
63192
62698
63019
63197
62700
62715
63198
62702
62703
63004
63200
62705
63182
63210
63032
63054
62709
63185
63208
62833
62965
62991
62777
62834
62831
63084
62715
63412
63204
62835
62994
62995
62719
63173
63221
63047
62848
62998
62755
62996
62836
62988
62725
63067
63189
62977
62728
63347
63231
62730
63116
63233
63137
62839
63170
62734
63272
62976
63063
62758
62841
62774
62821
63053
62765
63003
63011
62793
63012
62837
63161
62915
62978
63014
63119
63061
63134
62749
63422
63072
62751
63213
63001
62951
63018
62879
63016
62844
62845
62846
62757
62758
63500
63261
63256
62761
62762
63177
63266
62938
63041
62765
63264
63269
62819
63028
63533
62769
63278
63030
62979
62814
63034
62773
63436
63273
62829
62776
63007
62847
62975
62779
63426
63279
62781
63089
62849
62783
63344
63132
62785
63372
62851
62905
63039
62848
62853
62789
63358
63275
62791
63377
63290
62793
63396
63292
62795
63307
63294
63068
62895
63045
62799
62800
63533
63296
62802
63230
63259
63092
62858
63359
62806
63316
63219
62808
63608
63330
62852
62854
63051
62851
63052
62813
63050
63328
62978
62816
63149
63334
62818
63044
62855
63123
63010
63076
62843
63057
63355
62825
62826
63331
63356
63049
62857
62863
62872
62859
63181
62832
63187
63253
63393
62945
63022
62992
63100
62838
63324
63112
62840
63252
62881
62842
63322
63236
63082
63094
63060
63124
62947
62997
63035
62850
63523
63431
63070
63108
63125
62949
62990
62856
63332
63286
62858
63311
63336
62860
63450
63360
63136
62936
63093
63232
62865
63080
62951
63097
62868
63133
63374
62870
63333
63377
62872
62971
63378
62874
63398
63159
62876
62877
63111
62952
62879
63280
63428
62881
62882
63527
63388
62884
62885
62989
63228
62953
63042
63085
63090
63114
62891
63202
63400
62893
63313
63401
62895
63291
63327
62897
62912
63099
62906
62944
62900
63458
63329
62902
63309
63406
63270
62905
63276
63409
63376
62908
63038
63901
62910
63073
63411
62912
63016
63413
63056
62915
63211
63417
62917
62918
63519
63419
62920
63420
63188
62954
63367
63120
62924
63434
63423
63055
62955
63135
62928
62968
63425
62930
62962
62981
62941
63127
62933
63103
63088
62935
63098
63435
63015
63059
63128
62939
63439
63437
62941
63191
63442
62943
63361
63444
63048
62946
63320
63163
62948
63454
63212
62950
63250
63255
63069
62953
63113
63368
62993
62956
63277
63421
63207
63386
63150
63386
62974
63287
63152
63446
62962
63153
63620
63156
63379
63151
63354
63065
63408
62967
62968
63445
63596
62970
62971
63430
63624
62975
63020
62974
63171
63477
63021
63399
63182
63235
63026
63152
63298
62981
62982
63622
63180
62984
63244
63627
62986
63326
63135
63064
63427
62989
63196
63229
63110
63203
63175
63207
63096
63165
63140
63214
63218
63352
63219
63387
63220
63371
63009
63362
63044
63225
63027
63036
63001
63002
63706
63761
63004
63304
63201
63006
63195
63263
63008
63009
63471
63885
63151
63224
63239
63240
63078
63241
63238
63562
63121
63245
63246
63299
64075
63019
63365
63525
63023
63022
63025
63258
63024
63025
63370
63461
63186
63418
63142
63402
63251
63392
63030
63031
63780
63752
63033
63075
63535
63186
63271
63126
63225
63141
63038
63155
63786
63102
63404
63209
63242
63524
63591
63043
63289
63433
63481
63046
63283
63550
63175
63224
63260
63448
63050
63329
63511
63240
63251
63053
63317
63216
63333
63447
63206
63239
63193
63343
63244
63349
63348
63354
63144
63359
63095
63118
63161
63268
64060
63064
63065
63883
63837
63067
63159
63493
63226
63366
63081
63364
63265
63373
63072
63073
63846
63747
63091
63140
63302
63217
63318
63078
63079
64070
63470
63081
63146
63509
63382
63474
63084
63086
63380
63086
63127
63592
63088
63089
63610
63595
63122
63363
63145
63248
63397
63137
63350
63095
63096
63645
63654
63098
63194
63565
63414
63603
63179
63312
63102
63103
63921
63640
63105
63254
63167
63107
63257
63405
63109
63110
63174
63503
63112
63113
63772
63955
63115
63116
63467
63723
63118
63375
63465
63343
63363
63121
63122
63818
63929
63390
63160
63220
63126
63197
63517
63274
63129
63215
63148
63278
63335
63132
63133
63569
63947
63281
63348
63440
63193
63226
63315
63139
63143
63636
63338
63142
63143
63870
63743
63162
63337
63146
63338
63541
63148
63149
63498
63873
63399
63628
63460
63472
63424
63464
63155
63637
63643
63157
63916
63649
63459
63466
63468
63189
63473
63300
63215
63516
63164
63659
63573
63218
63575
63167
63168
63755
64125
63170
63763
63284
63452
63476
63173
63552
63661
63501
63492
63177
63650
63267
63179
64102
63670
63181
63729
63305
63580
63306
63722
63238
63677
63281
63478
63482
63381
63483
63301
63681
63486
63191
63627
63684
63199
63308
63487
63572
63456
63490
63312
63488
63526
63199
63205
63494
63201
63202
63665
63696
63249
63919
63205
63923
63699
63313
63667
63495
63209
63479
63701
63211
63582
63703
63213
63827
63705
63455
63496
63497
63217
63658
63709
63561
63475
63556
63222
63662
63346
63314
63341
63499
63800
63534
63234
63384
63229
63230
63489
63719
63232
63796
63310
63316
63583
63353
63342
63505
63237
63769
63502
63530
63480
63567
63293
63514
63243
63702
63391
63790
63350
63518
63429
63515
63318
63507
63286
63506
63250
63753
63718
63625
63285
63528
63254
63484
63754
63256
63630
63257
63589
63319
63463
63260
63721
63764
63321
63549
63263
63264
63491
63714
63317
63532
63267
63268
64019
63774
63303
63716
63299
63272
63751
63577
63325
63734
63443
63593
63276
64187
63712
63441
63538
63540
63280
63939
63783
63576
63297
63533
63327
63543
63285
63900
63710
63564
63288
63669
63340
63369
63547
63291
63791
63686
63293
63868
63794
63295
63799
63395
63297
63298
63431
63546
63323
63775
63302
63657
63536
63304
63850
63664
63449
63961
63307
63672
63798
63309
63692
63675
63311
63909
63687
63579
63601
63315
63912
63571
63634
63557
63563
63320
63851
63659
63322
63918
63768
63324
63861
63771
63326
63859
63777
63623
63430
63512
63553
63331
63639
63357
63481
63558
63559
63335
63875
63789
63337
63688
63815
63599
63340
63341
63856
63819
63507
63633
63416
63568
63346
63347
64295
64277
63617
63382
63570
63571
63352
63353
63872
63823
63504
63393
63452
63357
63358
64418
64187
63361
63648
63803
63453
63531
63578
63365
63825
63835
63367
63802
63455
63369
63956
63839
63389
63462
63372
63843
63373
63584
63375
63949
63844
63448
63456
63560
63379
63934
63852
63381
63594
63853
63510
63384
63385
63913
63860
63626
63427
63638
63389
63529
63724
63391
63392
64112
63864
63451
63395
63396
64100
63867
63398
63829
63779
63577
63457
63698
63402
63881
63876
63446
63459
63410
63869
63447
63590
63407
63676
63520
63451
63600
63410
63713
63587
63412
63748
63922
63414
63515
63924
63416
63537
63927
63418
63704
63932
63420
63521
63806
63422
63539
63847
63424
63946
63936
63426
63598
63938
63613
63429
63784
63940
63522
63544
63433
63434
63548
63944
63436
63566
63739
63438
64036
63604
63508
63954
63441
63777
63952
63443
63685
63957
63445
63804
63596
63588
63485
63513
63450
63793
63647
63602
63602
63454
63733
63826
63632
63781
63458
63707
63554
63614
63708
63884
63462
63463
63642
63878
63621
63757
63644
63845
63467
63651
63993
63652
63779
63470
63471
64070
64760
63586
63869
63653
63960
63604
63635
63646
63612
63663
63663
63668
63479
63831
64126
63666
63814
63605
63674
63933
63484
63678
64118
63679
63756
63493
63959
63682
63787
63489
63689
63720
63491
63726
63715
63690
63773
63652
63691
63700
63695
63773
63599
63951
63498
63742
63874
63690
63708
63549
63603
63502
63503
63994
63962
63618
63884
63581
63730
63731
63828
63606
63524
63732
63542
63824
63717
64001
63512
63555
63821
63765
63889
63738
63766
63740
63741
63816
63745
63808
63746
63817
63520
63521
64154
63966
63624
63807
63545
63595
63749
63526
63836
63745
63528
63529
63694
64011
63656
63863
63758
63766
63585
63736
63787
63801
63536
63537
63970
64241
63539
63833
63979
63767
63782
63542
63683
64032
63551
63735
63545
63546
63785
63778
63548
63797
63945
63607
63551
63552
64272
64265
63554
63555
63989
64251
63653
63849
63658
63737
63564
63805
63560
63680
63791
63809
63810
63608
63609
63673
63811
63812
63566
63574
64054
63814
63935
63569
63820
63948
63813
63892
64008
63573
63574
64166
64289
63641
63654
63619
63830
63832
63834
63931
63671
63693
63581
63582
64311
64172
63723
63727
63585
63914
64314
63587
63588
64025
63614
63590
63631
63862
64060
63593
63594
63792
64080
63610
63598
64712
64667
63683
63838
63866
63881
63882
63611
63615
64127
63655
63910
63673
63730
63616
63917
63639
63656
63788
63640
63612
63866
64056
63660
63883
63920
63616
63926
64092
63618
63619
64204
64367
63621
63622
63967
63729
63686
63841
63934
63865
63935
63629
63695
63906
63629
63855
64109
63631
63718
64111
63904
63950
63682
63834
63635
63728
64083
63637
63744
64121
63646
63750
63905
63785
63810
64002
63725
63879
63776
64403
63645
64140
64003
64089
63648
63998
64143
63650
64320
64020
63920
64133
63964
63985
64003
63805
64042
63968
63891
63969
63971
64044
63750
63972
63662
64266
64338
64392
63665
64064
63697
63667
64053
63888
63669
64108
63857
63671
64227
64157
63943
63974
63976
63751
63999
63676
64176
64153
63860
63887
63854
63965
63680
64165
64040
63806
63890
63981
64103
63685
64122
64431
64041
63688
64261
64169
63693
63982
63984
63692
64343
64175
64031
63711
64012
63987
63697
63698
64379
63893
63700
64333
64155
63702
64167
64113
63704
64173
64182
63706
64301
63762
63894
63988
63991
63811
64059
63711
64191
64180
63713
64136
64828
63715
63716
64097
63895
63892
64228
64010
63720
63721
63983
64194
63752
63942
63993
63725
64013
64199
63886
64098
63728
64134
64197
63967
64091
63812
64000
63786
63901
63760
63995
63739
63897
63842
63986
63737
64207
64434
63759
63795
64055
63925
63941
63742
64461
64430
63744
63871
64218
64062
64005
64008
63748
63848
64219
63901
64060
64007
63973
63780
63770
64009
63755
64120
64125
63862
64014
63937
64137
63759
63760
64231
64141
63762
63763
64205
63899
63765
64196
64184
63885
63789
64016
63769
64322
64061
63963
64017
63772
64073
64233
64074
63775
64021
63902
63786
64047
64022
63869
63921
64027
63782
63886
63889
64035
63784
64385
64249
63921
64018
63905
64107
64037
63813
63906
64039
63958
64081
63907
63997
63795
64335
64257
63908
64277
63840
64084
63799
63975
64203
63808
63910
63802
64043
63904
63804
64144
64270
64696
63966
63822
64045
64046
63872
64293
64048
64065
63992
64090
64057
63816
64170
64290
63818
64188
63930
63858
63911
63928
64051
63822
64253
64287
63913
63990
63825
64238
64285
63827
63996
64300
63829
64541
64028
63831
64244
64303
63855
63973
63953
64049
64058
63836
64286
64234
63838
64088
64309
63840
64396
64313
63842
64268
64317
63849
63914
63845
64224
64280
63847
63848
63980
64508
64006
63896
64063
63880
64104
63915
64069
63854
64082
64278
63978
63857
63858
64502
64327
63898
64023
64071
63903
64072
64076
63887
64077
63865
64114
64328
64079
63868
64101
64334
63871
63877
64239
63990
63874
63875
64604
64360
63877
64068
64298
63879
63880
64351
64525
64067
63888
64086
64088
64117
64760
64004
64030
63977
64115
63891
64214
64161
64015
63894
64381
64174
63896
64099
64179
63898
64366
64189
63900
64206
64190
63903
64212
64202
64096
64418
64122
64038
64106
63909
64359
64259
64093
63912
64515
64200
64071
64269
63916
64318
64319
63918
64362
64321
63962
63963
64026
63923
64220
64332
63925
63926
64181
64370
63928
64242
64216
63930
63931
64497
64375
63933
64183
64291
64124
64123
63937
64391
64382
63939
64466
64384
63941
64250
64386
63943
64035
64388
63945
63946
64085
64389
63948
63949
64052
64222
63951
64152
64193
63953
64024
64356
64036
64047
63956
64233
64395
63958
64433
64397
63960
64264
64540
63967
64106
63994
64276
64029
64264
64119
64146
64340
64078
64305
63970
64149
64415
64059
64245
64246
64255
64129
63975
64401
64420
64066
64159
64160
64414
64148
64394
63980
64050
64538
64142
64164
63983
64168
64195
64171
64330
64377
64435
64177
64273
64110
64236
63989
64345
64252
64130
64171
64186
64033
64440
64132
64061
63996
64374
64447
63998
64354
64453
64201
64292
64446
64455
64127
64494
64208
64296
64208
64116
64209
64188
64213
64267
64377
64221
64254
64135
64010
64495
64178
64012
64013
64192
64443
64165
64262
64229
64230
64237
64465
64225
64235
64164
64260
64020
64021
64469
64211
64023
64024
64349
64408
64026
64828
64156
64028
64029
64813
64128
64302
64158
64240
64238
64243
64665
64696
64136
64187
64418
64237
64127
64248
64360
64139
64247
64040
64041
64481
64341
64095
64147
64260
64263
64105
64166
64124
64275
64094
64282
64494
64283
64306
64050
64284
64402
64052
64163
64223
64160
64336
64055
64289
64365
64215
64399
64294
64336
64142
64376
64307
64489
64234
64282
64064
64347
64380
64066
64198
64511
64068
64087
64514
64124
64323
64760
64128
64073
64353
64405
64236
64330
64111
64355
64078
64331
64519
64215
64310
64081
64082
64337
64516
64089
64326
64085
64358
64390
64087
64503
64526
64246
64221
64229
64364
64159
64363
64361
64372
64094
64095
64748
64675
64151
64263
64098
64099
64210
64531
64101
64203
64450
64125
64138
64193
64243
64105
64378
64473
64137
64226
64305
64393
64539
64110
64394
64416
64178
64113
64114
64614
64792
64116
64185
64438
64186
64256
64119
64120
64553
64138
64228
64403
64364
64294
64329
64167
64304
64131
64148
64201
64131
64150
64457
64133
64134
64156
64422
64145
64200
64226
64139
64227
64383
64281
64419
64232
64373
64407
64144
64454
64570
64213
64638
64279
64488
64411
64697
64412
64162
64574
64293
64441
64152
64644
64598
64154
64499
64340
64342
64663
64586
64158
64635
64588
64470
64528
64162
64459
64592
64217
64423
64426
64468
64437
64439
64240
64428
64170
64605
64602
64554
64173
64312
64609
64344
64658
64176
64583
64500
64317
64436
64543
64346
64532
64192
64621
64371
64387
64183
64610
64590
64185
64634
64624
64520
64521
64348
64727
64191
64641
64627
64442
64427
64195
64196
64429
64632
64326
64478
64307
64444
64350
64445
64449
64487
64352
64646
64421
64256
64368
64206
64647
64640
64262
64316
64419
64210
64619
64575
64212
64469
64651
64534
64339
64458
64460
64217
64691
64655
64228
64230
64220
64509
64652
64595
64223
64224
64424
64660
64307
64495
64822
64553
64299
64239
64232
64258
64464
64404
64563
64308
64444
64467
64411
64475
64297
64482
64242
64415
64689
64510
64369
64471
64434
64543
64695
64354
64485
64476
64665
64250
64784
64672
64252
64253
64585
64700
64255
64821
64770
64417
64258
64763
64704
64261
64597
64479
64486
64355
64456
64533
64266
64274
64524
64268
64269
64341
64315
64571
64667
64573
64273
64274
64820
64288
64324
64308
64489
64295
64279
64518
64281
64662
64767
64480
64293
64505
64356
64491
64286
64722
64713
64288
64702
64723
64437
64496
64603
64292
64591
64725
64493
64338
64306
64490
64298
64299
64664
64606
64301
64448
64647
64331
64457
64304
64669
64734
64463
64564
64629
64310
64717
64738
64312
64363
64739
64357
64782
64315
64316
64413
64468
64377
64325
64506
64320
64507
64636
64322
64547
64324
64325
64668
64757
64425
64515
64537
64329
64794
64775
64477
64688
64333
64653
64676
64335
64452
64762
64484
64398
64517
64359
64340
64501
64413
64343
64671
64582
64345
64650
64584
64347
64620
64612
64349
64743
64409
64351
64787
64546
64353
64747
64630
64535
64434
64410
64358
64793
64720
64524
64483
64362
64562
64432
64366
64474
64755
64368
64369
64617
64761
64371
64372
64771
64645
64374
64790
64599
64376
64498
64773
64462
64542
64380
64381
64613
64777
64383
64780
64712
64385
64756
64783
64387
64673
64785
64400
64622
64390
64391
64721
64778
64393
64399
64555
64522
64396
64406
64791
64398
64551
64527
64401
64703
64492
64608
64494
64405
64406
64631
64799
64596
64774
64409
64410
64802
64569
64622
64572
64769
64481
64503
64504
64576
64577
64765
64578
64616
64523
64421
64840
64451
64478
64586
64424
64587
64661
64593
64666
64581
64596
64579
64598
64429
64601
64633
64604
64682
64432
64433
64606
64436
64540
64544
64472
64618
64625
64614
64735
64455
64476
64611
64626
64443
64628
64445
64512
64541
64642
64448
64600
64834
64637
64657
64451
64452
64454
64536
64811
64607
64643
64545
64459
64729
64838
64654
64726
64496
64642
64639
64711
64519
64819
64705
64789
64665
64697
64667
64730
64577
64623
64481
64636
64513
64670
64669
64692
64473
64474
64639
64722
64745
64483
64623
64699
64674
64581
64607
64694
64706
64573
64589
64529
64698
64707
64712
64605
64714
64715
64769
64567
64716
64547
64523
64718
64492
64796
64698
64776
64543
64731
64498
64521
64500
64501
64728
64537
64539
64548
64530
64565
64626
64507
64741
64509
64538
64580
64744
64512
64513
64681
64551
64664
64550
64517
64518
64552
64742
64674
64578
64659
64764
64572
64765
64766
64542
64546
64551
64552
64556
64654
64529
64530
64532
64575
64708
64566
64684
64768
64536
64750
64558
64608
64549
64566
64733
64561
64693
64820
64568
64611
64648
64629
64552
64742
64557
64559
64560
64657
64567
64659
64699
64556
64557
64559
64560
64649
64710
64670
64751
64706
64713
64565
64719
64693
64635
64594
64688
64795
64804
64571
64812
64781
64601
64576
64678
64807
64690
64805
64580
64583
64585
64837
64701
64819
64656
64814
64589
64591
64677
64839
64594
64595
64816
64810
64817
64818
64600
64829
64603
64806
64732
64610
64740
64816
64613
64825
64615
64792
64617
64619
64808
64709
64824
64627
64679
64675
64625
64680
64681
64631
64800
64633
64634
64830
64638
64683
64641
64835
64682
64644
64772
64831
64651
64685
64833
64649
64788
64687
64836
64653
64656
64832
64686
64777
64661
64662
64815
64676
64736
64674
64688
64724
64758
64737
64673
64703
64678
64680
64684
64746
64687
64690
64691
64761
64841
64748
64717
64749
64697
64701
64702
64705
64750
64709
64809
64711
64817
64725
64752
64719
64721
64779
64724
64738
64753
64755
64729
64756
64781
64732
64733
64823
64813
64735
64737
64740
64751
64759
64754
64803
64745
64747
64770
64754
64758
64759
64763
64768
64767
64827
64772
64786
64774
64776
64779
64780
64791
64797
64784
64786
64788
64790
64801
64794
64798
64796
64798
64800
64801
64803
64804
64808
64809
64821
64812
64823
64815
64820
64822
64826
64828
64825
64827
64830
64834
64835
64837
64839
64843
64847
66977
64844
64848
66978
64845
64849
66979
64846
64850
66980
64851
66981
64848
64852
64849
64853
64850
64854
64851
64855
64856
64853
64857
64854
64858
64855
64859
64856
64860
64861
64858
64862
64859
64863
64860
64864
64861
64865
64866
64863
64867
64864
64868
64865
64869
64866
64870
64871
64868
64872
64869
64873
64870
64874
64871
64875
64876
64873
64877
64874
64878
64875
64879
64876
64880
64881
64878
64882
64879
64883
64880
64884
64881
64885
64886
64883
64887
64884
64888
64885
64889
64886
64890
64891
64888
64892
64889
64893
64890
64894
64891
64895
64896
64893
64897
64894
64898
64895
64899
64896
64900
64901
64898
64902
64899
64903
64900
64904
64901
64905
64906
64903
64907
64904
64908
64905
64909
64906
64910
64911
64908
64912
64909
64913
64910
64914
64911
64915
64916
64913
64917
64914
64918
64915
64919
64916
64920
64921
64918
64922
64919
64923
64920
64924
64921
64925
64926
64923
64927
64924
64928
64925
64929
64926
64930
64931
64928
64932
64929
64933
64930
64934
64931
64935
64936
64933
64937
64934
64938
64935
64939
64936
64940
64941
64938
64942
64939
64943
64940
64944
64941
64945
64946
64943
64947
64944
64948
64945
64949
64946
64950
64951
64948
64952
64949
64953
64950
64954
64951
64955
64956
64953
64957
64954
64958
64955
64959
64956
64960
64961
64958
64962
64959
64963
64960
64964
64961
64965
64966
64963
64967
64964
64968
64965
64969
64966
64970
64971
64968
64972
64969
64973
64970
64974
64971
64975
64976
64973
64977
64974
64978
64975
64979
64976
64980
64981
64978
64982
64979
64983
64980
64984
64981
64985
64986
64983
64987
64984
64988
64985
64989
64986
64990
64991
64988
64992
64989
64993
64990
64994
64991
64995
64996
64993
64997
64994
64998
64995
64999
64996
65000
65001
64998
65002
64999
65003
65000
65004
65001
65005
65006
65003
65007
65004
65008
65005
65009
65006
65010
65011
65008
65012
65009
65013
65010
65014
65011
65015
65016
65013
65017
65014
65018
65015
65019
65016
65020
65021
65018
65022
65019
65023
65020
65024
65021
65025
65026
65023
65027
65024
65028
65025
65029
65026
65030
65031
65028
65032
65029
65033
65030
65034
65031
65035
65036
65033
65037
65034
65038
65035
65039
65036
65040
65041
65038
65042
65039
65043
65040
65044
65041
65045
65046
65043
65047
65044
65048
65045
65049
65046
65050
65051
65048
65052
65049
65053
65050
65054
65051
65055
65056
65053
65057
65054
65058
65055
65059
65056
65060
65061
65058
65062
65059
65063
65060
65064
65061
65065
65066
65063
65067
65064
65068
65065
65069
65066
65070
65071
65068
65072
65069
65073
65070
65074
65071
65075
65076
65073
65077
65074
65078
65075
65079
65076
65080
65081
65078
65082
65079
65083
65080
65084
65081
65085
65086
65083
65087
65084
65088
65085
65089
65086
65090
65091
65088
65092
65089
65093
65090
65094
65091
65095
65096
65093
65097
65094
65098
65095
65099
65096
65100
65101
65098
65102
65099
65103
65100
65104
65101
65105
65106
65103
65107
65104
65108
65105
65109
65106
65110
65111
65108
65112
65109
65113
65110
65114
65111
65115
65116
65113
65117
65114
65118
65115
65119
65116
65120
65121
65118
65122
65119
65123
65120
65124
65121
65125
65126
65123
65127
65124
65128
65125
65129
65126
65130
65131
65128
65132
65129
65133
65130
65134
65131
65135
65136
65133
65137
65134
65138
65135
65139
65136
65140
65141
65138
65142
65139
65143
65140
65144
65141
65145
65146
65143
65147
65144
65148
65145
65149
65146
65150
65151
65148
65152
65149
65153
65150
65154
65151
65155
65156
65153
65157
65154
65158
65155
65159
65156
65160
65161
65158
65162
65159
65163
65160
65164
65161
65165
65166
65163
65167
65164
65168
65165
65169
65166
65170
65171
65168
65172
65169
65173
65170
65174
65171
65175
65176
65173
65177
65174
65178
65175
65179
65176
65180
65181
65178
65182
65179
65183
65180
65184
65181
65185
65186
65183
65187
65184
65188
65185
65189
65186
65190
65191
65188
65192
65189
65193
65190
65194
65191
65195
65196
65193
65197
65194
65198
65195
65199
65196
65200
65201
65198
65202
65199
65203
65200
65204
65201
65205
65206
65203
65207
65204
65208
65205
65209
65206
65210
65211
65208
65212
65209
65213
65210
65214
65211
65215
65216
65213
65217
65214
65218
65215
65219
65216
65220
65221
65218
65222
65219
65223
65220
65224
65221
65225
65226
65223
65227
65224
65228
65225
65229
65226
65230
65231
65228
65232
65229
65233
65230
65234
65231
65235
65236
65233
65237
65234
65238
65235
65239
65236
65240
65241
65238
65242
65239
65243
65240
65244
65241
65245
65246
65243
65247
65244
65248
65245
65249
65246
65250
65251
65248
65252
65249
65253
65250
65254
65251
65255
65256
65253
65257
65254
65258
65255
65259
65256
65260
65261
65258
65262
65259
65263
65260
65264
65261
65265
65266
65263
65267
65264
65268
65265
65269
65266
65270
65271
65268
65272
65269
65273
65270
65274
65271
65275
65276
65273
65277
65274
65278
65275
65279
65276
65280
65281
65278
65282
65279
65283
65280
65284
65281
65285
65286
65283
65287
65284
65288
65285
65289
65286
65290
65291
65288
65292
65289
65293
65290
65294
65291
65295
65296
65293
65297
65294
65298
65295
65299
65296
65300
65301
65298
65302
65299
65303
65300
65304
65301
65305
65306
65303
65307
65304
65308
65305
65309
65306
65310
65311
65308
65312
65309
65313
65310
65314
65311
65315
65316
65313
65317
65314
65318
65315
65319
65316
65320
65321
65318
65322
65319
65323
65320
65324
65321
65325
65326
65323
65327
65324
65328
65325
65329
65326
65330
65331
65328
65332
65329
65333
65330
65334
65331
65335
65336
65333
65337
65334
65338
65335
65339
65336
65340
65341
65338
65342
65339
65343
65340
65344
65341
65345
65346
65343
65347
65344
65348
65345
65349
65346
65350
65351
65348
65352
65349
65353
65350
65354
65351
65355
65356
65353
65357
65354
65358
65355
65359
65356
65360
65361
65358
65362
65359
65363
65360
65364
65361
65365
65366
65363
65367
65364
65368
65365
65369
65366
65370
65371
65368
65372
65369
65373
65370
65374
65371
65375
65376
65373
65377
65374
65378
65375
65379
65376
65380
65381
65378
65382
65379
65383
65380
65384
65381
65385
65386
65383
65387
65384
65388
65385
65389
65386
65390
65391
65388
65392
65389
65393
65390
65394
65391
65395
65396
65393
65397
65394
65398
65395
65399
65396
65400
65401
65398
65402
65399
65403
65400
65404
65401
65405
65406
65403
65407
65404
65408
65405
65409
65406
65410
65411
65408
65412
65409
65413
65410
65414
65411
65415
65416
65413
65417
65414
65418
65415
65419
65416
65420
65421
65418
65422
65419
65423
65420
65424
65421
65425
65426
65423
65427
65424
65428
65425
65429
65426
65430
65431
65428
65432
65429
65433
65430
65434
65431
65435
65436
65433
65437
65434
65438
65435
65439
65436
65440
65441
65438
65442
65439
65443
65440
65444
65441
65445
65446
65443
65447
65444
65448
65445
65449
65446
65450
65451
65448
65452
65449
65453
65450
65454
65451
65455
65456
65453
65457
65454
65458
65455
65459
65456
65460
65461
65458
65462
65459
65463
65460
65464
65461
65465
65466
65463
65467
65464
65468
65465
65469
65466
65470
65471
65468
65472
65469
65473
65470
65474
65471
65475
65476
65473
65477
65474
65478
65475
65479
65476
65480
65481
65478
65482
65479
65483
65480
65484
65481
65485
65486
65483
65487
65484
65488
65485
65489
65486
65490
65491
65488
65492
65489
65493
65490
65494
65491
65495
65496
65493
65497
65494
65498
65495
65499
65496
65500
65501
65498
65502
65499
65503
65500
65504
65501
65505
65506
65503
65507
65504
65508
65505
65509
65506
65510
65511
65508
65512
65509
65513
65510
65514
65511
65515
65516
65513
65517
65514
65518
65515
65519
65516
65520
65521
65518
65522
65519
65523
65520
65524
65521
65525
65526
65523
65527
65524
65528
65525
65529
65526
65530
65531
65528
65532
65529
65533
65530
65534
65531
65535
65536
65533
65537
65534
65538
65535
65539
65536
65540
65541
65538
65542
65539
65543
65540
65544
65541
65545
65546
65543
65547
65544
65548
65545
65549
65546
65550
65551
65548
65552
65549
65553
65550
65554
65551
65555
65556
65553
65557
65554
65558
65555
65559
65556
65560
65561
65558
65562
65559
65563
65560
65564
65561
65565
65566
65563
65567
65564
65568
65565
65569
65566
65570
65571
65568
65572
65569
65573
65570
65574
65571
65575
65576
65573
65577
65574
65578
65575
65579
65576
65580
65581
65578
65582
65579
65583
65580
65584
65581
65585
65586
65583
65587
65584
65588
65585
65589
65586
65590
65591
65588
65592
65589
65593
65590
65594
65591
65595
65596
65593
65597
65594
65598
65595
65599
65596
65600
65601
65598
65602
65599
65603
65600
65604
65601
65605
65606
65603
65607
65604
65608
65605
65609
65606
65610
65611
65608
65612
65609
65613
65610
65614
65611
65615
65616
65613
65617
65614
65618
65615
65619
65616
65620
65621
65618
65622
65619
65623
65620
65624
65621
65625
65626
65623
65627
65624
65628
65625
65629
65626
65630
65631
65628
65632
65629
65633
65630
65634
65631
65635
65636
65633
65637
65634
65638
65635
65639
65636
65640
65641
65638
65642
65639
65643
65640
65644
65641
65645
65646
65643
65647
65644
65648
65645
65649
65646
65650
65651
65648
65652
65649
65653
65650
65654
65651
65655
65656
65653
65657
65654
65658
65655
65659
65656
65660
65661
65658
65662
65659
65663
65660
65664
65661
65665
65666
65663
65667
65664
65668
65665
65669
65666
65670
65671
65668
65672
65669
65673
65670
65674
65671
65675
65676
65673
65677
65674
65678
65675
65679
65676
65680
65681
65678
65682
65679
65683
65680
65684
65681
65685
65686
65683
65687
65684
65688
65685
65689
65686
65690
65691
65688
65692
65689
65693
65690
65694
65691
65695
65696
65693
65697
65694
65698
65695
65699
65696
65700
65701
65698
65702
65699
65703
65700
65704
65701
65705
65706
65703
65707
65704
65708
65705
65709
65706
65710
65711
65708
65712
65709
65713
65710
65714
65711
65715
65716
65713
65717
65714
65718
65715
65719
65716
65720
65721
65718
65722
65719
65723
65720
65724
65721
65725
65726
65723
65727
65724
65728
65725
65729
65726
65730
65731
65728
65732
65729
65733
65730
65734
65731
65735
65736
65733
65737
65734
65738
65735
65739
65736
65740
65741
65738
65742
65739
65743
65740
65744
65741
65745
65746
65743
65747
65744
65748
65745
65749
65746
65750
65751
65748
65752
65749
65753
65750
65754
65751
65755
65756
65753
65757
65754
65758
65755
65759
65756
65760
65761
65758
65762
65759
65763
65760
65764
65761
65765
65766
65763
65767
65764
65768
65765
65769
65766
65770
65771
65768
65772
65769
65773
65770
65774
65771
65775
65776
65773
65777
65774
65778
65775
65779
65776
65780
65781
65778
65782
65779
65783
65780
65784
65781
65785
65786
65783
65787
65784
65788
65785
65789
65786
65790
65791
65788
65792
65789
65793
65790
65794
65791
65795
65796
65793
65797
65794
65798
65795
65799
65796
65800
65801
65798
65802
65799
65803
65800
65804
65801
65805
65806
65803
65807
65804
65808
65805
65809
65806
65810
65811
65808
65812
65809
65813
65810
65814
65811
65815
65816
65813
65817
65814
65818
65815
65819
65816
65820
65821
65818
65822
65819
65823
65820
65824
65821
65825
65826
65823
65827
65824
65828
65825
65829
65826
65830
65831
65828
65832
65829
65833
65830
65834
65831
65835
65836
65833
65837
65834
65838
65835
65839
65836
65840
65841
65838
65842
65839
65843
65840
65844
65841
65845
65846
65843
65847
65844
65848
65845
65849
65846
65850
65851
65848
65852
65849
65853
65850
65854
65851
65855
65856
65853
65857
65854
65858
65855
65859
65856
65860
65861
65858
65862
65859
65863
65860
65864
65861
65865
65866
65863
65867
65864
65868
65865
65869
65866
65870
65871
65868
65872
65869
65873
65870
65874
65871
65875
65876
65873
65877
65874
65878
65875
65879
65876
65880
65881
65878
65882
65879
65883
65880
65884
65881
65885
65886
65883
65887
65884
65888
65885
65889
65886
65890
65891
65888
65892
65889
65893
65890
65894
65891
65895
65896
65893
65897
65894
65898
65895
65899
65896
65900
65901
65898
65902
65899
65903
65900
65904
65901
65905
65906
65903
65907
65904
65908
65905
65909
65906
65910
65911
65908
65912
65909
65913
65910
65914
65911
65915
65916
65913
65917
65914
65918
65915
65919
65916
65920
65921
65918
65922
65919
65923
65920
65924
65921
65925
65926
65923
65927
65924
65928
65925
65929
65926
65930
65931
65928
65932
65929
65933
65930
65934
65931
65935
65936
65933
65937
65934
65938
65935
65939
65936
65940
65941
65938
65942
65939
65943
65940
65944
65941
65945
65946
65943
65947
65944
65948
65945
65949
65946
65950
65951
65948
65952
65949
65953
65950
65954
65951
65955
65956
65953
65957
65954
65958
65955
65959
65956
65960
65961
65958
65962
65959
65963
65960
65964
65961
65965
65966
65963
65967
65964
65968
65965
65969
65966
65970
65971
65968
65972
65969
65973
65970
65974
65971
65975
65976
65973
65977
65974
65978
65975
65979
65976
65980
65981
65978
65982
65979
65983
65980
65984
65981
65985
65986
65983
65987
65984
65988
65985
65989
65986
65990
65991
65988
65992
65989
65993
65990
65994
65991
65995
65996
65993
65997
65994
65998
65995
65999
65996
66000
66001
65998
66002
65999
66003
66000
66004
66001
66005
66006
66003
66007
66004
66008
66005
66009
66006
66010
66011
66008
66012
66009
66013
66010
66014
66011
66015
66016
66013
66017
66014
66018
66015
66019
66016
66020
66021
66018
66022
66019
66023
66020
66024
66021
66025
66026
66023
66027
66024
66028
66025
66029
66026
66030
66031
66028
66032
66029
66033
66030
66034
66031
66035
66036
66033
66037
66034
66038
66035
66039
66036
66040
66041
66038
66042
66039
66043
66040
66044
66041
66045
66046
66043
66047
66044
66048
66045
66049
66046
66050
66051
66048
66052
66049
66053
66050
66054
66051
66055
66056
66053
66057
66054
66058
66055
66059
66056
66060
66061
66058
66062
66059
66063
66060
66064
66061
66065
66066
66063
66067
66064
66068
66065
66069
66066
66070
66071
66068
66072
66069
66073
66070
66074
66071
66075
66076
66073
66077
66074
66078
66075
66079
66076
66080
66081
66078
66082
66079
66083
66080
66084
66081
66085
66086
66083
66087
66084
66088
66085
66089
66086
66090
66091
66088
66092
66089
66093
66090
66094
66091
66095
66096
66093
66097
66094
66098
66095
66099
66096
66100
66101
66098
66102
66099
66103
66100
66104
66101
66105
66106
66103
66107
66104
66108
66105
66109
66106
66110
66111
66108
66112
66109
66113
66110
66114
66111
66115
66116
66113
66117
66114
66118
66115
66119
66116
66120
66121
66118
66122
66119
66123
66120
66124
66121
66125
66126
66123
66127
66124
66128
66125
66129
66126
66130
66131
66128
66132
66129
66133
66130
66134
66131
66135
66136
66133
66137
66134
66138
66135
66139
66136
66140
66141
66138
66142
66139
66143
66140
66144
66141
66145
66146
66143
66147
66144
66148
66145
66149
66146
66150
66151
66148
66152
66149
66153
66150
66154
66151
66155
66156
66153
66157
66154
66158
66155
66159
66156
66160
66161
66158
66162
66159
66163
66160
66164
66161
66165
66166
66163
66167
66164
66168
66165
66169
66166
66170
66171
66168
66172
66169
66173
66170
66174
66171
66175
66176
66173
66177
66174
66178
66175
66179
66176
66180
66181
66178
66182
66179
66183
66180
66184
66181
66185
66186
66183
66187
66184
66188
66185
66189
66186
66190
66191
66188
66192
66189
66193
66190
66194
66191
66195
66196
66193
66197
66194
66198
66195
66199
66196
66200
66201
66198
66202
66199
66203
66200
66204
66201
66205
66206
66203
66207
66204
66208
66205
66209
66206
66210
66211
66208
66212
66209
66213
66210
66214
66211
66215
66216
66213
66217
66214
66218
66215
66219
66216
66220
66221
66218
66222
66219
66223
66220
66224
66221
66225
66226
66223
66227
66224
66228
66225
66229
66226
66230
66231
66228
66232
66229
66233
66230
66234
66231
66235
66236
66233
66237
66234
66238
66235
66239
66236
66240
66241
66238
66242
66239
66243
66240
66244
66241
66245
66246
66243
66247
66244
66248
66245
66249
66246
66250
66251
66248
66252
66249
66253
66250
66254
66251
66255
66256
66253
66257
66254
66258
66255
66259
66256
66260
66261
66258
66262
66259
66263
66260
66264
66261
66265
66266
66263
66267
66264
66268
66265
66269
66266
66270
66271
66268
66272
66269
66273
66270
66274
66271
66275
66276
66273
66277
66274
66278
66275
66279
66276
66280
66281
66278
66282
66279
66283
66280
66284
66281
66285
66286
66283
66287
66284
66288
66285
66289
66286
66290
66291
66288
66292
66289
66293
66290
66294
66291
66295
66296
66293
66297
66294
66298
66295
66299
66296
66300
66301
66298
66302
66299
66303
66300
66304
66301
66305
66306
66303
66307
66304
66308
66305
66309
66306
66310
66311
66308
66312
66309
66313
66310
66314
66311
66315
66316
66313
66317
66314
66318
66315
66319
66316
66320
66321
66318
66322
66319
66323
66320
66324
66321
66325
66326
66323
66327
66324
66328
66325
66329
66326
66330
66331
66328
66332
66329
66333
66330
66334
66331
66335
66336
66333
66337
66334
66338
66335
66339
66336
66340
66341
66338
66342
66339
66343
66340
66344
66341
66345
66346
66343
66347
66344
66348
66345
66349
66346
66350
66351
66348
66352
66349
66353
66350
66354
66351
66355
66356
66353
66357
66354
66358
66355
66359
66356
66360
66361
66358
66362
66359
66363
66360
66364
66361
66365
66366
66363
66367
66364
66368
66365
66369
66366
66370
66371
66368
66372
66369
66373
66370
66374
66371
66375
66376
66373
66377
66374
66378
66375
66379
66376
66380
66381
66378
66382
66379
66383
66380
66384
66381
66385
66386
66383
66387
66384
66388
66385
66389
66386
66390
66391
66388
66392
66389
66393
66390
66394
66391
66395
66396
66393
66397
66394
66398
66395
66399
66396
66400
66401
66398
66402
66399
66403
66400
66404
66401
66405
66406
66403
66407
66404
66408
66405
66409
66406
66410
66411
66408
66412
66409
66413
66410
66414
66411
66415
66416
66413
66417
66414
66418
66415
66419
66416
66420
66421
66418
66422
66419
66423
66420
66424
66421
66425
66426
66423
66427
66424
66428
66425
66429
66426
66430
66431
66428
66432
66429
66433
66430
66434
66431
66435
66436
66433
66437
66434
66438
66435
66439
66436
66440
66441
66438
66442
66439
66443
66440
66444
66441
66445
66446
66443
66447
66444
66448
66445
66449
66446
66450
66451
66448
66452
66449
66453
66450
66454
66451
66455
66456
66453
66457
66454
66458
66455
66459
66456
66460
66461
66458
66462
66459
66463
66460
66464
66461
66465
66466
66463
66467
66464
66468
66465
66469
66466
66470
66471
66468
66472
66469
66473
66470
66474
66471
66475
66476
66473
66477
66474
66478
66475
66479
66476
66480
66481
66478
66482
66479
66483
66480
66484
66481
66485
66486
66483
66487
66484
66488
66485
66489
66486
66490
66491
66488
66492
66489
66493
66490
66494
66491
66495
66496
66493
66497
66494
66498
66495
66499
66496
66500
66501
66498
66502
66499
66503
66500
66504
66501
66505
66506
66503
66507
66504
66508
66505
66509
66506
66510
66511
66508
66512
66509
66513
66510
66514
66511
66515
66516
66513
66517
66514
66518
66515
66519
66516
66520
66521
66518
66522
66519
66523
66520
66524
66521
66525
66526
66523
66527
66524
66528
66525
66529
66526
66530
66531
66528
66532
66529
66533
66530
66534
66531
66535
66536
66533
66537
66534
66538
66535
66539
66536
66540
66541
66538
66542
66539
66543
66540
66544
66541
66545
66546
66543
66547
66544
66548
66545
66549
66546
66550
66551
66548
66552
66549
66553
66550
66554
66551
66555
66556
66553
66557
66554
66558
66555
66559
66556
66560
66561
66558
66562
66559
66563
66560
66564
66561
66565
66566
66563
66567
66564
66568
66565
66569
66566
66570
66571
66568
66572
66569
66573
66570
66574
66571
66575
66576
66573
66577
66574
66578
66575
66579
66576
66580
66581
66578
66582
66579
66583
66580
66584
66581
66585
66586
66583
66587
66584
66588
66585
66589
66586
66590
66591
66588
66592
66589
66593
66590
66594
66591
66595
66596
66593
66597
66594
66598
66595
66599
66596
66600
66601
66598
66602
66599
66603
66600
66604
66601
66605
66606
66603
66607
66604
66608
66605
66609
66606
66610
66611
66608
66612
66609
66613
66610
66614
66611
66615
66616
66613
66617
66614
66618
66615
66619
66616
66620
66621
66618
66622
66619
66623
66620
66624
66621
66625
66626
66623
66627
66624
66628
66625
66629
66626
66630
66631
66628
66632
66629
66633
66630
66634
66631
66635
66636
66633
66637
66634
66638
66635
66639
66636
66640
66641
66638
66642
66639
66643
66640
66644
66641
66645
66646
66643
66647
66644
66648
66645
66649
66646
66650
66651
66648
66652
66649
66653
66650
66654
66651
66655
66656
66653
66657
66654
66658
66655
66659
66656
66660
66661
66658
66662
66659
66663
66660
66664
66661
66665
66666
66663
66667
66664
66668
66665
66669
66666
66670
66671
66668
66672
66669
66673
66670
66674
66671
66675
66676
66673
66677
66674
66678
66675
66679
66676
66680
66681
66678
66682
66679
66683
66680
66684
66681
66685
66686
66683
66687
66684
66688
66685
66689
66686
66690
66691
66688
66692
66689
66693
66690
66694
66691
66695
66696
66693
66697
66694
66698
66695
66699
66696
66700
66701
66698
66702
66699
66703
66700
66704
66701
66705
66706
66703
66707
66704
66708
66705
66709
66706
66710
66711
66708
66712
66709
66713
66710
66714
66711
66715
66716
66713
66717
66714
66718
66715
66719
66716
66720
66721
66718
66722
66719
66723
66720
66724
66721
66725
66726
66723
66727
66724
66728
66725
66729
66726
66730
66731
66728
66732
66729
66733
66730
66734
66731
66735
66736
66733
66737
66734
66738
66735
66739
66736
66740
66741
66738
66742
66739
66743
66740
66744
66741
66745
66746
66743
66747
66744
66748
66745
66749
66746
66750
66751
66748
66752
66749
66753
66750
66754
66751
66755
66756
66753
66757
66754
66758
66755
66759
66756
66760
66761
66758
66762
66759
66763
66760
66764
66761
66765
66766
66763
66767
66764
66768
66765
66769
66766
66770
66771
66768
66772
66769
66773
66770
66774
66771
66775
66776
66773
66777
66774
66778
66775
66779
66776
66780
66781
66778
66782
66779
66783
66780
66784
66781
66785
66786
66783
66787
66784
66788
66785
66789
66786
66790
66791
66788
66792
66789
66793
66790
66794
66791
66795
66796
66793
66797
66794
66798
66795
66799
66796
66800
66801
66798
66802
66799
66803
66800
66804
66801
66805
66806
66803
66807
66804
66808
66805
66809
66806
66810
66811
66808
66812
66809
66813
66810
66814
66811
66815
66816
66813
66817
66814
66818
66815
66819
66816
66820
66821
66818
66822
66819
66823
66820
66824
66821
66825
66826
66823
66827
66824
66828
66825
66829
66826
66830
66831
66828
66832
66829
66833
66830
66834
66831
66835
66836
66833
66837
66834
66838
66835
66839
66836
66840
66841
66838
66842
66839
66843
66840
66844
66841
66845
66846
66843
66847
66844
66848
66845
66849
66846
66850
66851
66848
66852
66849
66853
66850
66854
66851
66855
66856
66853
66857
66854
66858
66855
66859
66856
66860
66861
66858
66862
66859
66863
66860
66864
66861
66865
66866
66863
66867
66864
66868
66865
66869
66866
66870
66871
66868
66872
66869
66873
66870
66874
66871
66875
66876
66873
66877
66874
66878
66875
66879
66876
66880
66881
66878
66882
66879
66883
66880
66884
66881
66885
66886
66883
66887
66884
66888
66885
66889
66886
66890
66891
66888
66892
66889
66893
66890
66894
66891
66895
66896
66893
66897
66894
66898
66895
66899
66896
66900
66901
66898
66902
66899
66903
66900
66904
66901
66905
66906
66903
66907
66904
66908
66905
66909
66906
66910
66911
66908
66912
66909
66913
66910
66914
66911
66915
66916
66913
66917
66914
66918
66915
66919
66916
66920
66921
66918
66922
66919
66923
66920
66924
66921
66925
66926
66923
66927
66924
66928
66925
66929
66926
66930
66931
66928
66932
66929
66933
66930
66934
66931
66935
66936
66933
66937
66934
66938
66935
66939
66936
66940
66941
66938
66942
66939
66943
66940
66944
66941
66945
66946
66943
66947
66944
66948
66945
66949
66946
66950
66951
66948
66952
66949
66953
66950
66954
66951
66955
66956
66953
66957
66954
66958
66955
66959
66956
66960
66961
66958
66962
66959
66963
66960
66964
66961
66965
66966
66963
66967
66964
66968
66965
66969
66966
66970
66971
66968
66972
66969
66973
66970
66974
66971
66975
66976
66973
66977
66974
66978
66975
66979
66976
66980
66981
66978
66979
66980
66981
)


// ************************************************************************* //
